{
"type": "FeatureCollection",
"name": "transects",
"crs": { "type": "name", "properties": { "name": "urn:ogc:def:crs:EPSG::32631" } },
"features": [
{ "type": "Feature", "properties": { "transect_id": "cl32658s00tr00013340", "lon": 5.2871161, "lat": 53.409683, "bearing": 342.56845 }, "geometry": { "type": "LineString", "coordinates": [ [ 652320.26999991631601, 5919328.553226203657687 ], [ 651721.138018354889937, 5921236.704391250386834 ] ] } },
{ "type": "Feature", "properties": { "transect_id": "cl32658s00tr00013140", "lon": 5.2900128, "lat": 53.410164, "bearing": 342.56845 }, "geometry": { "type": "LineString", "coordinates": [ [ 652511.085085923084989, 5919388.466463284566998 ], [ 651911.953137634089217, 5921296.617638777941465 ] ] } },
{ "type": "Feature", "properties": { "transect_id": "cl32658s00tr00013440", "lon": 5.2856674, "lat": 53.409439, "bearing": 342.56845 }, "geometry": { "type": "LineString", "coordinates": [ [ 652224.862872467609122, 5919298.596738141961396 ], [ 651625.73004316072911, 5921206.747637008316815 ] ] } },
{ "type": "Feature", "properties": { "transect_id": "cl32658s00tr00012640", "lon": 5.297256, "lat": 53.411373, "bearing": 342.56845 }, "geometry": { "type": "LineString", "coordinates": [ [ 652988.123266403097659, 5919538.249702134169638 ], [ 652388.990470368415117, 5921446.400611448101699 ] ] } },
{ "type": "Feature", "properties": { "transect_id": "cl32658s00tr00013240", "lon": 5.2885642, "lat": 53.409924, "bearing": 342.56845 }, "geometry": { "type": "LineString", "coordinates": [ [ 652415.677958474378102, 5919358.509975221939385 ], [ 651816.545162439695559, 5921266.660884534008801 ] ] } },
{ "type": "Feature", "properties": { "transect_id": "cl32658s00tr00013040", "lon": 5.2914615, "lat": 53.410408, "bearing": 342.56845 }, "geometry": { "type": "LineString", "coordinates": [ [ 652606.492653880733997, 5919418.423089657910168 ], [ 652007.360672319307923, 5921326.574254704639316 ] ] } },
{ "type": "Feature", "properties": { "transect_id": "cl32658s00tr00012840", "lon": 5.2943587, "lat": 53.410889, "bearing": 342.56845 }, "geometry": { "type": "LineString", "coordinates": [ [ 652797.307756523601711, 5919478.336331962607801 ], [ 652198.175774962175637, 5921386.487497010268271 ] ] } },
{ "type": "Feature", "properties": { "transect_id": "cl32658s00tr00012740", "lon": 5.2958074, "lat": 53.411133, "bearing": 342.56845 }, "geometry": { "type": "LineString", "coordinates": [ [ 652892.715715081663802, 5919508.293080982752144 ], [ 652293.58291904698126, 5921416.44399029482156 ] ] } },
{ "type": "Feature", "properties": { "transect_id": "cl32658s00tr00012940", "lon": 5.2929101, "lat": 53.410648, "bearing": 342.56845 }, "geometry": { "type": "LineString", "coordinates": [ [ 652701.900629075011238, 5919448.379843901842833 ], [ 652102.767799767898396, 5921356.530742769129574 ] ] } },
{ "type": "Feature", "properties": { "transect_id": "cl32658s00tr00011340", "lon": 5.3161221, "lat": 53.41444, "bearing": 343.229 }, "geometry": { "type": "LineString", "coordinates": [ [ 654219.7510577281937, 5919916.660480289719999 ], [ 653642.657058296957985, 5921831.591945334337652 ] ] } },
{ "type": "Feature", "properties": { "transect_id": "cl32658s00tr00011240", "lon": 5.3175755, "lat": 53.414673, "bearing": 343.22903 }, "geometry": { "type": "LineString", "coordinates": [ [ 654315.497212105430663, 5919945.515025013126433 ], [ 653738.404066455550492, 5921860.446747357957065 ] ] } },
{ "type": "Feature", "properties": { "transect_id": "cl32658s00tr00011140", "lon": 5.3190289, "lat": 53.414902, "bearing": 343.22903 }, "geometry": { "type": "LineString", "coordinates": [ [ 654411.243793373228982, 5919974.369698387570679 ], [ 653834.150647723348811, 5921889.301420732401311 ] ] } },
{ "type": "Feature", "properties": { "transect_id": "cl32658s00tr00011540", "lon": 5.3132153, "lat": 53.413979, "bearing": 343.22903 }, "geometry": { "type": "LineString", "coordinates": [ [ 654028.257468301919289, 5919858.951004891656339 ], [ 653451.164322652039118, 5921773.882727236486971 ] ] } },
{ "type": "Feature", "properties": { "transect_id": "cl32658s00tr00011640", "lon": 5.3117619, "lat": 53.413746, "bearing": 343.229 }, "geometry": { "type": "LineString", "coordinates": [ [ 653932.511313924798742, 5919830.09646016638726 ], [ 653355.417314493563026, 5921745.027925211936235 ] ] } },
{ "type": "Feature", "properties": { "transect_id": "cl32658s00tr00011740", "lon": 5.3103085, "lat": 53.413517, "bearing": 343.22903 }, "geometry": { "type": "LineString", "coordinates": [ [ 653836.76430576632265, 5919801.241658142767847 ], [ 653259.671160116442479, 5921716.173380486667156 ] ] } },
{ "type": "Feature", "properties": { "transect_id": "cl32658s00tr00011840", "lon": 5.3088551, "lat": 53.413284, "bearing": 343.22903 }, "geometry": { "type": "LineString", "coordinates": [ [ 653741.017724498407915, 5919772.386984770186245 ], [ 653163.92457884864416, 5921687.318707114085555 ] ] } },
{ "type": "Feature", "properties": { "transect_id": "cl32658s00tr00011440", "lon": 5.3146687, "lat": 53.414211, "bearing": 343.22903 }, "geometry": { "type": "LineString", "coordinates": [ [ 654124.004049569717608, 5919887.805678263306618 ], [ 653546.910903919837438, 5921802.737400609999895 ] ] } },
{ "type": "Feature", "properties": { "transect_id": "cl32658s00tr00012240", "lon": 5.303051, "lat": 53.412338, "bearing": 342.56845 }, "geometry": { "type": "LineString", "coordinates": [ [ 653369.753471688949503, 5919658.076186741702259 ], [ 652770.620675654383376, 5921566.227096056565642 ] ] } },
{ "type": "Feature", "properties": { "transect_id": "cl32658s00tr00012140", "lon": 5.3044996, "lat": 53.412579, "bearing": 342.56845 }, "geometry": { "type": "LineString", "coordinates": [ [ 653465.161023010499775, 5919688.032807894051075 ], [ 652866.028226975817233, 5921596.183717207051814 ] ] } },
{ "type": "Feature", "properties": { "transect_id": "cl32658s00tr00012040", "lon": 5.3059487, "lat": 53.412823, "bearing": 342.56845 }, "geometry": { "type": "LineString", "coordinates": [ [ 653560.568167095305398, 5919717.989301177673042 ], [ 652961.436185533879325, 5921626.140466227196157 ] ] } },
{ "type": "Feature", "properties": { "transect_id": "cl32658s00tr00011940", "lon": 5.3074017, "lat": 53.413052, "bearing": 343.229 }, "geometry": { "type": "LineString", "coordinates": [ [ 653645.271554040140472, 5919743.532435198314488 ], [ 653068.177586771314964, 5921658.46390993706882 ] ] } },
{ "type": "Feature", "properties": { "transect_id": "cl32658s00tr00012340", "lon": 5.3016024, "lat": 53.412098, "bearing": 342.56845 }, "geometry": { "type": "LineString", "coordinates": [ [ 653274.345496494672261, 5919628.119432500563562 ], [ 652675.213548205676489, 5921536.270607993006706 ] ] } },
{ "type": "Feature", "properties": { "transect_id": "cl32658s00tr00012440", "lon": 5.3001537, "lat": 53.411858, "bearing": 342.56845 }, "geometry": { "type": "LineString", "coordinates": [ [ 653178.938385682296939, 5919598.162949660792947 ], [ 652579.805556375184096, 5921506.313848527148366 ] ] } },
{ "type": "Feature", "properties": { "transect_id": "cl32658s00tr00012540", "lon": 5.2987051, "lat": 53.411613, "bearing": 342.56845 }, "geometry": { "type": "LineString", "coordinates": [ [ 653083.530410488019697, 5919568.206195418722928 ], [ 652484.398428926593624, 5921476.357360464520752 ] ] } },
{ "type": "Feature", "properties": { "transect_id": "cl32658s00tr00016840", "lon": 5.2366891, "lat": 53.400677, "bearing": 340.08066 }, "geometry": { "type": "LineString", "coordinates": [ [ 649041.52774808765389, 5918234.618000219576061 ], [ 648360.13402670994401, 5920114.964403537102044 ] ] } },
{ "type": "Feature", "properties": { "transect_id": "cl32658s00tr00016940", "lon": 5.23526, "lat": 53.400398, "bearing": 340.08066 }, "geometry": { "type": "LineString", "coordinates": [ [ 648947.510421326034702, 5918200.548332353122532 ], [ 648266.116699948441237, 5920080.894735669717193 ] ] } },
{ "type": "Feature", "properties": { "transect_id": "cl32658s00tr00017040", "lon": 5.2338309, "lat": 53.40012, "bearing": 340.08066 }, "geometry": { "type": "LineString", "coordinates": [ [ 648853.493094564415514, 5918166.478664486669004 ], [ 648172.099373186705634, 5920046.825067802332342 ] ] } },
{ "type": "Feature", "properties": { "transect_id": "cl32658s00tr00017140", "lon": 5.2324018, "lat": 53.399837, "bearing": 340.08066 }, "geometry": { "type": "LineString", "coordinates": [ [ 648759.475767802679911, 5918132.40899661835283 ], [ 648078.082046425086446, 5920012.755399934947491 ] ] } },
{ "type": "Feature", "properties": { "transect_id": "cl32658s00tr00019740", "lon": 5.195559, "lat": 53.392048, "bearing": 336.63297 }, "geometry": { "type": "LineString", "coordinates": [ [ 646392.952798073529266, 5917212.043409871868789 ], [ 645599.712860770407133, 5919048.009205269627273 ] ] } },
{ "type": "Feature", "properties": { "transect_id": "cl32658s00tr00017540", "lon": 5.2266865, "lat": 53.39872, "bearing": 340.08069 }, "geometry": { "type": "LineString", "coordinates": [ [ 648383.406067790929228, 5917996.130182748660445 ], [ 647702.013132343883626, 5919876.476870868355036 ] ] } },
{ "type": "Feature", "properties": { "transect_id": "cl32658s00tr00017440", "lon": 5.2281151, "lat": 53.398998, "bearing": 340.08066 }, "geometry": { "type": "LineString", "coordinates": [ [ 648477.423787517938763, 5918030.199993015266955 ], [ 647796.030066140228882, 5919910.54639633372426 ] ] } },
{ "type": "Feature", "properties": { "transect_id": "cl32658s00tr00017340", "lon": 5.2295442, "lat": 53.399281, "bearing": 340.08066 }, "geometry": { "type": "LineString", "coordinates": [ [ 648571.441114279441535, 5918064.269660884514451 ], [ 647890.047392901964486, 5919944.616064201109111 ] ] } },
{ "type": "Feature", "properties": { "transect_id": "cl32658s00tr00017240", "lon": 5.2309732, "lat": 53.399559, "bearing": 340.08066 }, "geometry": { "type": "LineString", "coordinates": [ [ 648665.458441041177139, 5918098.339328750967979 ], [ 647984.064719663467258, 5919978.685732069425285 ] ] } },
{ "type": "Feature", "properties": { "transect_id": "cl32658s00tr00019640", "lon": 5.1969566, "lat": 53.39238, "bearing": 336.63297 }, "geometry": { "type": "LineString", "coordinates": [ [ 646484.75111872178968, 5917251.7053934764117 ], [ 645691.511139033013023, 5919087.671170559711754 ] ] } },
{ "type": "Feature", "properties": { "transect_id": "cl32658s00tr00019840", "lon": 5.1941614, "lat": 53.391716, "bearing": 336.63297 }, "geometry": { "type": "LineString", "coordinates": [ [ 646301.154498618096113, 5917172.381435424089432 ], [ 645507.91456131497398, 5919008.347230820916593 ] ] } },
{ "type": "Feature", "properties": { "transect_id": "cl32658s00tr00019940", "lon": 5.1927638, "lat": 53.391388, "bearing": 336.63297 }, "geometry": { "type": "LineString", "coordinates": [ [ 646209.355806753155775, 5917132.719291432760656 ], [ 645416.116654268931597, 5918968.685425915755332 ] ] } },
{ "type": "Feature", "properties": { "transect_id": "cl32658s00tr00020040", "lon": 5.1913738, "lat": 53.391045, "bearing": 327.11218 }, "geometry": { "type": "LineString", "coordinates": [ [ 646264.476124829612672, 5917170.290826535783708 ], [ 645178.484129457734525, 5918849.761393704451621 ] ] } },
{ "type": "Feature", "properties": { "transect_id": "cl32658s00tr00019540", "lon": 5.1983547, "lat": 53.392712, "bearing": 336.63297 }, "geometry": { "type": "LineString", "coordinates": [ [ 646576.549396984279156, 5917291.367358768358827 ], [ 645783.309459681157023, 5919127.333154164254665 ] ] } },
{ "type": "Feature", "properties": { "transect_id": "cl32658s00tr00019440", "lon": 5.1997523, "lat": 53.39304, "bearing": 336.63297 }, "geometry": { "type": "LineString", "coordinates": [ [ 646668.347696439712308, 5917331.029333215206861 ], [ 645875.107759136706591, 5919166.995128612965345 ] ] } },
{ "type": "Feature", "properties": { "transect_id": "cl32658s00tr00019340", "lon": 5.2011504, "lat": 53.393372, "bearing": 336.63297 }, "geometry": { "type": "LineString", "coordinates": [ [ 646760.145995895145461, 5917370.691307662986219 ], [ 645966.906058592023328, 5919206.65710305981338 ] ] } },
{ "type": "Feature", "properties": { "transect_id": "cl32658s00tr00020240", "lon": 5.1888642, "lat": 53.390064, "bearing": 318.84555 }, "geometry": { "type": "LineString", "coordinates": [ [ 646216.073217828758061, 5917142.589287145063281 ], [ 644899.890794875333086, 5918648.465719494968653 ] ] } },
{ "type": "Feature", "properties": { "transect_id": "cl32658s00tr00020140", "lon": 5.1900868, "lat": 53.390583, "bearing": 327.11218 }, "geometry": { "type": "LineString", "coordinates": [ [ 646180.502599146682769, 5917115.991222628392279 ], [ 645094.510603774804622, 5918795.461789797991514 ] ] } },
{ "type": "Feature", "properties": { "transect_id": "cl32658s00tr00017640", "lon": 5.2252574, "lat": 53.398441, "bearing": 340.08069 }, "geometry": { "type": "LineString", "coordinates": [ [ 648289.388741029426455, 5917962.060514879412949 ], [ 647607.995805582264438, 5919842.407203 ] ] } },
{ "type": "Feature", "properties": { "transect_id": "cl32658s00tr00018140", "lon": 5.2181244, "lat": 53.397022, "bearing": 338.76248 }, "geometry": { "type": "LineString", "coordinates": [ [ 647841.640449801343493, 5917797.668701819144189 ], [ 647117.170265893801115, 5919661.842232536524534 ] ] } },
{ "type": "Feature", "properties": { "transect_id": "cl32658s00tr00018340", "lon": 5.2152891, "lat": 53.396423, "bearing": 338.76251 }, "geometry": { "type": "LineString", "coordinates": [ [ 647655.222646480076946, 5917725.221585563383996 ], [ 646930.753310998203233, 5919589.39544600341469 ] ] } },
{ "type": "Feature", "properties": { "transect_id": "cl32658s00tr00018440", "lon": 5.2138715, "lat": 53.396126, "bearing": 338.76251 }, "geometry": { "type": "LineString", "coordinates": [ [ 647562.013956925831735, 5917688.998109865933657 ], [ 646837.544621444074437, 5919553.171970306895673 ] ] } },
{ "type": "Feature", "properties": { "transect_id": "cl32658s00tr00018540", "lon": 5.2124538, "lat": 53.395824, "bearing": 338.76251 }, "geometry": { "type": "LineString", "coordinates": [ [ 647468.805267371702939, 5917652.774634171277285 ], [ 646744.335931889945641, 5919516.948494610376656 ] ] } },
{ "type": "Feature", "properties": { "transect_id": "cl32658s00tr00018640", "lon": 5.2110362, "lat": 53.395527, "bearing": 338.76248 }, "geometry": { "type": "LineString", "coordinates": [ [ 647375.596982377348468, 5917616.551315695047379 ], [ 646651.12683777580969, 5919480.724861688911915 ] ] } },
{ "type": "Feature", "properties": { "transect_id": "cl32658s00tr00018740", "lon": 5.2096186, "lat": 53.395226, "bearing": 338.76251 }, "geometry": { "type": "LineString", "coordinates": [ [ 647282.387888263328932, 5917580.327682775445282 ], [ 646557.918552781688049, 5919444.501543213613331 ] ] } },
{ "type": "Feature", "properties": { "transect_id": "cl32658s00tr00019040", "lon": 5.2053661, "lat": 53.394329, "bearing": 338.76251 }, "geometry": { "type": "LineString", "coordinates": [ [ 647002.761819600709714, 5917471.657255684025586 ], [ 646278.292484119068831, 5919335.83111612405628 ] ] } },
{ "type": "Feature", "properties": { "transect_id": "cl32658s00tr00019140", "lon": 5.2039485, "lat": 53.394028, "bearing": 338.76248 }, "geometry": { "type": "LineString", "coordinates": [ [ 646909.553534606471658, 5917435.433937209658325 ], [ 646185.08339000493288, 5919299.607483202591538 ] ] } },
{ "type": "Feature", "properties": { "transect_id": "cl32658s00tr00019240", "lon": 5.202548, "lat": 53.393703, "bearing": 336.63297 }, "geometry": { "type": "LineString", "coordinates": [ [ 646851.944316543405876, 5917410.353291266597807 ], [ 646058.704336854629219, 5919246.319068350829184 ] ] } },
{ "type": "Feature", "properties": { "transect_id": "cl32658s00tr00018240", "lon": 5.2167068, "lat": 53.396725, "bearing": 338.76251 }, "geometry": { "type": "LineString", "coordinates": [ [ 647748.431336034205742, 5917761.445061261765659 ], [ 647023.962000552332029, 5919625.61892170086503 ] ] } },
{ "type": "Feature", "properties": { "transect_id": "cl32658s00tr00016740", "lon": 5.2381182, "lat": 53.400959, "bearing": 340.08066 }, "geometry": { "type": "LineString", "coordinates": [ [ 649135.545093493885361, 5918268.687674843706191 ], [ 648454.151334826950915, 5920149.034064648672938 ] ] } },
{ "type": "Feature", "properties": { "transect_id": "cl32658s00tr00020340", "lon": 5.1877027, "lat": 53.389492, "bearing": 318.84555 }, "geometry": { "type": "LineString", "coordinates": [ [ 646140.779403343563899, 5917076.780157837085426 ], [ 644824.596980390138924, 5918582.656590186990798 ] ] } },
{ "type": "Feature", "properties": { "transect_id": "cl32658s00tr00015240", "lon": 5.259676, "lat": 53.404922, "bearing": 341.85458 }, "geometry": { "type": "LineString", "coordinates": [ [ 650525.293027166393586, 5918744.78574800118804 ], [ 649902.433804413885809, 5920645.324195029214025 ] ] } },
{ "type": "Feature", "properties": { "transect_id": "cl32658s00tr00016640", "lon": 5.2395544, "lat": 53.401222, "bearing": 341.07684 }, "geometry": { "type": "LineString", "coordinates": [ [ 649213.701954254414886, 5918295.453391741961241 ], [ 648565.102855045231991, 5920187.362271289341152 ] ] } },
{ "type": "Feature", "properties": { "transect_id": "cl32658s00tr00015840", "lon": 5.2510509, "lat": 53.403339, "bearing": 341.07684 }, "geometry": { "type": "LineString", "coordinates": [ [ 649970.465547971776687, 5918554.892909209243953 ], [ 649321.866448762477376, 5920446.801788756623864 ] ] } },
{ "type": "Feature", "properties": { "transect_id": "cl32658s00tr00015740", "lon": 5.2524881, "lat": 53.403603, "bearing": 341.07684 }, "geometry": { "type": "LineString", "coordinates": [ [ 650065.060997186461464, 5918587.322848892770708 ], [ 649416.461897977162153, 5920479.231728440150619 ] ] } },
{ "type": "Feature", "properties": { "transect_id": "cl32658s00tr00015640", "lon": 5.2539253, "lat": 53.40387, "bearing": 341.07684 }, "geometry": { "type": "LineString", "coordinates": [ [ 650159.656428544665687, 5918619.752782454714179 ], [ 649511.057365048327483, 5920511.661674244329333 ] ] } },
{ "type": "Feature", "properties": { "transect_id": "cl32658s00tr00015540", "lon": 5.2553625, "lat": 53.404133, "bearing": 341.07684 }, "geometry": { "type": "LineString", "coordinates": [ [ 650254.251877759234048, 5918652.182722138240933 ], [ 649605.652814262895845, 5920544.09161392878741 ] ] } },
{ "type": "Feature", "properties": { "transect_id": "cl32658s00tr00015440", "lon": 5.2567997, "lat": 53.404396, "bearing": 341.07684 }, "geometry": { "type": "LineString", "coordinates": [ [ 650348.847344830399379, 5918684.612667943350971 ], [ 649700.248245621100068, 5920576.521547491662204 ] ] } },
{ "type": "Feature", "properties": { "transect_id": "cl32658s00tr00015340", "lon": 5.2582369, "lat": 53.404663, "bearing": 341.07684 }, "geometry": { "type": "LineString", "coordinates": [ [ 650443.442794045084156, 5918717.042607626877725 ], [ 649794.843694835784845, 5920608.951487175188959 ] ] } },
{ "type": "Feature", "properties": { "transect_id": "cl32658s00tr00016540", "lon": 5.2409916, "lat": 53.401489, "bearing": 341.07684 }, "geometry": { "type": "LineString", "coordinates": [ [ 649308.297403469216079, 5918327.883331425487995 ], [ 648659.698304259916767, 5920219.792210972867906 ] ] } },
{ "type": "Feature", "properties": { "transect_id": "cl32658s00tr00016440", "lon": 5.2424288, "lat": 53.401752, "bearing": 341.07684 }, "geometry": { "type": "LineString", "coordinates": [ [ 649402.892834827420302, 5918360.313264986500144 ], [ 648754.293771330965683, 5920252.222156777046621 ] ] } },
{ "type": "Feature", "properties": { "transect_id": "cl32658s00tr00016340", "lon": 5.2438655, "lat": 53.402016, "bearing": 341.07684 }, "geometry": { "type": "LineString", "coordinates": [ [ 649497.488284041872248, 5918392.743204671889544 ], [ 648848.88922054565046, 5920284.652096460573375 ] ] } },
{ "type": "Feature", "properties": { "transect_id": "cl32658s00tr00016240", "lon": 5.2453027, "lat": 53.402283, "bearing": 341.07684 }, "geometry": { "type": "LineString", "coordinates": [ [ 649592.083751113153994, 5918425.173150476068258 ], [ 648943.484651903854683, 5920317.082030023448169 ] ] } },
{ "type": "Feature", "properties": { "transect_id": "cl32658s00tr00016140", "lon": 5.2467399, "lat": 53.402546, "bearing": 341.07684 }, "geometry": { "type": "LineString", "coordinates": [ [ 649686.679200327838771, 5918457.603090159595013 ], [ 649038.08010111853946, 5920349.511969705112278 ] ] } },
{ "type": "Feature", "properties": { "transect_id": "cl32658s00tr00015940", "lon": 5.2496138, "lat": 53.403076, "bearing": 341.07684 }, "geometry": { "type": "LineString", "coordinates": [ [ 649875.870080900611356, 5918522.462963405065238 ], [ 649227.271017404273152, 5920414.371855194680393 ] ] } },
{ "type": "Feature", "properties": { "transect_id": "cl32658s00tr00016040", "lon": 5.2481771, "lat": 53.402809, "bearing": 341.07684 }, "geometry": { "type": "LineString", "coordinates": [ [ 649781.274631686042994, 5918490.033023720607162 ], [ 649132.675568189704791, 5920381.941915511153638 ] ] } },
{ "type": "Feature", "properties": { "transect_id": "cl32658s00tr00014440", "lon": 5.2712212, "lat": 53.406944, "bearing": 341.85458 }, "geometry": { "type": "LineString", "coordinates": [ [ 651285.5084178034449, 5918993.929401016794145 ], [ 650662.649195050820708, 5920894.46784804482013 ] ] } },
{ "type": "Feature", "properties": { "transect_id": "cl32658s00tr00014240", "lon": 5.2741079, "lat": 53.407448, "bearing": 341.85458 }, "geometry": { "type": "LineString", "coordinates": [ [ 651475.562265462824143, 5919056.215314272791147 ], [ 650852.703042710316367, 5920956.753761299885809 ] ] } },
{ "type": "Feature", "properties": { "transect_id": "cl32658s00tr00014140", "lon": 5.2755508, "lat": 53.4077, "bearing": 341.85458 }, "geometry": { "type": "LineString", "coordinates": [ [ 651570.58918929239735, 5919087.358270899392664 ], [ 650947.729966539889574, 5920987.896717927418649 ] ] } },
{ "type": "Feature", "properties": { "transect_id": "cl32658s00tr00014040", "lon": 5.2769942, "lat": 53.407951, "bearing": 341.85458 }, "geometry": { "type": "LineString", "coordinates": [ [ 651665.616113122086972, 5919118.501227525062859 ], [ 651042.756890369579196, 5921019.039674554020166 ] ] } },
{ "type": "Feature", "properties": { "transect_id": "cl32658s00tr00013940", "lon": 5.2784376, "lat": 53.408207, "bearing": 341.85458 }, "geometry": { "type": "LineString", "coordinates": [ [ 651760.643036951660179, 5919149.644184154458344 ], [ 651137.783814199152403, 5921050.182631181553006 ] ] } },
{ "type": "Feature", "properties": { "transect_id": "cl32658s00tr00013840", "lon": 5.279881, "lat": 53.408459, "bearing": 341.85458 }, "geometry": { "type": "LineString", "coordinates": [ [ 651855.669943555258214, 5919180.787135134451091 ], [ 651232.810755254933611, 5921081.325593453831971 ] ] } },
{ "type": "Feature", "properties": { "transect_id": "cl32658s00tr00013740", "lon": 5.2813244, "lat": 53.40871, "bearing": 341.85458 }, "geometry": { "type": "LineString", "coordinates": [ [ 651950.696884611039422, 5919211.930097405798733 ], [ 651327.837661858415231, 5921112.468544436618686 ] ] } },
{ "type": "Feature", "properties": { "transect_id": "cl32658s00tr00013640", "lon": 5.2827702, "lat": 53.408958, "bearing": 342.56845 }, "geometry": { "type": "LineString", "coordinates": [ [ 652034.047329315682873, 5919238.683357524685562 ], [ 651434.915381026687101, 5921146.834533018060029 ] ] } },
{ "type": "Feature", "properties": { "transect_id": "cl32658s00tr00013540", "lon": 5.2842188, "lat": 53.409199, "bearing": 342.56845 }, "geometry": { "type": "LineString", "coordinates": [ [ 652129.454880637233146, 5919268.639978675171733 ], [ 651530.322932348237373, 5921176.7911541685462 ] ] } },
{ "type": "Feature", "properties": { "transect_id": "cl32658s00tr00014340", "lon": 5.2726645, "lat": 53.407196, "bearing": 341.85458 }, "geometry": { "type": "LineString", "coordinates": [ [ 651380.535324407042935, 5919025.07235199958086 ], [ 650757.676136106718332, 5920925.610810319893062 ] ] } },
{ "type": "Feature", "properties": { "transect_id": "cl32658s00tr00015140", "lon": 5.2611189, "lat": 53.405174, "bearing": 341.85458 }, "geometry": { "type": "LineString", "coordinates": [ [ 650620.319950995966792, 5918775.928704627789557 ], [ 649997.460728243342601, 5920676.467151655815542 ] ] } },
{ "type": "Feature", "properties": { "transect_id": "cl32658s00tr00015040", "lon": 5.2625623, "lat": 53.405426, "bearing": 341.85458 }, "geometry": { "type": "LineString", "coordinates": [ [ 650715.346874825656414, 5918807.071661254391074 ], [ 650092.487652073148638, 5920707.610108282417059 ] ] } },
{ "type": "Feature", "properties": { "transect_id": "cl32658s00tr00014940", "lon": 5.2640052, "lat": 53.405682, "bearing": 341.85458 }, "geometry": { "type": "LineString", "coordinates": [ [ 650810.373798655113205, 5918838.214617881923914 ], [ 650187.514575902721845, 5920738.753064909949899 ] ] } },
{ "type": "Feature", "properties": { "transect_id": "cl32658s00tr00014840", "lon": 5.2654486, "lat": 53.405933, "bearing": 341.85458 }, "geometry": { "type": "LineString", "coordinates": [ [ 650905.400705258711241, 5918869.357568863779306 ], [ 650282.541516958503053, 5920769.896027183160186 ] ] } },
{ "type": "Feature", "properties": { "transect_id": "cl32658s00tr00014740", "lon": 5.2668915, "lat": 53.406185, "bearing": 341.85458 }, "geometry": { "type": "LineString", "coordinates": [ [ 651000.427646314492449, 5918900.500531137920916 ], [ 650377.568423561984673, 5920801.038978165015578 ] ] } },
{ "type": "Feature", "properties": { "transect_id": "cl32658s00tr00014540", "lon": 5.2697778, "lat": 53.406689, "bearing": 341.85458 }, "geometry": { "type": "LineString", "coordinates": [ [ 651190.481493973871693, 5918962.786444392055273 ], [ 650567.622271221363917, 5920863.324891418218613 ] ] } },
{ "type": "Feature", "properties": { "transect_id": "cl32658s00tr00014640", "lon": 5.2683349, "lat": 53.406437, "bearing": 341.85458 }, "geometry": { "type": "LineString", "coordinates": [ [ 651095.454570144182071, 5918931.643487763591111 ], [ 650472.595347391674295, 5920832.181934792548418 ] ] } },
{ "type": "Feature", "properties": { "transect_id": "cl32658s00tr00011040", "lon": 5.3204823, "lat": 53.415134, "bearing": 343.229 }, "geometry": { "type": "LineString", "coordinates": [ [ 654506.990801531705074, 5920003.224500412121415 ], [ 653929.896802100352943, 5921918.155965455807745 ] ] } },
{ "type": "Feature", "properties": { "transect_id": "cl32658s00tr00010940", "lon": 5.3219361, "lat": 53.415367, "bearing": 343.22903 }, "geometry": { "type": "LineString", "coordinates": [ [ 654602.736955908825621, 5920032.079045135527849 ], [ 654025.643810258829035, 5921947.010767481289804 ] ] } },
{ "type": "Feature", "properties": { "transect_id": "cl32658s00tr00058340", "lon": 5.5307493, "lat": 53.441742, "bearing": 8.7454786 }, "geometry": { "type": "LineString", "coordinates": [ [ 667933.110394870513119, 5923406.560035943984985 ], [ 668237.201178824296221, 5925383.307059495709836 ] ] } },
{ "type": "Feature", "properties": { "transect_id": "cl32658s00tr00058440", "lon": 5.5292711, "lat": 53.44191, "bearing": 8.7454786 }, "geometry": { "type": "LineString", "coordinates": [ [ 667834.273041717126034, 5923421.764562295749784 ], [ 668138.363825670792721, 5925398.511585845611989 ] ] } },
{ "type": "Feature", "properties": { "transect_id": "cl32658s00tr00058540", "lon": 5.5277882, "lat": 53.442059, "bearing": 4.9210362 }, "geometry": { "type": "LineString", "coordinates": [ [ 667801.486277197720483, 5923427.258927626535296 ], [ 667973.051727153593674, 5925419.886664154008031 ] ] } },
{ "type": "Feature", "properties": { "transect_id": "cl32658s00tr00058640", "lon": 5.5262942, "lat": 53.442169, "bearing": 4.9210629 }, "geometry": { "type": "LineString", "coordinates": [ [ 667701.854424154851586, 5923435.837251885794103 ], [ 667873.420808529714122, 5925428.464907960966229 ] ] } },
{ "type": "Feature", "properties": { "transect_id": "cl32658s00tr00058740", "lon": 5.5248003, "lat": 53.442276, "bearing": 4.9210362 }, "geometry": { "type": "LineString", "coordinates": [ [ 667602.223505531088449, 5923444.415495689958334 ], [ 667773.78895548696164, 5925437.043232217431068 ] ] } },
{ "type": "Feature", "properties": { "transect_id": "cl32658s00tr00058840", "lon": 5.5233045, "lat": 53.442371, "bearing": 2.1970844 }, "geometry": { "type": "LineString", "coordinates": [ [ 667549.945027678157203, 5923448.54986887332052 ], [ 667626.618951352662407, 5925447.079605810344219 ] ] } },
{ "type": "Feature", "properties": { "transect_id": "cl32658s00tr00058940", "lon": 5.5218034, "lat": 53.44244, "bearing": 2.1970844 }, "geometry": { "type": "LineString", "coordinates": [ [ 667450.018540853285231, 5923452.383565631695092 ], [ 667526.692464527790435, 5925450.913302569650114 ] ] } },
{ "type": "Feature", "properties": { "transect_id": "cl32658s00tr00059040", "lon": 5.5203023, "lat": 53.442505, "bearing": 2.1970844 }, "geometry": { "type": "LineString", "coordinates": [ [ 667350.092054028529674, 5923456.217262392863631 ], [ 667426.765977703034878, 5925454.746999329887331 ] ] } },
{ "type": "Feature", "properties": { "transect_id": "cl32658s00tr00059140", "lon": 5.5188017, "lat": 53.442574, "bearing": 2.1970844 }, "geometry": { "type": "LineString", "coordinates": [ [ 667250.165567203657702, 5923460.050959151238203 ], [ 667326.839490878162906, 5925458.580696089193225 ] ] } },
{ "type": "Feature", "properties": { "transect_id": "cl32658s00tr00059240", "lon": 5.5172987, "lat": 53.442616, "bearing": 0.55645573 }, "geometry": { "type": "LineString", "coordinates": [ [ 667178.806606292724609, 5923460.799881224520504 ], [ 667198.23026986932382, 5925460.70555932354182 ] ] } },
{ "type": "Feature", "properties": { "transect_id": "cl32658s00tr00059340", "lon": 5.5157952, "lat": 53.442657, "bearing": 0.55645573 }, "geometry": { "type": "LineString", "coordinates": [ [ 667078.811322244815528, 5923461.771049688570201 ], [ 667098.234985821531154, 5925461.676727785728872 ] ] } },
{ "type": "Feature", "properties": { "transect_id": "cl32658s00tr00059440", "lon": 5.5142918, "lat": 53.442696, "bearing": 0.55645573 }, "geometry": { "type": "LineString", "coordinates": [ [ 666978.816038196790032, 5923462.742218151688576 ], [ 666998.239701773505658, 5925462.647896249778569 ] ] } },
{ "type": "Feature", "properties": { "transect_id": "cl32658s00tr00059540", "lon": 5.5127883, "lat": 53.442738, "bearing": 0.55645573 }, "geometry": { "type": "LineString", "coordinates": [ [ 666878.820754148997366, 5923463.713386613875628 ], [ 666898.244417725596577, 5925463.619064711034298 ] ] } },
{ "type": "Feature", "properties": { "transect_id": "cl32658s00tr00058240", "lon": 5.5322204, "lat": 53.441555, "bearing": 14.194178 }, "geometry": { "type": "LineString", "coordinates": [ [ 667938.373353199101985, 5923408.233587096445262 ], [ 668428.791099936002865, 5925347.174131229519844 ] ] } },
{ "type": "Feature", "properties": { "transect_id": "cl32658s00tr00059640", "lon": 5.5112839, "lat": 53.442764, "bearing": 359.45148 }, "geometry": { "type": "LineString", "coordinates": [ [ 666798.110734828864224, 5923463.27043698169291 ], [ 666778.963674154365435, 5925463.178782398812473 ] ] } },
{ "type": "Feature", "properties": { "transect_id": "cl32658s00tr00059840", "lon": 5.5082746, "lat": 53.44281, "bearing": 359.45148 }, "geometry": { "type": "LineString", "coordinates": [ [ 666598.119901380734518, 5923461.355674908496439 ], [ 666578.972839591559023, 5925461.264020318165421 ] ] } },
{ "type": "Feature", "properties": { "transect_id": "cl32658s00tr00059940", "lon": 5.5067701, "lat": 53.442822, "bearing": 358.24133 }, "geometry": { "type": "LineString", "coordinates": [ [ 666519.271075912634842, 5923459.321393355727196 ], [ 666457.891327842604369, 5925458.37930310331285 ] ] } },
{ "type": "Feature", "properties": { "transect_id": "cl32658s00tr00060040", "lon": 5.5052648, "lat": 53.442825, "bearing": 358.2413 }, "geometry": { "type": "LineString", "coordinates": [ [ 666419.318646331084892, 5923456.252397984266281 ], [ 666357.937967815552838, 5925455.310279163531959 ] ] } },
{ "type": "Feature", "properties": { "transect_id": "cl32658s00tr00057540", "lon": 5.5416627, "lat": 53.438885, "bearing": 35.013092 }, "geometry": { "type": "LineString", "coordinates": [ [ 668247.411628787405789, 5923283.941607799381018 ], [ 669394.938802496064454, 5924921.983544258400798 ] ] } },
{ "type": "Feature", "properties": { "transect_id": "cl32658s00tr00060240", "lon": 5.5022554, "lat": 53.442802, "bearing": 356.32138 }, "geometry": { "type": "LineString", "coordinates": [ [ 666253.046169135021046, 5923448.251842180266976 ], [ 666124.726685976027511, 5925444.131124663166702 ] ] } },
{ "type": "Feature", "properties": { "transect_id": "cl32658s00tr00057440", "lon": 5.542841, "lat": 53.438324, "bearing": 40.291344 }, "geometry": { "type": "LineString", "coordinates": [ [ 668254.982754260883667, 5923280.979705686680973 ], [ 669548.33182667766232, 5924806.511801998130977 ] ] } },
{ "type": "Feature", "properties": { "transect_id": "cl32658s00tr00057240", "lon": 5.5450172, "lat": 53.437088, "bearing": 48.897083 }, "geometry": { "type": "LineString", "coordinates": [ [ 668297.539308486273512, 5923253.811187118291855 ], [ 669804.599184180842713, 5924568.638373889029026 ] ] } },
{ "type": "Feature", "properties": { "transect_id": "cl32658s00tr00052040", "lon": 5.479784, "lat": 53.41774, "bearing": 167.05299 }, "geometry": { "type": "LineString", "coordinates": [ [ 664569.605489385314286, 5922581.454916277900338 ], [ 665017.70482332399115, 5920632.299461492337286 ] ] } },
{ "type": "Feature", "properties": { "transect_id": "cl32658s00tr00052140", "lon": 5.4812417, "lat": 53.417957, "bearing": 158.92966 }, "geometry": { "type": "LineString", "coordinates": [ [ 664530.136936532682739, 5922567.582086011767387 ], [ 665249.164537077653222, 5920701.302549165673554 ] ] } },
{ "type": "Feature", "properties": { "transect_id": "cl32658s00tr00052240", "lon": 5.4826388, "lat": 53.418289, "bearing": 153.0415 }, "geometry": { "type": "LineString", "coordinates": [ [ 664527.850619648350403, 5922565.859799683094025 ], [ 665434.540728137129918, 5920783.189598225057125 ] ] } },
{ "type": "Feature", "properties": { "transect_id": "cl32658s00tr00052340", "lon": 5.4839621, "lat": 53.418716, "bearing": 145.59572 }, "geometry": { "type": "LineString", "coordinates": [ [ 664502.452484164969064, 5922549.931238231249154 ], [ 665632.510013773920946, 5920899.788826263509691 ] ] } },
{ "type": "Feature", "properties": { "transect_id": "cl32658s00tr00055140", "lon": 5.5210299, "lat": 53.429462, "bearing": 168.76668 }, "geometry": { "type": "LineString", "coordinates": [ [ 667293.24118124099914, 5923987.399966970086098 ], [ 667682.850666627869941, 5922025.715882083401084 ] ] } },
{ "type": "Feature", "properties": { "transect_id": "cl32658s00tr00055240", "lon": 5.5225129, "lat": 53.429615, "bearing": 167.14481 }, "geometry": { "type": "LineString", "coordinates": [ [ 667363.440106112742797, 5924001.921467867679894 ], [ 667808.415781393065117, 5922052.050536650232971 ] ] } },
{ "type": "Feature", "properties": { "transect_id": "cl32658s00tr00059740", "lon": 5.5097795, "lat": 53.442787, "bearing": 359.45145 }, "geometry": { "type": "LineString", "coordinates": [ [ 666698.115784002235159, 5923462.313060406595469 ], [ 666678.967790975701064, 5925462.221396896056831 ] ] } },
{ "type": "Feature", "properties": { "transect_id": "cl32658s00tr00055340", "lon": 5.5239906, "lat": 53.429783, "bearing": 167.14481 }, "geometry": { "type": "LineString", "coordinates": [ [ 667460.933654111926444, 5924024.170245329849422 ], [ 667905.909329392132349, 5922074.299314112402499 ] ] } },
{ "type": "Feature", "properties": { "transect_id": "cl32658s00tr00058140", "lon": 5.5336657, "lat": 53.441303, "bearing": 14.194177 }, "geometry": { "type": "LineString", "coordinates": [ [ 668035.320391195127741, 5923383.71268420945853 ], [ 668525.738110257429071, 5925322.653235343284905 ] ] } },
{ "type": "Feature", "properties": { "transect_id": "cl32658s00tr00057940", "lon": 5.5364938, "lat": 53.440697, "bearing": 20.997961 }, "geometry": { "type": "LineString", "coordinates": [ [ 668112.41888351959642, 5923358.976932712830603 ], [ 668829.088352137128823, 5925226.163284622132778 ] ] } },
{ "type": "Feature", "properties": { "transect_id": "cl32658s00tr00058040", "lon": 5.535109, "lat": 53.441048, "bearing": 20.997961 }, "geometry": { "type": "LineString", "coordinates": [ [ 668019.059565956122242, 5923394.810406227596104 ], [ 668735.729034573654644, 5925261.996758136898279 ] ] } },
{ "type": "Feature", "properties": { "transect_id": "cl32658s00tr00051640", "lon": 5.4746857, "lat": 53.416042, "bearing": 129.20908 }, "geometry": { "type": "LineString", "coordinates": [ [ 663686.611403279355727, 5922038.178806189447641 ], [ 665236.300250312429853, 5920773.874856430105865 ] ] } },
{ "type": "Feature", "properties": { "transect_id": "cl32658s00tr00051740", "lon": 5.4757524, "lat": 53.416672, "bearing": 137.87885 }, "geometry": { "type": "LineString", "coordinates": [ [ 663859.181876608170569, 5922220.507933838292956 ], [ 665200.582913851132616, 5920737.051410281099379 ] ] } },
{ "type": "Feature", "properties": { "transect_id": "cl32658s00tr00051840", "lon": 5.4769597, "lat": 53.417206, "bearing": 147.22408 }, "geometry": { "type": "LineString", "coordinates": [ [ 664066.678926336579025, 5922381.741688738577068 ], [ 665149.388819553190842, 5920700.153366011567414 ] ] } },
{ "type": "Feature", "properties": { "transect_id": "cl32658s00tr00051940", "lon": 5.4783053, "lat": 53.417603, "bearing": 160.3988 }, "geometry": { "type": "LineString", "coordinates": [ [ 664360.471588214160874, 5922530.032681504264474 ], [ 665031.414046704419889, 5920645.931777253746986 ] ] } },
{ "type": "Feature", "properties": { "transect_id": "cl32658s00tr00057640", "lon": 5.5404615, "lat": 53.439426, "bearing": 35.013092 }, "geometry": { "type": "LineString", "coordinates": [ [ 668165.509527472429909, 5923341.317960073240101 ], [ 669313.036701181088574, 5924979.359896532259881 ] ] } },
{ "type": "Feature", "properties": { "transect_id": "cl32658s00tr00057740", "lon": 5.5391765, "lat": 53.439892, "bearing": 28.117868 }, "geometry": { "type": "LineString", "coordinates": [ [ 668180.794231279054657, 5923327.125260349363089 ], [ 669123.368163990671746, 5925091.085118557326496 ] ] } },
{ "type": "Feature", "properties": { "transect_id": "cl32658s00tr00057840", "lon": 5.5378752, "lat": 53.440342, "bearing": 28.117868 }, "geometry": { "type": "LineString", "coordinates": [ [ 668092.596243052976206, 5923374.253965752199292 ], [ 669035.17017576447688, 5925138.213823959231377 ] ] } },
{ "type": "Feature", "properties": { "transect_id": "cl32658s00tr00055440", "lon": 5.5254626, "lat": 53.42997, "bearing": 165.60013 }, "geometry": { "type": "LineString", "coordinates": [ [ 667531.766506752581336, 5924041.967593688517809 ], [ 668029.142154659028165, 5922104.800211952067912 ] ] } },
{ "type": "Feature", "properties": { "transect_id": "cl32658s00tr00055640", "lon": 5.5283923, "lat": 53.430378, "bearing": 164.05777 }, "geometry": { "type": "LineString", "coordinates": [ [ 667698.797509888419881, 5924087.262720065191388 ], [ 668248.133488635299727, 5922164.184463087469339 ] ] } },
{ "type": "Feature", "properties": { "transect_id": "cl32658s00tr00055540", "lon": 5.5269322, "lat": 53.430161, "bearing": 164.05777 }, "geometry": { "type": "LineString", "coordinates": [ [ 667602.643610596773215, 5924059.795931875705719 ], [ 668151.979558597668074, 5922136.717666118405759 ] ] } },
{ "type": "Feature", "properties": { "transect_id": "cl32658s00tr00055740", "lon": 5.529851, "lat": 53.430599, "bearing": 162.81305 }, "geometry": { "type": "LineString", "coordinates": [ [ 667773.994020324316807, 5924108.989556862041354 ], [ 668364.975031370879151, 5922198.298204344697297 ] ] } },
{ "type": "Feature", "properties": { "transect_id": "cl32658s00tr00055840", "lon": 5.5313034, "lat": 53.430832, "bearing": 162.81302 }, "geometry": { "type": "LineString", "coordinates": [ [ 667869.528157385648228, 5924138.538493942469358 ], [ 668460.51001843623817, 5922227.84740433562547 ] ] } },
{ "type": "Feature", "properties": { "transect_id": "cl32658s00tr00055940", "lon": 5.5327516, "lat": 53.431076, "bearing": 161.41492 }, "geometry": { "type": "LineString", "coordinates": [ [ 667941.528000065125525, 5924161.563583473674953 ], [ 668578.953121687751263, 5922265.860754885710776 ] ] } },
{ "type": "Feature", "properties": { "transect_id": "cl32658s00tr00056040", "lon": 5.5341935, "lat": 53.431332, "bearing": 161.41492 }, "geometry": { "type": "LineString", "coordinates": [ [ 668036.31314025237225, 5924193.434843249619007 ], [ 668673.738261874881573, 5922297.73201466165483 ] ] } },
{ "type": "Feature", "properties": { "transect_id": "cl32658s00tr00056140", "lon": 5.5356269, "lat": 53.431606, "bearing": 159.63672 }, "geometry": { "type": "LineString", "coordinates": [ [ 668101.155189381213859, 5924216.8948058411479 ], [ 668797.098033504094929, 5922341.884523813612759 ] ] } },
{ "type": "Feature", "properties": { "transect_id": "cl32658s00tr00056240", "lon": 5.537055, "lat": 53.431889, "bearing": 159.63673 }, "geometry": { "type": "LineString", "coordinates": [ [ 668194.906121175619774, 5924251.692077283747494 ], [ 668890.848146743839607, 5922376.681491434574127 ] ] } },
{ "type": "Feature", "properties": { "transect_id": "cl32658s00tr00056340", "lon": 5.5384831, "lat": 53.432171, "bearing": 159.63673 }, "geometry": { "type": "LineString", "coordinates": [ [ 668288.656643692869693, 5924286.489196816459298 ], [ 668984.598669261205941, 5922411.478610966354609 ] ] } },
{ "type": "Feature", "properties": { "transect_id": "cl32658s00tr00056440", "lon": 5.5398965, "lat": 53.43248, "bearing": 156.30927 }, "geometry": { "type": "LineString", "coordinates": [ [ 668327.453405813430436, 5924302.289805486798286 ], [ 669131.052584349759854, 5922470.834547977894545 ] ] } },
{ "type": "Feature", "properties": { "transect_id": "cl32658s00tr00056540", "lon": 5.5412946, "lat": 53.432812, "bearing": 156.30927 }, "geometry": { "type": "LineString", "coordinates": [ [ 668419.026164722861722, 5924342.469773450866342 ], [ 669222.625343259307556, 5922511.0145159419626 ] ] } },
{ "type": "Feature", "properties": { "transect_id": "cl32658s00tr00056640", "lon": 5.5426865, "lat": 53.433151, "bearing": 149.63446 }, "geometry": { "type": "LineString", "coordinates": [ [ 668406.380606794613414, 5924330.725770506076515 ], [ 669417.410583412158303, 5922605.090123455040157 ] ] } },
{ "type": "Feature", "properties": { "transect_id": "cl32658s00tr00056740", "lon": 5.5440106, "lat": 53.433578, "bearing": 149.63443 }, "geometry": { "type": "LineString", "coordinates": [ [ 668492.662058521294966, 5924381.277097065933049 ], [ 669503.692677689483389, 5922655.64182647690177 ] ] } },
{ "type": "Feature", "properties": { "transect_id": "cl32658s00tr00056840", "lon": 5.5452619, "lat": 53.434067, "bearing": 134.80699 }, "geometry": { "type": "LineString", "coordinates": [ [ 668369.837126120342873, 5924280.35978614166379 ], [ 669788.806495531578548, 5922870.918077992275357 ] ] } },
{ "type": "Feature", "properties": { "transect_id": "cl32658s00tr00056940", "lon": 5.546288, "lat": 53.434708, "bearing": 104.1917 }, "geometry": { "type": "LineString", "coordinates": [ [ 668175.454793066135608, 5923894.502959561534226 ], [ 670114.416528034838848, 5923404.169001604430377 ] ] } },
{ "type": "Feature", "properties": { "transect_id": "cl32658s00tr00057040", "lon": 5.5465355, "lat": 53.435566, "bearing": 68.434654 }, "geometry": { "type": "LineString", "coordinates": [ [ 668227.955485473503359, 5923377.981031280942261 ], [ 670087.953401191742159, 5924113.105342894792557 ] ] } },
{ "type": "Feature", "properties": { "transect_id": "cl32658s00tr00057340", "lon": 5.5439534, "lat": 53.437721, "bearing": 40.291344 }, "geometry": { "type": "LineString", "coordinates": [ [ 668331.259359203628264, 5923216.312252216041088 ], [ 669624.608431620290503, 5924741.844348525628448 ] ] } },
{ "type": "Feature", "properties": { "transect_id": "cl32658s00tr00057140", "lon": 5.5459652, "lat": 53.43639, "bearing": 48.897087 }, "geometry": { "type": "LineString", "coordinates": [ [ 668363.280628940905444, 5923178.458217617124319 ], [ 669870.340562305296771, 5924493.285338284447789 ] ] } },
{ "type": "Feature", "properties": { "transect_id": "cl32658s00tr00060540", "lon": 5.4977465, "lat": 53.442669, "bearing": 354.20706 }, "geometry": { "type": "LineString", "coordinates": [ [ 665990.918485700036399, 5923426.250714749097824 ], [ 665789.051516409730539, 5925416.037066775374115 ] ] } },
{ "type": "Feature", "properties": { "transect_id": "cl32658s00tr00060640", "lon": 5.4962463, "lat": 53.4426, "bearing": 351.59012 }, "geometry": { "type": "LineString", "coordinates": [ [ 665936.880303918966092, 5923420.750876123085618 ], [ 665644.373311397968791, 5925399.245167074725032 ] ] } },
{ "type": "Feature", "properties": { "transect_id": "cl32658s00tr00060740", "lon": 5.4947505, "lat": 53.442501, "bearing": 351.59012 }, "geometry": { "type": "LineString", "coordinates": [ [ 665837.955586683936417, 5923406.125544675625861 ], [ 665545.448594162939116, 5925384.619835628196597 ] ] } },
{ "type": "Feature", "properties": { "transect_id": "cl32658s00tr00060840", "lon": 5.4932551, "lat": 53.442402, "bearing": 351.59015 }, "geometry": { "type": "LineString", "coordinates": [ [ 665739.030413747997954, 5923391.500145856291056 ], [ 665446.524332628585398, 5925369.994571550749242 ] ] } },
{ "type": "Feature", "properties": { "transect_id": "cl32658s00tr00060940", "lon": 5.4917655, "lat": 53.442272, "bearing": 349.57614 }, "geometry": { "type": "LineString", "coordinates": [ [ 665675.289392325677909, 5923379.56130603980273 ], [ 665313.432409676839598, 5925346.553813423961401 ] ] } },
{ "type": "Feature", "properties": { "transect_id": "cl32658s00tr00061140", "lon": 5.488791, "lat": 53.441998, "bearing": 347.67593 }, "geometry": { "type": "LineString", "coordinates": [ [ 665511.366250547464006, 5923348.602927584201097 ], [ 665084.485250620753504, 5925302.515057620592415 ] ] } },
{ "type": "Feature", "properties": { "transect_id": "cl32658s00tr00061240", "lon": 5.4873104, "lat": 53.441837, "bearing": 347.67596 }, "geometry": { "type": "LineString", "coordinates": [ [ 665413.67019504122436, 5923327.258801347576082 ], [ 664986.790084009058774, 5925281.171125584281981 ] ] } },
{ "type": "Feature", "properties": { "transect_id": "cl32658s00tr00061340", "lon": 5.4858298, "lat": 53.441677, "bearing": 347.67593 }, "geometry": { "type": "LineString", "coordinates": [ [ 665315.97502842952963, 5923305.914869310334325 ], [ 664889.094028502819128, 5925259.82699934579432 ] ] } },
{ "type": "Feature", "properties": { "transect_id": "cl32658s00tr00061440", "lon": 5.4843535, "lat": 53.441502, "bearing": 346.43976 }, "geometry": { "type": "LineString", "coordinates": [ [ 665239.634799691149965, 5923287.973764331080019 ], [ 664770.699895485071465, 5925232.221705213189125 ] ] } },
{ "type": "Feature", "properties": { "transect_id": "cl32658s00tr00061540", "lon": 5.4828792, "lat": 53.441322, "bearing": 346.43976 }, "geometry": { "type": "LineString", "coordinates": [ [ 665142.422406266094185, 5923264.527004115283489 ], [ 664673.487502059899271, 5925208.77494499925524 ] ] } },
{ "type": "Feature", "properties": { "transect_id": "cl32658s00tr00061040", "lon": 5.4902768, "lat": 53.442142, "bearing": 349.57614 }, "geometry": { "type": "LineString", "coordinates": [ [ 665576.939761475776322, 5923361.468486700206995 ], [ 665215.082778826821595, 5925328.460994085296988 ] ] } },
{ "type": "Feature", "properties": { "transect_id": "cl32655s00tr00049837", "lon": 5.6624103, "lat": 53.471188, "bearing": 342.38412 }, "geometry": { "type": "LineString", "coordinates": [ [ 677008.218211617670022, 5927035.177339976653457 ], [ 676402.949812751845457, 5928941.390907584689558 ] ] } },
{ "type": "Feature", "properties": { "transect_id": "cl32655s00tr00049937", "lon": 5.6609669, "lat": 53.470932, "bearing": 339.14838 }, "geometry": { "type": "LineString", "coordinates": [ [ 676966.808715649880469, 5927021.835244481451809 ], [ 676254.910350796533749, 5928890.845869952812791 ] ] } },
{ "type": "Feature", "properties": { "transect_id": "cl32658s00tr00049840", "lon": 5.4744954, "lat": 53.407597, "bearing": 152.7037 }, "geometry": { "type": "LineString", "coordinates": [ [ 664022.814627644256689, 5921355.107098462991416 ], [ 664939.998717359616421, 5919577.813272002153099 ] ] } },
{ "type": "Feature", "properties": { "transect_id": "cl32658s00tr00049940", "lon": 5.4758415, "lat": 53.407997, "bearing": 150.64766 }, "geometry": { "type": "LineString", "coordinates": [ [ 664079.120704678003676, 5921385.744404964148998 ], [ 665059.478299542097375, 5919642.500593503937125 ] ] } },
{ "type": "Feature", "properties": { "transect_id": "cl32658s00tr00050040", "lon": 5.4771566, "lat": 53.408432, "bearing": 148.26907 }, "geometry": { "type": "LineString", "coordinates": [ [ 664129.104306703316979, 5921416.085434129461646 ], [ 665180.966036677244119, 5919715.030790381133556 ] ] } },
{ "type": "Feature", "properties": { "transect_id": "cl32658s00tr00050140", "lon": 5.4783607, "lat": 53.408966, "bearing": 135.464 }, "geometry": { "type": "LineString", "coordinates": [ [ 664031.614014656399377, 5921340.573516567237675 ], [ 665434.328552724327892, 5919914.953677799552679 ] ] } },
{ "type": "Feature", "properties": { "transect_id": "cl32658s00tr00050240", "lon": 5.4779062, "lat": 53.409653, "bearing": 32.865108 }, "geometry": { "type": "LineString", "coordinates": [ [ 664157.45861831959337, 5919863.15575946867466 ], [ 665242.784723452874459, 5921543.05672247800976 ] ] } },
{ "type": "Feature", "properties": { "transect_id": "cl32658s00tr00050340", "lon": 5.4765959, "lat": 53.410091, "bearing": 23.688133 }, "geometry": { "type": "LineString", "coordinates": [ [ 664209.595375526696444, 5919833.062531122937799 ], [ 665013.111597371986136, 5921664.554185821674764 ] ] } },
{ "type": "Feature", "properties": { "transect_id": "cl32658s00tr00060140", "lon": 5.5037599, "lat": 53.442829, "bearing": 356.32138 }, "geometry": { "type": "LineString", "coordinates": [ [ 666352.840134769910946, 5923454.667792838998139 ], [ 666224.520651611033827, 5925450.547075319103897 ] ] } },
{ "type": "Feature", "properties": { "transect_id": "cl32658s00tr00050540", "lon": 5.4737802, "lat": 53.410717, "bearing": 15.298256 }, "geometry": { "type": "LineString", "coordinates": [ [ 664157.970537818153389, 5919847.374082232825458 ], [ 664685.657916633179411, 5921776.504982466809452 ] ] } },
{ "type": "Feature", "properties": { "transect_id": "cl32658s00tr00050740", "lon": 5.4709115, "lat": 53.411259, "bearing": 17.979916 }, "geometry": { "type": "LineString", "coordinates": [ [ 663920.433898185379803, 5919914.159821052104235 ], [ 664537.801059533376247, 5921816.489389788359404 ] ] } },
{ "type": "Feature", "properties": { "transect_id": "cl32658s00tr00050840", "lon": 5.4695101, "lat": 53.411583, "bearing": 23.660431 }, "geometry": { "type": "LineString", "coordinates": [ [ 663733.430268397089094, 5919982.211005413904786 ], [ 664536.060871226713061, 5921814.090945638716221 ] ] } },
{ "type": "Feature", "properties": { "transect_id": "cl32658s00tr00050940", "lon": 5.4682002, "lat": 53.412018, "bearing": 33.939396 }, "geometry": { "type": "LineString", "coordinates": [ [ 663487.685511306161061, 5920113.837449427694082 ], [ 664604.31693322386127, 5921773.094592725858092 ] ] } },
{ "type": "Feature", "properties": { "transect_id": "cl32658s00tr00051040", "lon": 5.4676709, "lat": 53.412754, "bearing": 103.04755 }, "geometry": { "type": "LineString", "coordinates": [ [ 663033.83624162315391, 5921249.797761274501681 ], [ 664982.202306470600888, 5920798.278462294489145 ] ] } },
{ "type": "Feature", "properties": { "transect_id": "cl32658s00tr00051140", "lon": 5.4688907, "lat": 53.41325, "bearing": 152.94208 }, "geometry": { "type": "LineString", "coordinates": [ [ 663632.252756866742857, 5921972.796235464513302 ], [ 664542.03486639179755, 5920191.702045595273376 ] ] } },
{ "type": "Feature", "properties": { "transect_id": "cl32658s00tr00051240", "lon": 5.4702387, "lat": 53.413647, "bearing": 148.0705 }, "geometry": { "type": "LineString", "coordinates": [ [ 663646.323803147650324, 5921978.149964457377791 ], [ 664704.07447636348661, 5920280.7509208265692 ] ] } },
{ "type": "Feature", "properties": { "transect_id": "cl32658s00tr00051340", "lon": 5.4714775, "lat": 53.414154, "bearing": 140.62061 }, "geometry": { "type": "LineString", "coordinates": [ [ 663621.089661737321876, 5921961.793522677384317 ], [ 664889.99459950637538, 5920415.869766825810075 ] ] } },
{ "type": "Feature", "properties": { "transect_id": "cl32658s00tr00051440", "lon": 5.4726286, "lat": 53.414734, "bearing": 134.67345 }, "geometry": { "type": "LineString", "coordinates": [ [ 663618.704727217322215, 5921958.758113453164697 ], [ 665040.955452236928977, 5920552.627651805058122 ] ] } },
{ "type": "Feature", "properties": { "transect_id": "cl32658s00tr00051540", "lon": 5.4736981, "lat": 53.415363, "bearing": 131.86295 }, "geometry": { "type": "LineString", "coordinates": [ [ 663653.691780562978238, 5921995.758289570920169 ], [ 665143.178220294881612, 5920661.056020952761173 ] ] } },
{ "type": "Feature", "properties": { "transect_id": "cl32658s00tr00050440", "lon": 5.4752083, "lat": 53.410439, "bearing": 17.234938 }, "geometry": { "type": "LineString", "coordinates": [ [ 664221.528612349648029, 5919828.909410555846989 ], [ 664814.109623923315667, 5921739.105145219713449 ] ] } },
{ "type": "Feature", "properties": { "transect_id": "cl32658s00tr00050640", "lon": 5.4723411, "lat": 53.41098, "bearing": 14.855045 }, "geometry": { "type": "LineString", "coordinates": [ [ 664068.813971012132242, 5919871.118178809992969 ], [ 664581.562944112229161, 5921804.273239995352924 ] ] } },
{ "type": "Feature", "properties": { "transect_id": "cl32658s00tr00060340", "lon": 5.500751, "lat": 53.442776, "bearing": 356.32141 }, "geometry": { "type": "LineString", "coordinates": [ [ 666153.251739755389281, 5923441.8358617099002 ], [ 666024.933184085297398, 5925437.715203822590411 ] ] } },
{ "type": "Feature", "properties": { "transect_id": "cl32658s00tr00060440", "lon": 5.4992485, "lat": 53.44273, "bearing": 354.20706 }, "geometry": { "type": "LineString", "coordinates": [ [ 666090.407802159199491, 5923436.344074472784996 ], [ 665888.540832868777215, 5925426.130426498129964 ] ] } },
{ "type": "Feature", "properties": { "transect_id": "cl32408s01tr00024848", "lon": 5.6571436, "lat": 53.321438, "bearing": 340.77313 }, "geometry": { "type": "LineString", "coordinates": [ [ 677305.86450220469851, 5910376.770169894210994 ], [ 676647.245269905426539, 5912265.214160817675292 ] ] } },
{ "type": "Feature", "properties": { "transect_id": "cl32408s01tr00024648", "lon": 5.6600122, "lat": 53.321964, "bearing": 340.77313 }, "geometry": { "type": "LineString", "coordinates": [ [ 677494.708910935092717, 5910442.632123696617782 ], [ 676836.089642437524162, 5912331.076101993210614 ] ] } },
{ "type": "Feature", "properties": { "transect_id": "cl32408s01tr00024548", "lon": 5.6614513, "lat": 53.32222, "bearing": 342.13293 }, "geometry": { "type": "LineString", "coordinates": [ [ 677566.97758466959931, 5910466.980524331331253 ], [ 676953.358898047124967, 5912370.52251426037401 ] ] } },
{ "type": "Feature", "properties": { "transect_id": "cl32408s01tr00024448", "lon": 5.6628957, "lat": 53.322464, "bearing": 342.13293 }, "geometry": { "type": "LineString", "coordinates": [ [ 677662.155112375388853, 5910497.661633051000535 ], [ 677048.535548102809116, 5912401.203340065665543 ] ] } },
{ "type": "Feature", "properties": { "transect_id": "cl32408s01tr00024348", "lon": 5.66434, "lat": 53.322708, "bearing": 342.13293 }, "geometry": { "type": "LineString", "coordinates": [ [ 677757.332201256067492, 5910528.342600313946605 ], [ 677143.71263698360417, 5912431.884307328611612 ] ] } },
{ "type": "Feature", "properties": { "transect_id": "cl32408s01tr00024248", "lon": 5.6657848, "lat": 53.322952, "bearing": 342.13293 }, "geometry": { "type": "LineString", "coordinates": [ [ 677852.509273139527068, 5910559.023562097921968 ], [ 677238.889742861734703, 5912462.565280070528388 ] ] } },
{ "type": "Feature", "properties": { "transect_id": "cl32408s01tr00024048", "lon": 5.6686559, "lat": 53.323475, "bearing": 340.53131 }, "geometry": { "type": "LineString", "coordinates": [ [ 678067.988230327377096, 5910633.348832637071609 ], [ 677401.405265790526755, 5912518.996506882831454 ] ] } },
{ "type": "Feature", "properties": { "transect_id": "cl32408s01tr00024148", "lon": 5.667223, "lat": 53.323208, "bearing": 340.53131 }, "geometry": { "type": "LineString", "coordinates": [ [ 677973.70582588808611, 5910600.019684835337102 ], [ 677307.122897932655178, 5912485.667372014373541 ] ] } },
{ "type": "Feature", "properties": { "transect_id": "cl32408s01tr00025148", "lon": 5.6528835, "lat": 53.320568, "bearing": 338.3956 }, "geometry": { "type": "LineString", "coordinates": [ [ 677064.681384051567875, 5910283.861564001999795 ], [ 676328.28936028201133, 5912143.357944027520716 ] ] } },
{ "type": "Feature", "properties": { "transect_id": "cl32408s01tr00025248", "lon": 5.6514778, "lat": 53.320251, "bearing": 335.18375 }, "geometry": { "type": "LineString", "coordinates": [ [ 677023.898522842209786, 5910267.549161597155035 ], [ 676184.479738050373271, 5912082.866242369636893 ] ] } },
{ "type": "Feature", "properties": { "transect_id": "cl32408s01tr00025448", "lon": 5.6487088, "lat": 53.319561, "bearing": 335.18375 }, "geometry": { "type": "LineString", "coordinates": [ [ 676842.367240292602219, 5910183.607428119517863 ], [ 676002.947643887717277, 5911998.924133595079184 ] ] } },
{ "type": "Feature", "properties": { "transect_id": "cl32408s01tr00023948", "lon": 5.6700883, "lat": 53.323742, "bearing": 340.53131 }, "geometry": { "type": "LineString", "coordinates": [ [ 678162.270598185248673, 5910666.677967506460845 ], [ 677495.687670229934156, 5912552.325654683634639 ] ] } },
{ "type": "Feature", "properties": { "transect_id": "cl32408s01tr00023848", "lon": 5.6715212, "lat": 53.324009, "bearing": 340.53131 }, "geometry": { "type": "LineString", "coordinates": [ [ 678256.55298433394637, 5910700.007108841091394 ], [ 677589.970056378631853, 5912585.654796018265188 ] ] } },
{ "type": "Feature", "properties": { "transect_id": "cl32408s01tr00023748", "lon": 5.6729536, "lat": 53.32428, "bearing": 340.53131 }, "geometry": { "type": "LineString", "coordinates": [ [ 678350.83538877335377, 5910733.336256640963256 ], [ 677684.252424236387014, 5912618.983930887654424 ] ] } },
{ "type": "Feature", "properties": { "transect_id": "cl32408s01tr00023648", "lon": 5.6743808, "lat": 53.324554, "bearing": 337.86014 }, "geometry": { "type": "LineString", "coordinates": [ [ 678488.291971341706812, 5910784.282853065989912 ], [ 677734.554843897698447, 5912636.816346071660519 ] ] } },
{ "type": "Feature", "properties": { "transect_id": "cl32408s01tr00023548", "lon": 5.6757913, "lat": 53.324863, "bearing": 337.86014 }, "geometry": { "type": "LineString", "coordinates": [ [ 678580.919017714913934, 5910821.969882111996412 ], [ 677827.1811318625696, 5912674.503066547214985 ] ] } },
{ "type": "Feature", "properties": { "transect_id": "cl32408s01tr00023448", "lon": 5.6772017, "lat": 53.325169, "bearing": 337.86014 }, "geometry": { "type": "LineString", "coordinates": [ [ 678673.545684884069487, 5910859.656756870448589 ], [ 677919.807799031608738, 5912712.189941306598485 ] ] } },
{ "type": "Feature", "properties": { "transect_id": "cl32408s01tr00023348", "lon": 5.6786122, "lat": 53.325478, "bearing": 337.86014 }, "geometry": { "type": "LineString", "coordinates": [ [ 678766.171972848940641, 5910897.343477345071733 ], [ 678012.434845404932275, 5912749.87697035074234 ] ] } },
{ "type": "Feature", "properties": { "transect_id": "cl32408s01tr00023248", "lon": 5.6800222, "lat": 53.325783, "bearing": 337.86014 }, "geometry": { "type": "LineString", "coordinates": [ [ 678858.79903954139445, 5910935.030514657497406 ], [ 678105.061113050673157, 5912787.563682558014989 ] ] } },
{ "type": "Feature", "properties": { "transect_id": "cl32408s01tr00024748", "lon": 5.6585779, "lat": 53.321701, "bearing": 340.7731 }, "geometry": { "type": "LineString", "coordinates": [ [ 677400.287112683057785, 5910409.701288434676826 ], [ 676741.667050058487803, 5912298.14498976804316 ] ] } },
{ "type": "Feature", "properties": { "transect_id": "cl32408s01tr00024948", "lon": 5.6557131, "lat": 53.321167, "bearing": 338.3956 }, "geometry": { "type": "LineString", "coordinates": [ [ 677250.631051216856577, 5910357.500750947743654 ], [ 676514.238987594842911, 5912216.997115191072226 ] ] } },
{ "type": "Feature", "properties": { "transect_id": "cl32408s01tr00025048", "lon": 5.6542983, "lat": 53.320866, "bearing": 338.39563 }, "geometry": { "type": "LineString", "coordinates": [ [ 677157.655825064750388, 5910320.681002012453973 ], [ 676421.264566507888958, 5912180.177685073576868 ] ] } },
{ "type": "Feature", "properties": { "transect_id": "cl32408s01tr00025348", "lon": 5.6500936, "lat": 53.319908, "bearing": 335.18375 }, "geometry": { "type": "LineString", "coordinates": [ [ 676933.132678664173, 5910225.578201035037637 ], [ 676093.713893872336484, 5912040.895281806588173 ] ] } },
{ "type": "Feature", "properties": { "transect_id": "cl32658s00tr00025440", "lon": 5.1522369, "lat": 53.349815, "bearing": 233.13963 }, "geometry": { "type": "LineString", "coordinates": [ [ 644057.740882785059512, 5913944.68812049087137 ], [ 642457.541415587533265, 5912744.95412281434983 ] ] } },
{ "type": "Feature", "properties": { "transect_id": "cl32658s00tr00021440", "lon": 5.1770353, "lat": 53.381992, "bearing": 297.66876 }, "geometry": { "type": "LineString", "coordinates": [ [ 645684.515588608337566, 5916509.591909476555884 ], [ 643913.221682951319963, 5917438.310327396728098 ] ] } },
{ "type": "Feature", "properties": { "transect_id": "cl32658s00tr00021540", "lon": 5.1763458, "lat": 53.381199, "bearing": 284.19397 }, "geometry": { "type": "LineString", "coordinates": [ [ 645725.167727324529551, 5916638.932554640807211 ], [ 643786.225459406268783, 5917129.343486084602773 ] ] } },
{ "type": "Feature", "properties": { "transect_id": "cl32658s00tr00021640", "lon": 5.1759329, "lat": 53.380333, "bearing": 284.19397 }, "geometry": { "type": "LineString", "coordinates": [ [ 645700.647201382787898, 5916541.98549423366785 ], [ 643761.70490579016041, 5917032.396316261962056 ] ] } },
{ "type": "Feature", "properties": { "transect_id": "cl32658s00tr00021740", "lon": 5.1755972, "lat": 53.379459, "bearing": 290.00873 }, "geometry": { "type": "LineString", "coordinates": [ [ 645651.471325032413006, 5916347.100419449619949 ], [ 643772.190357474144548, 5917031.427128682844341 ] ] } },
{ "type": "Feature", "properties": { "transect_id": "cl32658s00tr00021840", "lon": 5.1750402, "lat": 53.378624, "bearing": 290.00873 }, "geometry": { "type": "LineString", "coordinates": [ [ 645617.255073080770671, 5916253.13656843546778 ], [ 643737.973959058406763, 5916937.462875455617905 ] ] } },
{ "type": "Feature", "properties": { "transect_id": "cl32658s00tr00021940", "lon": 5.1744089, "lat": 53.377811, "bearing": 293.99863 }, "geometry": { "type": "LineString", "coordinates": [ [ 645551.940445724409074, 5916096.646582156419754 ], [ 643724.830093077383935, 5916910.076209873892367 ] ] } },
{ "type": "Feature", "properties": { "transect_id": "cl32658s00tr00022040", "lon": 5.1737542, "lat": 53.377003, "bearing": 296.81729 }, "geometry": { "type": "LineString", "coordinates": [ [ 645490.03530544473324, 5915960.919760352000594 ], [ 643705.13598449039273, 5916863.21373354177922 ] ] } },
{ "type": "Feature", "properties": { "transect_id": "cl32658s00tr00022140", "lon": 5.1730356, "lat": 53.376213, "bearing": 296.81729 }, "geometry": { "type": "LineString", "coordinates": [ [ 645444.920608536805958, 5915871.674793417565525 ], [ 643660.021287582581863, 5916773.968766609206796 ] ] } },
{ "type": "Feature", "properties": { "transect_id": "cl32658s00tr00022340", "lon": 5.1715555, "lat": 53.374649, "bearing": 298.75943 }, "geometry": { "type": "LineString", "coordinates": [ [ 645335.955340836197138, 5915664.74481097701937 ], [ 643582.660205016494729, 5916627.01097307074815 ] ] } },
{ "type": "Feature", "properties": { "transect_id": "cl32658s00tr00022940", "lon": 5.1666875, "lat": 53.370113, "bearing": 304.69839 }, "geometry": { "type": "LineString", "coordinates": [ [ 644973.011046152794734, 5915062.20569964684546 ], [ 643328.691105574602261, 5916200.718735592439771 ] ] } },
{ "type": "Feature", "properties": { "transect_id": "cl32658s00tr00022440", "lon": 5.1707926, "lat": 53.373875, "bearing": 298.75943 }, "geometry": { "type": "LineString", "coordinates": [ [ 645287.842148580704816, 5915577.080246175639331 ], [ 643534.546797170070931, 5916539.346015451475978 ] ] } },
{ "type": "Feature", "properties": { "transect_id": "cl32658s00tr00022540", "lon": 5.170001, "lat": 53.373112, "bearing": 300.54379 }, "geometry": { "type": "LineString", "coordinates": [ [ 645222.349412469891831, 5915463.474588922224939 ], [ 643499.867468181066215, 5916479.86818964779377 ] ] } },
{ "type": "Feature", "properties": { "transect_id": "cl32658s00tr00022640", "lon": 5.1691985, "lat": 53.372349, "bearing": 300.54379 }, "geometry": { "type": "LineString", "coordinates": [ [ 645171.529731076792814, 5915377.350492506287992 ], [ 643449.047786787967198, 5916393.744093232788146 ] ] } },
{ "type": "Feature", "properties": { "transect_id": "cl32658s00tr00022740", "lon": 5.1683793, "lat": 53.371597, "bearing": 302.42255 }, "geometry": { "type": "LineString", "coordinates": [ [ 645102.464912498719059, 5915263.950808923691511 ], [ 643414.230884755612351, 5916336.268797007389367 ] ] } },
{ "type": "Feature", "properties": { "transect_id": "cl32658s00tr00022840", "lon": 5.1675353, "lat": 53.370853, "bearing": 302.42255 }, "geometry": { "type": "LineString", "coordinates": [ [ 645048.848867676802911, 5915179.538904125802219 ], [ 643360.615107657737099, 5916251.857313711196184 ] ] } },
{ "type": "Feature", "properties": { "transect_id": "cl32658s00tr00025040", "lon": 5.1526756, "lat": 53.353287, "bearing": 289.34128 }, "geometry": { "type": "LineString", "coordinates": [ [ 644218.735507076373324, 5913400.753913310356438 ], [ 642331.610493313055485, 5914063.142909617163241 ] ] } },
{ "type": "Feature", "properties": { "transect_id": "cl32658s00tr00025240", "lon": 5.1518307, "lat": 53.35157, "bearing": 270.49335 }, "geometry": { "type": "LineString", "coordinates": [ [ 644224.67975083203055, 5913530.443872626870871 ], [ 642224.75389566202648, 5913547.665191468782723 ] ] } },
{ "type": "Feature", "properties": { "transect_id": "cl32658s00tr00025340", "lon": 5.1517963, "lat": 53.350674, "bearing": 251.82732 }, "geometry": { "type": "LineString", "coordinates": [ [ 644175.558393131708726, 5913751.186123504303396 ], [ 642275.316635445924476, 5913127.422336203977466 ] ] } },
{ "type": "Feature", "properties": { "transect_id": "cl32658s00tr00022240", "lon": 5.1723175, "lat": 53.375423, "bearing": 296.81729 }, "geometry": { "type": "LineString", "coordinates": [ [ 645399.805911628878675, 5915782.4298264849931 ], [ 643614.906590674654581, 5916684.723799674771726 ] ] } },
{ "type": "Feature", "properties": { "transect_id": "cl32658s00tr00023040", "lon": 5.1657953, "lat": 53.369389, "bearing": 304.69839 }, "geometry": { "type": "LineString", "coordinates": [ [ 644916.085397236747667, 5914979.989700624719262 ], [ 643271.765456658555195, 5916118.502736571244895 ] ] } },
{ "type": "Feature", "properties": { "transect_id": "cl32658s00tr00023140", "lon": 5.1649027, "lat": 53.368668, "bearing": 304.69839 }, "geometry": { "type": "LineString", "coordinates": [ [ 644859.15974832046777, 5914897.773701600730419 ], [ 643214.839807742275298, 5916036.286737545393407 ] ] } },
{ "type": "Feature", "properties": { "transect_id": "cl32658s00tr00023240", "lon": 5.1640363, "lat": 53.367931, "bearing": 303.31952 }, "geometry": { "type": "LineString", "coordinates": [ [ 644817.461059158667922, 5914834.314380051568151 ], [ 643146.220773403998464, 5915932.929830184206367 ] ] } },
{ "type": "Feature", "properties": { "transect_id": "cl32658s00tr00025140", "lon": 5.1521878, "lat": 53.35244, "bearing": 283.80331 }, "geometry": { "type": "LineString", "coordinates": [ [ 644216.703079286613502, 5913397.952447480522096 ], [ 642274.462065171916038, 5913875.131494684144855 ] ] } },
{ "type": "Feature", "properties": { "transect_id": "cl32658s00tr00023340", "lon": 5.1632094, "lat": 53.367184, "bearing": 299.49207 }, "geometry": { "type": "LineString", "coordinates": [ [ 644799.776092416839674, 5914806.265924093313515 ], [ 643058.928464197437279, 5915790.872208515182137 ] ] } },
{ "type": "Feature", "properties": { "transect_id": "cl32658s00tr00023440", "lon": 5.1624308, "lat": 53.366413, "bearing": 299.4921 }, "geometry": { "type": "LineString", "coordinates": [ [ 644750.545634510461241, 5914719.223302368074656 ], [ 643009.698281893972307, 5915703.8300740737468 ] ] } },
{ "type": "Feature", "properties": { "transect_id": "cl32658s00tr00023540", "lon": 5.1617007, "lat": 53.365627, "bearing": 296.40475 }, "geometry": { "type": "LineString", "coordinates": [ [ 644729.891203818609938, 5914678.010963732376695 ], [ 642938.541405613883398, 5915567.429819203913212 ] ] } },
{ "type": "Feature", "properties": { "transect_id": "cl32658s00tr00023740", "lon": 5.160315, "lat": 53.364033, "bearing": 294.41888 }, "geometry": { "type": "LineString", "coordinates": [ [ 644657.959320270572789, 5914529.165441486053169 ], [ 642836.864360496285371, 5915355.974456606432796 ] ] } },
{ "type": "Feature", "properties": { "transect_id": "cl32658s00tr00023840", "lon": 5.1596532, "lat": 53.363228, "bearing": 294.41888 }, "geometry": { "type": "LineString", "coordinates": [ [ 644616.618864238262177, 5914438.110695891082287 ], [ 642795.523904463974759, 5915264.919711013324559 ] ] } },
{ "type": "Feature", "properties": { "transect_id": "cl32658s00tr00023940", "lon": 5.1590061, "lat": 53.362415, "bearing": 292.7525 }, "geometry": { "type": "LineString", "coordinates": [ [ 644587.954854088136926, 5914373.255342776887119 ], [ 642743.586613044375554, 5915146.757631997577846 ] ] } },
{ "type": "Feature", "properties": { "transect_id": "cl32658s00tr00024040", "lon": 5.1583838, "lat": 53.361599, "bearing": 292.75247 }, "geometry": { "type": "LineString", "coordinates": [ [ 644549.279816030757502, 5914281.037093973718584 ], [ 642704.911435683257878, 5915054.539051033556461 ] ] } },
{ "type": "Feature", "properties": { "transect_id": "cl32658s00tr00024140", "lon": 5.1577611, "lat": 53.360779, "bearing": 292.7525 }, "geometry": { "type": "LineString", "coordinates": [ [ 644510.604638669756241, 5914188.818513008765876 ], [ 642666.236397625994869, 5914962.320802230387926 ] ] } },
{ "type": "Feature", "properties": { "transect_id": "cl32658s00tr00024240", "lon": 5.1571665, "lat": 53.359955, "bearing": 291.29721 }, "geometry": { "type": "LineString", "coordinates": [ [ 644483.355656320112757, 5914119.376190139912069 ], [ 642619.937856023199856, 5914845.787989008240402 ] ] } },
{ "type": "Feature", "properties": { "transect_id": "cl32658s00tr00024340", "lon": 5.156579, "lat": 53.359127, "bearing": 291.29721 }, "geometry": { "type": "LineString", "coordinates": [ [ 644447.035057195927948, 5914026.205303706228733 ], [ 642583.617256898898631, 5914752.617102573625743 ] ] } },
{ "type": "Feature", "properties": { "transect_id": "cl32658s00tr00024440", "lon": 5.1559916, "lat": 53.358299, "bearing": 291.29721 }, "geometry": { "type": "LineString", "coordinates": [ [ 644410.714396642288193, 5913933.034259689040482 ], [ 642547.296719203935936, 5914659.44637371879071 ] ] } },
{ "type": "Feature", "properties": { "transect_id": "cl32658s00tr00024540", "lon": 5.1554265, "lat": 53.357468, "bearing": 290.30164 }, "geometry": { "type": "LineString", "coordinates": [ [ 644382.105341163813137, 5913855.521542999893427 ], [ 642506.347264336887747, 5914549.446349601261318 ] ] } },
{ "type": "Feature", "properties": { "transect_id": "cl32658s00tr00024640", "lon": 5.1548634, "lat": 53.356636, "bearing": 290.30164 }, "geometry": { "type": "LineString", "coordinates": [ [ 644347.409120867494494, 5913761.733689954504371 ], [ 642471.651006157742813, 5914455.658394156955183 ] ] } },
{ "type": "Feature", "properties": { "transect_id": "cl32658s00tr00024740", "lon": 5.1542997, "lat": 53.355801, "bearing": 290.30164 }, "geometry": { "type": "LineString", "coordinates": [ [ 644312.712881629820913, 5913667.945785710588098 ], [ 642436.954766920069233, 5914361.870489912107587 ] ] } },
{ "type": "Feature", "properties": { "transect_id": "cl32658s00tr00024840", "lon": 5.1537552, "lat": 53.354965, "bearing": 289.34128 }, "geometry": { "type": "LineString", "coordinates": [ [ 644284.974396364879794, 5913589.466418316587806 ], [ 642397.849382601445541, 5914251.855414623394608 ] ] } },
{ "type": "Feature", "properties": { "transect_id": "cl32658s00tr00024940", "lon": 5.1532154, "lat": 53.354126, "bearing": 289.34128 }, "geometry": { "type": "LineString", "coordinates": [ [ 644251.854969910578802, 5913495.110217636451125 ], [ 642364.729919767240062, 5914157.499110298231244 ] ] } },
{ "type": "Feature", "properties": { "transect_id": "cl32658s00tr00023640", "lon": 5.1609921, "lat": 53.364838, "bearing": 296.40475 }, "geometry": { "type": "LineString", "coordinates": [ [ 644685.420265148859471, 5914588.443471781909466 ], [ 642894.070466944016516, 5915477.862327256239951 ] ] } },
{ "type": "Feature", "properties": { "transect_id": "cl32658s00tr00020440", "lon": 5.1865792, "lat": 53.388897, "bearing": 314.02356 }, "geometry": { "type": "LineString", "coordinates": [ [ 646129.090176602941938, 5917066.177743803709745 ], [ 644690.981968822423369, 5918456.085935993120074 ] ] } },
{ "type": "Feature", "properties": { "transect_id": "cl32658s00tr00020540", "lon": 5.1855021, "lat": 53.388271, "bearing": 314.02356 }, "geometry": { "type": "LineString", "coordinates": [ [ 646059.59479475650005, 5916994.272364789620042 ], [ 644621.486528801848181, 5918384.180496789515018 ] ] } },
{ "type": "Feature", "properties": { "transect_id": "cl32658s00tr00020640", "lon": 5.1844292, "lat": 53.387642, "bearing": 310.62579 }, "geometry": { "type": "LineString", "coordinates": [ [ 646030.333623996004462, 5916965.922882217913866 ], [ 644512.376861474011093, 5918268.154531010426581 ] ] } },
{ "type": "Feature", "properties": { "transect_id": "cl32658s00tr00020740", "lon": 5.1834159, "lat": 53.386978, "bearing": 310.62579 }, "geometry": { "type": "LineString", "coordinates": [ [ 645965.221831079921685, 5916890.024825173430145 ], [ 644447.2654633942293, 5918192.256934207864106 ] ] } },
{ "type": "Feature", "properties": { "transect_id": "cl32658s00tr00020840", "lon": 5.1824031, "lat": 53.386314, "bearing": 310.62579 }, "geometry": { "type": "LineString", "coordinates": [ [ 645900.110432999907061, 5916814.12722837086767 ], [ 644382.153670478262939, 5918116.358877162449062 ] ] } },
{ "type": "Feature", "properties": { "transect_id": "cl32658s00tr00020940", "lon": 5.1814241, "lat": 53.385632, "bearing": 307.49811 }, "geometry": { "type": "LineString", "coordinates": [ [ 645871.736126645817421, 5916778.709083159454167 ], [ 644284.989256897009909, 5917996.179563845507801 ] ] } },
{ "type": "Feature", "properties": { "transect_id": "cl32658s00tr00021040", "lon": 5.1804729, "lat": 53.384933, "bearing": 307.49814 }, "geometry": { "type": "LineString", "coordinates": [ [ 645810.862410130212083, 5916699.371530067175627 ], [ 644224.115885491017252, 5917916.842460540123284 ] ] } },
{ "type": "Feature", "properties": { "transect_id": "cl32658s00tr00018940", "lon": 5.2067838, "lat": 53.394627, "bearing": 338.76251 }, "geometry": { "type": "LineString", "coordinates": [ [ 647095.970509154954925, 5917507.880731380544603 ], [ 646371.501173673197627, 5919372.054591820575297 ] ] } },
{ "type": "Feature", "properties": { "transect_id": "cl32658s00tr00018840", "lon": 5.2082009, "lat": 53.394928, "bearing": 338.76251 }, "geometry": { "type": "LineString", "coordinates": [ [ 647189.179198709083721, 5917544.10420707706362 ], [ 646464.709863227442838, 5919408.278067517094314 ] ] } },
{ "type": "Feature", "properties": { "transect_id": "cl32658s00tr00017740", "lon": 5.2238283, "lat": 53.398163, "bearing": 340.08069 }, "geometry": { "type": "LineString", "coordinates": [ [ 648195.371414267690852, 5917927.990847012959421 ], [ 647513.978478820528835, 5919808.337535132654011 ] ] } },
{ "type": "Feature", "properties": { "transect_id": "cl32658s00tr00017840", "lon": 5.2223997, "lat": 53.397881, "bearing": 340.08069 }, "geometry": { "type": "LineString", "coordinates": [ [ 648101.354068861342967, 5917893.921172387897968 ], [ 647419.961170703638345, 5919774.267874022014439 ] ] } },
{ "type": "Feature", "properties": { "transect_id": "cl32658s00tr00017940", "lon": 5.2209706, "lat": 53.397602, "bearing": 340.08069 }, "geometry": { "type": "LineString", "coordinates": [ [ 648007.336742099607363, 5917859.85150452144444 ], [ 647325.943843942019157, 5919740.198206153698266 ] ] } },
{ "type": "Feature", "properties": { "transect_id": "cl32658s00tr00018040", "lon": 5.219542, "lat": 53.397324, "bearing": 340.08069 }, "geometry": { "type": "LineString", "coordinates": [ [ 647913.319415338104591, 5917825.781836652196944 ], [ 647231.926517180399969, 5919706.128538286313415 ] ] } },
{ "type": "Feature", "properties": { "transect_id": "cl32658s00tr00021140", "lon": 5.1795297, "lat": 53.384235, "bearing": 303.69055 }, "geometry": { "type": "LineString", "coordinates": [ [ 645789.183775519253686, 5916673.688526016660035 ], [ 644125.092446394381113, 5917783.10280766710639 ] ] } },
{ "type": "Feature", "properties": { "transect_id": "cl32658s00tr00021240", "lon": 5.178658, "lat": 53.383503, "bearing": 303.69055 }, "geometry": { "type": "LineString", "coordinates": [ [ 645733.713075659703463, 5916590.484008285216987 ], [ 644069.621692804154009, 5917699.898209341801703 ] ] } },
{ "type": "Feature", "properties": { "transect_id": "cl32658s00tr00021340", "lon": 5.1777868, "lat": 53.382771, "bearing": 303.69055 }, "geometry": { "type": "LineString", "coordinates": [ [ 645678.242322069592774, 5916507.279409960843623 ], [ 644014.150992944603786, 5917616.693691611289978 ] ] } },
{ "type": "Feature", "properties": { "transect_id": "cl32655s00tr00001937", "lon": 5.6336384, "lat": 53.462025, "bearing": 324.0596 }, "geometry": { "type": "LineString", "coordinates": [ [ 675420.955756234703586, 5926088.888060252182186 ], [ 674247.068641218589619, 5927708.14376618526876 ] ] } },
{ "type": "Feature", "properties": { "transect_id": "cl32655s00tr00002037", "lon": 5.6324196, "lat": 53.461498, "bearing": 321.25565 }, "geometry": { "type": "LineString", "coordinates": [ [ 675381.144582754117437, 5926056.927990204654634 ], [ 674129.451619045459665, 5927616.820526440627873 ] ] } },
{ "type": "Feature", "properties": { "transect_id": "cl32655s00tr00002137", "lon": 5.6312113, "lat": 53.46096, "bearing": 321.25565 }, "geometry": { "type": "LineString", "coordinates": [ [ 675303.149927649996243, 5925994.34331907145679 ], [ 674051.457020766800269, 5927554.23590090405196 ] ] } },
{ "type": "Feature", "properties": { "transect_id": "cl32655s00tr00002237", "lon": 5.630003, "lat": 53.460426, "bearing": 321.25565 }, "geometry": { "type": "LineString", "coordinates": [ [ 675225.155300958547741, 5925931.758670733310282 ], [ 673973.462394075584598, 5927491.651252567768097 ] ] } },
{ "type": "Feature", "properties": { "transect_id": "cl32655s00tr00002337", "lon": 5.6287951, "lat": 53.459888, "bearing": 321.25565 }, "geometry": { "type": "LineString", "coordinates": [ [ 675147.160674267215654, 5925869.174022397957742 ], [ 673895.467767384136096, 5927429.066604231484234 ] ] } },
{ "type": "Feature", "properties": { "transect_id": "cl32655s00tr00002437", "lon": 5.6275868, "lat": 53.459354, "bearing": 321.25565 }, "geometry": { "type": "LineString", "coordinates": [ [ 675069.166047575767152, 5925806.589374063536525 ], [ 673817.473140692571178, 5927366.481955897063017 ] ] } },
{ "type": "Feature", "properties": { "transect_id": "cl32655s00tr00001837", "lon": 5.6348891, "lat": 53.462524, "bearing": 324.0596 }, "geometry": { "type": "LineString", "coordinates": [ [ 675501.91828146961052, 5926147.582190606743097 ], [ 674328.031721611623652, 5927766.838299004361033 ] ] } },
{ "type": "Feature", "properties": { "transect_id": "cl32655s00tr00002537", "lon": 5.6264129, "lat": 53.458794, "bearing": 318.01776 }, "geometry": { "type": "LineString", "coordinates": [ [ 675036.603146944777109, 5925777.801096124574542 ], [ 673698.802703954279423, 5927264.505496714264154 ] ] } },
{ "type": "Feature", "properties": { "transect_id": "cl32655s00tr00002737", "lon": 5.6241021, "lat": 53.457642, "bearing": 318.01773 }, "geometry": { "type": "LineString", "coordinates": [ [ 674887.932962343795225, 5925644.021227217279375 ], [ 673550.132062615244649, 5927130.725216814316809 ] ] } },
{ "type": "Feature", "properties": { "transect_id": "cl32655s00tr00002837", "lon": 5.6229467, "lat": 53.457062, "bearing": 318.01776 }, "geometry": { "type": "LineString", "coordinates": [ [ 674813.597527489531785, 5925577.130984519608319 ], [ 673475.797084499150515, 5927063.835385109297931 ] ] } },
{ "type": "Feature", "properties": { "transect_id": "cl32655s00tr00002937", "lon": 5.6218009, "lat": 53.456482, "bearing": 312.96298 }, "geometry": { "type": "LineString", "coordinates": [ [ 674802.832294846652076, 5925571.379706633277237 ], [ 673339.243987786583602, 5926934.431161067448556 ] ] } },
{ "type": "Feature", "properties": { "transect_id": "cl32655s00tr00003037", "lon": 5.6207352, "lat": 53.455845, "bearing": 312.96298 }, "geometry": { "type": "LineString", "coordinates": [ [ 674734.67972635186743, 5925498.200287343002856 ], [ 673271.091419291798957, 5926861.251741777174175 ] ] } },
{ "type": "Feature", "properties": { "transect_id": "cl32655s00tr00003137", "lon": 5.6196694, "lat": 53.455212, "bearing": 312.96298 }, "geometry": { "type": "LineString", "coordinates": [ [ 674666.527157856966369, 5925425.020868054591119 ], [ 673202.938850797014311, 5926788.072322487831116 ] ] } },
{ "type": "Feature", "properties": { "transect_id": "cl32655s00tr00003237", "lon": 5.6186037, "lat": 53.454578, "bearing": 312.96298 }, "geometry": { "type": "LineString", "coordinates": [ [ 674598.374618392554112, 5925351.841479936614633 ], [ 673134.786253272090107, 5926714.892872028052807 ] ] } },
{ "type": "Feature", "properties": { "transect_id": "cl32655s00tr00002637", "lon": 5.6252575, "lat": 53.458218, "bearing": 318.01773 }, "geometry": { "type": "LineString", "coordinates": [ [ 674962.26819777127821, 5925710.911290463060141 ], [ 673624.467240157653578, 5927197.615227973088622 ] ] } },
{ "type": "Feature", "properties": { "transect_id": "cl32655s00tr00001737", "lon": 5.6361399, "lat": 53.463024, "bearing": 324.0596 }, "geometry": { "type": "LineString", "coordinates": [ [ 675582.881084283464588, 5926206.276522195897996 ], [ 674408.994524425594136, 5927825.532630593515933 ] ] } },
{ "type": "Feature", "properties": { "transect_id": "cl32655s00tr00001537", "lon": 5.6386418, "lat": 53.464027, "bearing": 324.0596 }, "geometry": { "type": "LineString", "coordinates": [ [ 675744.806662250775844, 5926323.665165316313505 ], [ 674570.920157714048401, 5927942.921313819475472 ] ] } },
{ "type": "Feature", "properties": { "transect_id": "cl32655s00tr00003337", "lon": 5.6176367, "lat": 53.453896, "bearing": 302.29935 }, "geometry": { "type": "LineString", "coordinates": [ [ 674650.461082206806168, 5925420.629433257505298 ], [ 672959.925039185793139, 5926489.31455397605896 ] ] } },
{ "type": "Feature", "properties": { "transect_id": "cl32655s00tr00003437", "lon": 5.6167865, "lat": 53.453152, "bearing": 302.29935 }, "geometry": { "type": "LineString", "coordinates": [ [ 674597.026835238444619, 5925336.102625373750925 ], [ 672906.49079221743159, 5926404.787746091373265 ] ] } },
{ "type": "Feature", "properties": { "transect_id": "cl32655s00tr00003537", "lon": 5.6159358, "lat": 53.452412, "bearing": 302.29932 }, "geometry": { "type": "LineString", "coordinates": [ [ 674543.592721226625144, 5925251.5760278115049 ], [ 672853.056412292644382, 5926320.260727887041867 ] ] } },
{ "type": "Feature", "properties": { "transect_id": "cl32655s00tr00003637", "lon": 5.6154666, "lat": 53.451557, "bearing": 285.70657 }, "geometry": { "type": "LineString", "coordinates": [ [ 674633.323209112742916, 5925419.204733463004231 ], [ 672708.001736900303513, 5925960.62622235994786 ] ] } },
{ "type": "Feature", "properties": { "transect_id": "cl32655s00tr00000237", "lon": 5.6557217, "lat": 53.4697, "bearing": 334.7919 }, "geometry": { "type": "LineString", "coordinates": [ [ 676693.804163731751032, 5926901.653613697737455 ], [ 675841.989474192145281, 5928711.187181965447962 ] ] } },
{ "type": "Feature", "properties": { "transect_id": "cl32655s00tr00000337", "lon": 5.654336, "lat": 53.469349, "bearing": 334.79187 }, "geometry": { "type": "LineString", "coordinates": [ [ 676603.327875610790215, 5926859.063039329834282 ], [ 675751.512423687847331, 5928668.596248716115952 ] ] } },
{ "type": "Feature", "properties": { "transect_id": "cl32655s00tr00000437", "lon": 5.6529641, "lat": 53.468979, "bearing": 329.97818 }, "geometry": { "type": "LineString", "coordinates": [ [ 676588.217251735273749, 5926853.599390041083097 ], [ 675587.557722348952666, 5928585.269250682555139 ] ] } },
{ "type": "Feature", "properties": { "transect_id": "cl32655s00tr00000537", "lon": 5.6516333, "lat": 53.468559, "bearing": 329.97818 }, "geometry": { "type": "LineString", "coordinates": [ [ 676501.633730879286304, 5926803.566403515636921 ], [ 675500.974251924431883, 5928535.236293296329677 ] ] } },
{ "type": "Feature", "properties": { "transect_id": "cl32655s00tr00000637", "lon": 5.6503019, "lat": 53.46814, "bearing": 329.97818 }, "geometry": { "type": "LineString", "coordinates": [ [ 676415.050235239206813, 5926753.533431560732424 ], [ 675414.390756284235977, 5928485.203321340493858 ] ] } },
{ "type": "Feature", "properties": { "transect_id": "cl32655s00tr00000737", "lon": 5.6489711, "lat": 53.46772, "bearing": 329.97818 }, "geometry": { "type": "LineString", "coordinates": [ [ 676328.466739599010907, 5926703.500459603965282 ], [ 675327.80726064404007, 5928435.170349384658039 ] ] } },
{ "type": "Feature", "properties": { "transect_id": "cl32655s00tr00000837", "lon": 5.6476402, "lat": 53.467297, "bearing": 329.97818 }, "geometry": { "type": "LineString", "coordinates": [ [ 676241.883269174490124, 5926653.467502218671143 ], [ 675241.223739788169041, 5928385.13736285828054 ] ] } },
{ "type": "Feature", "properties": { "transect_id": "cl32655s00tr00000937", "lon": 5.6463261, "lat": 53.466862, "bearing": 326.6387 }, "geometry": { "type": "LineString", "coordinates": [ [ 676206.058505258988589, 5926632.151808186434209 ], [ 675106.225298755569384, 5928302.590947415679693 ] ] } },
{ "type": "Feature", "properties": { "transect_id": "cl32655s00tr00001037", "lon": 5.6450386, "lat": 53.466393, "bearing": 326.6387 }, "geometry": { "type": "LineString", "coordinates": [ [ 676122.53654120687861, 5926577.160158631391823 ], [ 675022.703334703459404, 5928247.599297860637307 ] ] } },
{ "type": "Feature", "properties": { "transect_id": "cl32655s00tr00001137", "lon": 5.6437511, "lat": 53.465927, "bearing": 326.6387 }, "geometry": { "type": "LineString", "coordinates": [ [ 676039.014577154768631, 5926522.16850907355547 ], [ 674939.181370651349425, 5928192.607648304663599 ] ] } },
{ "type": "Feature", "properties": { "transect_id": "cl32655s00tr00001237", "lon": 5.6424637, "lat": 53.465462, "bearing": 326.6387 }, "geometry": { "type": "LineString", "coordinates": [ [ 675955.492613102658652, 5926467.176859518513083 ], [ 674855.659406599239446, 5928137.615998747758567 ] ] } },
{ "type": "Feature", "properties": { "transect_id": "cl32655s00tr00000137", "lon": 5.6571069, "lat": 53.470051, "bearing": 334.79187 }, "geometry": { "type": "LineString", "coordinates": [ [ 676784.281236666021869, 5926944.244557510130107 ], [ 675932.465739883016795, 5928753.777745774947107 ] ] } },
{ "type": "Feature", "properties": { "transect_id": "cl32655s00tr00000037", "lon": 5.6584926, "lat": 53.470406, "bearing": 334.7919 }, "geometry": { "type": "LineString", "coordinates": [ [ 676874.757524786982685, 5926986.835131877101958 ], [ 676022.942790387198329, 5928796.368679027073085 ] ] } },
{ "type": "Feature", "properties": { "transect_id": "cl32655s00tr00001637", "lon": 5.6373911, "lat": 53.463528, "bearing": 324.0596 }, "geometry": { "type": "LineString", "coordinates": [ [ 675663.84385943680536, 5926264.970833729021251 ], [ 674489.957354900077917, 5927884.226982234045863 ] ] } },
{ "type": "Feature", "properties": { "transect_id": "cl32655s00tr00001437", "lon": 5.6398926, "lat": 53.464527, "bearing": 324.0596 }, "geometry": { "type": "LineString", "coordinates": [ [ 675825.769465064862743, 5926382.359496903605759 ], [ 674651.882960528018884, 5928001.615645406767726 ] ] } },
{ "type": "Feature", "properties": { "transect_id": "cl32655s00tr00001337", "lon": 5.6411762, "lat": 53.464996, "bearing": 326.6387 }, "geometry": { "type": "LineString", "coordinates": [ [ 675871.970649050548673, 5926412.185209963470697 ], [ 674772.137442547129467, 5928082.624349192716181 ] ] } },
{ "type": "Feature", "properties": { "transect_id": "cl32662s00tr00002442", "lon": 5.0214229, "lat": 53.296299, "bearing": 325.17825 }, "geometry": { "type": "LineString", "coordinates": [ [ 635290.955519726267084, 5906316.77627014555037 ], [ 634148.905540963169187, 5907958.641625769436359 ] ] } },
{ "type": "Feature", "properties": { "transect_id": "cl32662s00tr00001342", "lon": 5.0352526, "lat": 53.301685, "bearing": 328.01987 }, "geometry": { "type": "LineString", "coordinates": [ [ 636154.089803428039886, 5906914.8029197268188 ], [ 635094.839711109059863, 5908611.266665852628648 ] ] } },
{ "type": "Feature", "properties": { "transect_id": "cl32662s00tr00001442", "lon": 5.033958, "lat": 53.301231, "bearing": 328.01987 }, "geometry": { "type": "LineString", "coordinates": [ [ 636069.266959843924269, 5906861.84061040263623 ], [ 635010.016197441262193, 5908558.30393813829869 ] ] } },
{ "type": "Feature", "properties": { "transect_id": "cl32662s00tr00001542", "lon": 5.0326643, "lat": 53.300777, "bearing": 325.89218 }, "geometry": { "type": "LineString", "coordinates": [ [ 636015.633237717673182, 5906829.029615309089422 ], [ 634894.128992377314717, 5908484.997075038962066 ] ] } },
{ "type": "Feature", "properties": { "transect_id": "cl32662s00tr00001642", "lon": 5.0313988, "lat": 53.300293, "bearing": 325.89218 }, "geometry": { "type": "LineString", "coordinates": [ [ 635932.834865205921233, 5906772.954402341507375 ], [ 634811.330619865562767, 5908428.921862069517374 ] ] } },
{ "type": "Feature", "properties": { "transect_id": "cl32662s00tr00001742", "lon": 5.0301332, "lat": 53.299812, "bearing": 325.89218 }, "geometry": { "type": "LineString", "coordinates": [ [ 635850.036492694169283, 5906716.879189372994006 ], [ 634728.532247353810817, 5908372.846649101935327 ] ] } },
{ "type": "Feature", "properties": { "transect_id": "cl32662s00tr00001842", "lon": 5.0288692, "lat": 53.299328, "bearing": 324.08121 }, "geometry": { "type": "LineString", "coordinates": [ [ 635793.213928989134729, 5906678.809818156063557 ], [ 634619.938148107845336, 5908298.508537671528757 ] ] } },
{ "type": "Feature", "properties": { "transect_id": "cl32662s00tr00001942", "lon": 5.0276299, "lat": 53.29882, "bearing": 324.08121 }, "geometry": { "type": "LineString", "coordinates": [ [ 635712.229284156113863, 5906620.146211827173829 ], [ 634538.95294776908122, 5908239.84452894423157 ] ] } },
{ "type": "Feature", "properties": { "transect_id": "cl32662s00tr00002042", "lon": 5.0263906, "lat": 53.298313, "bearing": 324.08121 }, "geometry": { "type": "LineString", "coordinates": [ [ 635631.244083817349747, 5906561.48220309894532 ], [ 634457.968302936060354, 5908181.180922613479197 ] ] } },
{ "type": "Feature", "properties": { "transect_id": "cl32662s00tr00002142", "lon": 5.0251513, "lat": 53.297806, "bearing": 324.08121 }, "geometry": { "type": "LineString", "coordinates": [ [ 635550.259438984328881, 5906502.818596769124269 ], [ 634376.983102597179823, 5908122.516913888044655 ] ] } },
{ "type": "Feature", "properties": { "transect_id": "cl32662s00tr00002242", "lon": 5.0239139, "lat": 53.297298, "bearing": 323.88907 }, "geometry": { "type": "LineString", "coordinates": [ [ 635472.139483781531453, 5906445.916802606545389 ], [ 634293.438214263995178, 5908061.6715232366696 ] ] } },
{ "type": "Feature", "properties": { "transect_id": "cl32662s00tr00002342", "lon": 5.0226712, "lat": 53.296795, "bearing": 324.69012 }, "geometry": { "type": "LineString", "coordinates": [ [ 635379.542426162399352, 5906379.457007268443704 ], [ 634223.545678276219405, 5908011.532838497310877 ] ] } },
{ "type": "Feature", "properties": { "transect_id": "cl32662s00tr00002542", "lon": 5.0201674, "lat": 53.295807, "bearing": 325.17828 }, "geometry": { "type": "LineString", "coordinates": [ [ 635208.861924418364652, 5906259.673572614789009 ], [ 634066.812573301838711, 5907901.539364822208881 ] ] } },
{ "type": "Feature", "properties": { "transect_id": "cl32662s00tr00003842", "lon": 5.0037022, "lat": 53.289547, "bearing": 325.94858 }, "geometry": { "type": "LineString", "coordinates": [ [ 634120.060667717829347, 5905525.128046369180083 ], [ 633000.187229459523223, 5907182.198799923993647 ] ] } },
{ "type": "Feature", "properties": { "transect_id": "cl32662s00tr00002642", "lon": 5.0189114, "lat": 53.295315, "bearing": 325.5224 }, "geometry": { "type": "LineString", "coordinates": [ [ 635121.749097752501257, 5906199.270295953378081 ], [ 633989.581328971544281, 5907847.965581119991839 ] ] } },
{ "type": "Feature", "properties": { "transect_id": "cl32663s00tr00003859", "lon": 5.1441603, "lat": 53.290081, "bearing": 145.55006 }, "geometry": { "type": "LineString", "coordinates": [ [ 642353.915247784694657, 5907509.392628547735512 ], [ 643485.287096113665029, 5905860.151063218712807 ] ] } },
{ "type": "Feature", "properties": { "transect_id": "cl32663s00tr00005659", "lon": 5.1554608, "lat": 53.298321, "bearing": 17.90798 }, "geometry": { "type": "LineString", "coordinates": [ [ 643337.587919782032259, 5906672.380985548719764 ], [ 643952.566244563320652, 5908575.484151444397867 ] ] } },
{ "type": "Feature", "properties": { "transect_id": "cl32663s00tr00005559", "lon": 5.1568508, "lat": 53.297989, "bearing": 24.384468 }, "geometry": { "type": "LineString", "coordinates": [ [ 643325.987592293648049, 5906678.801931155845523 ], [ 644151.702705500181764, 5908500.393145402893424 ] ] } },
{ "type": "Feature", "properties": { "transect_id": "cl32663s00tr00005459", "lon": 5.1581392, "lat": 53.297531, "bearing": 32.306976 }, "geometry": { "type": "LineString", "coordinates": [ [ 643291.751973622478545, 5906696.224145097658038 ], [ 644360.662533606402576, 5908386.617653947323561 ] ] } },
{ "type": "Feature", "properties": { "transect_id": "cl32663s00tr00005259", "lon": 5.1600528, "lat": 53.296169, "bearing": 69.091431 }, "geometry": { "type": "LineString", "coordinates": [ [ 643024.151062973891385, 5907036.960588095709682 ], [ 644892.453234466374852, 5907750.716145691461861 ] ] } },
{ "type": "Feature", "properties": { "transect_id": "cl32663s00tr00003959", "lon": 5.1454434, "lat": 53.290546, "bearing": 148.79082 }, "geometry": { "type": "LineString", "coordinates": [ [ 642485.421627573552541, 5907594.261777895502746 ], [ 643521.749950285535306, 5905883.699412021785975 ] ] } },
{ "type": "Feature", "properties": { "transect_id": "cl32663s00tr00004059", "lon": 5.1467657, "lat": 53.29097, "bearing": 152.05536 }, "geometry": { "type": "LineString", "coordinates": [ [ 642621.666222815169021, 5907672.135376162827015 ], [ 643558.902644593850709, 5905905.333777312189341 ] ] } },
{ "type": "Feature", "properties": { "transect_id": "cl32663s00tr00004159", "lon": 5.1481218, "lat": 53.291351, "bearing": 154.82919 }, "geometry": { "type": "LineString", "coordinates": [ [ 642754.059406518586911, 5907739.133417023345828 ], [ 643604.695965615916066, 5905929.04572734516114 ] ] } },
{ "type": "Feature", "properties": { "transect_id": "cl32663s00tr00004259", "lon": 5.1495085, "lat": 53.291695, "bearing": 158.57318 }, "geometry": { "type": "LineString", "coordinates": [ [ 642905.336605495307595, 5907805.724759583361447 ], [ 643635.961933746235445, 5905943.95500214304775 ] ] } },
{ "type": "Feature", "properties": { "transect_id": "cl32663s00tr00004359", "lon": 5.1509295, "lat": 53.291981, "bearing": 162.21417 }, "geometry": { "type": "LineString", "coordinates": [ [ 643058.926999141694978, 5907861.753946469165385 ], [ 643669.846657624701038, 5905957.344019252806902 ] ] } },
{ "type": "Feature", "properties": { "transect_id": "cl32663s00tr00004459", "lon": 5.1523829, "lat": 53.292198, "bearing": 167.55347 }, "geometry": { "type": "LineString", "coordinates": [ [ 643244.991638795821927, 5907913.213141090236604 ], [ 643676.048705686582252, 5905960.218055307865143 ] ] } },
{ "type": "Feature", "properties": { "transect_id": "cl32663s00tr00004559", "lon": 5.1538553, "lat": 53.29237, "bearing": 167.07315 }, "geometry": { "type": "LineString", "coordinates": [ [ 643334.363453450729139, 5907933.367075089365244 ], [ 643781.777321961591952, 5905984.054162736982107 ] ] } },
{ "type": "Feature", "properties": { "transect_id": "cl32663s00tr00004659", "lon": 5.1553268, "lat": 53.292545, "bearing": 167.07315 }, "geometry": { "type": "LineString", "coordinates": [ [ 643431.829086976824328, 5907955.737762989476323 ], [ 643879.242980870301835, 5906006.424856462515891 ] ] } },
{ "type": "Feature", "properties": { "transect_id": "cl32663s00tr00004759", "lon": 5.1567483, "lat": 53.292828, "bearing": 159.32054 }, "geometry": { "type": "LineString", "coordinates": [ [ 643396.184417341137305, 5907951.202131557278335 ], [ 644102.463127562776208, 5906080.060666169971228 ] ] } },
{ "type": "Feature", "properties": { "transect_id": "cl32663s00tr00004859", "lon": 5.1581006, "lat": 53.293209, "bearing": 148.65874 }, "geometry": { "type": "LineString", "coordinates": [ [ 643318.024458790314384, 5907914.707095084711909 ], [ 644358.293059301911853, 5906206.538122532889247 ] ] } },
{ "type": "Feature", "properties": { "transect_id": "cl32663s00tr00004959", "lon": 5.1593056, "lat": 53.293732, "bearing": 134.35136 }, "geometry": { "type": "LineString", "coordinates": [ [ 643201.635896021267399, 5907820.324795850552619 ], [ 644631.768448142101988, 5906422.21146590821445 ] ] } },
{ "type": "Feature", "properties": { "transect_id": "cl32663s00tr00005059", "lon": 5.1601787, "lat": 53.294445, "bearing": 114.15485 }, "geometry": { "type": "LineString", "coordinates": [ [ 643060.05838726949878, 5907611.584845319390297 ], [ 644884.944113286212087, 5906793.176581078208983 ] ] } },
{ "type": "Feature", "properties": { "transect_id": "cl32663s00tr00005159", "lon": 5.1604509, "lat": 53.295311, "bearing": 90.781364 }, "geometry": { "type": "LineString", "coordinates": [ [ 642987.806441613472998, 5907312.946309546940029 ], [ 644987.620466595515609, 5907285.672412058338523 ] ] } },
{ "type": "Feature", "properties": { "transect_id": "cl32663s00tr00005359", "lon": 5.1592093, "lat": 53.296909, "bearing": 52.242321 }, "geometry": { "type": "LineString", "coordinates": [ [ 643108.997386187897064, 5906862.000420848838985 ], [ 644690.21241920418106, 5908086.646908356808126 ] ] } },
{ "type": "Feature", "properties": { "transect_id": "cl32658s00tr00002540", "lon": 5.4438629, "lat": 53.435177, "bearing": 342.11575 }, "geometry": { "type": "LineString", "coordinates": [ [ 662647.561010348843411, 5922512.025334388017654 ], [ 662033.371513006044552, 5924415.383225420489907 ] ] } },
{ "type": "Feature", "properties": { "transect_id": "cl32658s00tr00001440", "lon": 5.4597945, "lat": 53.437859, "bearing": 342.86465 }, "geometry": { "type": "LineString", "coordinates": [ [ 663682.929904913646169, 5922842.801893504336476 ], [ 663093.670029520173557, 5924754.024747923016548 ] ] } },
{ "type": "Feature", "properties": { "transect_id": "cl32658s00tr00001540", "lon": 5.458343, "lat": 53.437622, "bearing": 342.37473 }, "geometry": { "type": "LineString", "coordinates": [ [ 663595.601903915521689, 5922815.66034410148859 ], [ 662990.021451705717482, 5924721.774799189530313 ] ] } },
{ "type": "Feature", "properties": { "transect_id": "cl32658s00tr00001640", "lon": 5.4568944, "lat": 53.437382, "bearing": 342.37469 }, "geometry": { "type": "LineString", "coordinates": [ [ 663500.296613644110039, 5922785.381425922736526 ], [ 662894.715315497247502, 5924691.495612254366279 ] ] } },
{ "type": "Feature", "properties": { "transect_id": "cl32658s00tr00001740", "lon": 5.4554453, "lat": 53.437138, "bearing": 342.37469 }, "geometry": { "type": "LineString", "coordinates": [ [ 663404.990900404052809, 5922755.102373362518847 ], [ 662799.409602257190272, 5924661.216559695079923 ] ] } },
{ "type": "Feature", "properties": { "transect_id": "cl32658s00tr00001840", "lon": 5.4539962, "lat": 53.436893, "bearing": 342.37473 }, "geometry": { "type": "LineString", "coordinates": [ [ 663309.684764195349999, 5922724.823186428286135 ], [ 662704.104311985662207, 5924630.937641517259181 ] ] } },
{ "type": "Feature", "properties": { "transect_id": "cl32661s00tr00003668", "lon": 5.1404586, "lat": 53.343704, "bearing": 38.361076 }, "geometry": { "type": "LineString", "coordinates": [ [ 641873.535871437285095, 5911857.291249240748584 ], [ 643114.766385442460887, 5913425.521720536984503 ] ] } },
{ "type": "Feature", "properties": { "transect_id": "cl32658s00tr00001940", "lon": 5.4525471, "lat": 53.436653, "bearing": 342.37469 }, "geometry": { "type": "LineString", "coordinates": [ [ 663214.379473923938349, 5922694.544268247671425 ], [ 662608.798175777192228, 5924600.658454580232501 ] ] } },
{ "type": "Feature", "properties": { "transect_id": "cl32658s00tr00002140", "lon": 5.4496512, "lat": 53.436165, "bearing": 342.11578 }, "geometry": { "type": "LineString", "coordinates": [ [ 663028.232186599052511, 5922634.86297822650522 ], [ 662414.043566771550104, 5924538.221152422018349 ] ] } },
{ "type": "Feature", "properties": { "transect_id": "cl32658s00tr00002240", "lon": 5.448204, "lat": 53.435917, "bearing": 342.11575 }, "geometry": { "type": "LineString", "coordinates": [ [ 662933.064704593154602, 5922604.153667964972556 ], [ 662318.875241273548454, 5924507.511569976806641 ] ] } },
{ "type": "Feature", "properties": { "transect_id": "cl32658s00tr00002340", "lon": 5.4467573, "lat": 53.435669, "bearing": 342.11578 }, "geometry": { "type": "LineString", "coordinates": [ [ 662837.896396106574684, 5922573.444091008044779 ], [ 662223.707742256112397, 5924476.802254222333431 ] ] } },
{ "type": "Feature", "properties": { "transect_id": "cl32658s00tr00002440", "lon": 5.4453101, "lat": 53.435425, "bearing": 342.11578 }, "geometry": { "type": "LineString", "coordinates": [ [ 662742.728492354508489, 5922542.734644652344286 ], [ 662128.539838504279032, 5924446.092807866632938 ] ] } },
{ "type": "Feature", "properties": { "transect_id": "cl32658s00tr00002640", "lon": 5.4424176, "lat": 53.434925, "bearing": 341.78659 }, "geometry": { "type": "LineString", "coordinates": [ [ 662557.997956045437604, 5922482.658255550079048 ], [ 661932.883937718113884, 5924382.456261678598821 ] ] } },
{ "type": "Feature", "properties": { "transect_id": "cl32661s00tr00003568", "lon": 5.1416078, "lat": 53.343124, "bearing": 38.361099 }, "geometry": { "type": "LineString", "coordinates": [ [ 641951.947072823881172, 5911795.229963032528758 ], [ 643193.178216091939248, 5913363.459936276078224 ] ] } },
{ "type": "Feature", "properties": { "transect_id": "cl32658s00tr00002040", "lon": 5.4510984, "lat": 53.436409, "bearing": 342.11578 }, "geometry": { "type": "LineString", "coordinates": [ [ 663123.400090351002291, 5922665.572424584068358 ], [ 662509.211470523383468, 5924568.930598778650165 ] ] } },
{ "type": "Feature", "properties": { "transect_id": "cl32661s00tr00003768", "lon": 5.1393771, "lat": 53.344326, "bearing": 43.036083 }, "geometry": { "type": "LineString", "coordinates": [ [ 641737.63289905176498, 5911977.603966020978987 ], [ 643102.550488536246121, 5913439.452102426439524 ] ] } },
{ "type": "Feature", "properties": { "transect_id": "cl32661s00tr00003868", "lon": 5.1383986, "lat": 53.345001, "bearing": 52.557476 }, "geometry": { "type": "LineString", "coordinates": [ [ 641558.716261108871549, 5912173.960042284801602 ], [ 643146.643472041236237, 5913389.890621217899024 ] ] } },
{ "type": "Feature", "properties": { "transect_id": "cl32663s00tr00000659", "lon": 5.1228619, "lat": 53.294926, "bearing": 284.27966 }, "geometry": { "type": "LineString", "coordinates": [ [ 642453.238083301926963, 5906934.347147062420845 ], [ 640515.031447424902581, 5907427.657431409694254 ] ] } },
{ "type": "Feature", "properties": { "transect_id": "cl32663s00tr00000059", "lon": 5.12883, "lat": 53.298683, "bearing": 332.2056 }, "geometry": { "type": "LineString", "coordinates": [ [ 642335.699341798550449, 5906726.155669448897243 ], [ 641403.099014524719678, 5908495.4087970610708 ] ] } },
{ "type": "Feature", "properties": { "transect_id": "cl32663s00tr00000159", "lon": 5.1275034, "lat": 53.298264, "bearing": 328.91745 }, "geometry": { "type": "LineString", "coordinates": [ [ 642298.642244939692318, 5906705.188453861512244 ], [ 641266.09709152393043, 5908418.037106297910213 ] ] } },
{ "type": "Feature", "properties": { "transect_id": "cl32663s00tr00000259", "lon": 5.1262321, "lat": 53.297787, "bearing": 324.11691 }, "geometry": { "type": "LineString", "coordinates": [ [ 642285.383686626679264, 5906695.955840893089771 ], [ 641113.117531728348695, 5908316.385432724840939 ] ] } },
{ "type": "Feature", "properties": { "transect_id": "cl32663s00tr00000359", "lon": 5.125061, "lat": 53.29723, "bearing": 317.71484 }, "geometry": { "type": "LineString", "coordinates": [ [ 642295.870776998577639, 5906701.816704364493489 ], [ 640950.228912123478949, 5908181.427454358898103 ] ] } },
{ "type": "Feature", "properties": { "transect_id": "cl32663s00tr00000459", "lon": 5.1240749, "lat": 53.296555, "bearing": 302.32828 }, "geometry": { "type": "LineString", "coordinates": [ [ 642404.570490786223672, 5906829.910664411261678 ], [ 640714.574412998394109, 5907899.449470188468695 ] ] } },
{ "type": "Feature", "properties": { "transect_id": "cl32663s00tr00000559", "lon": 5.123333, "lat": 53.295776, "bearing": 293.79251 }, "geometry": { "type": "LineString", "coordinates": [ [ 642427.720708314562216, 5906873.229299158789217 ], [ 640597.696061816066504, 5907680.081078115850687 ] ] } },
{ "type": "Feature", "properties": { "transect_id": "cl32658s00tr00002740", "lon": 5.4409733, "lat": 53.434677, "bearing": 341.78659 }, "geometry": { "type": "LineString", "coordinates": [ [ 662463.008481057593599, 5922451.402677239850163 ], [ 661837.893622390460223, 5924351.200406860560179 ] ] } },
{ "type": "Feature", "properties": { "transect_id": "cl32658s00tr00002840", "lon": 5.4395285, "lat": 53.434425, "bearing": 341.78659 }, "geometry": { "type": "LineString", "coordinates": [ [ 662368.018585899844766, 5922420.1469606757164 ], [ 661742.90372723271139, 5924319.944690298289061 ] ] } },
{ "type": "Feature", "properties": { "transect_id": "cl32658s00tr00002940", "lon": 5.4380841, "lat": 53.434174, "bearing": 341.78659 }, "geometry": { "type": "LineString", "coordinates": [ [ 662273.028270572191104, 5922388.89110585860908 ], [ 661647.914252244867384, 5924288.689111987128854 ] ] } },
{ "type": "Feature", "properties": { "transect_id": "cl32658s00tr00003040", "lon": 5.4366393, "lat": 53.433922, "bearing": 341.78659 }, "geometry": { "type": "LineString", "coordinates": [ [ 662178.038375414442271, 5922357.635389294475317 ], [ 661552.924357087002136, 5924257.433395424857736 ] ] } },
{ "type": "Feature", "properties": { "transect_id": "cl32655s00tr00005237", "lon": 5.6188593, "lat": 53.437832, "bearing": 239.51721 }, "geometry": { "type": "LineString", "coordinates": [ [ 674813.756349923554808, 5924678.827798638492823 ], [ 673090.193116506328806, 5923664.26888935174793 ] ] } },
{ "type": "Feature", "properties": { "transect_id": "cl32655s00tr00005337", "lon": 5.6196856, "lat": 53.43708, "bearing": 232.91859 }, "geometry": { "type": "LineString", "coordinates": [ [ 674807.712240969296545, 5924693.156176059506834 ], [ 673212.153089998057112, 5923487.25775755289942 ] ] } },
{ "type": "Feature", "properties": { "transect_id": "cl32655s00tr00005437", "lon": 5.6205482, "lat": 53.436344, "bearing": 232.91859 }, "geometry": { "type": "LineString", "coordinates": [ [ 674868.007175125530921, 5924613.378228508867323 ], [ 673272.448024154175073, 5923407.479810005053878 ] ] } },
{ "type": "Feature", "properties": { "transect_id": "cl32655s00tr00005537", "lon": 5.6214108, "lat": 53.435608, "bearing": 232.91859 }, "geometry": { "type": "LineString", "coordinates": [ [ 674928.302109281765297, 5924533.600280960090458 ], [ 673332.742958310525864, 5923327.701862456277013 ] ] } },
{ "type": "Feature", "properties": { "transect_id": "cl32655s00tr00005637", "lon": 5.6223049, "lat": 53.434887, "bearing": 227.23291 }, "geometry": { "type": "LineString", "coordinates": [ [ 674926.967729618190788, 5924531.592024412937462 ], [ 673458.727857875754125, 5923173.552378812804818 ] ] } },
{ "type": "Feature", "properties": { "transect_id": "cl32658s00tr00000040", "lon": 5.4802008, "lat": 53.440987, "bearing": 345.02469 }, "geometry": { "type": "LineString", "coordinates": [ [ 664989.815146238426678, 5923226.993431743234396 ], [ 664473.009338374598883, 5925159.067901571281254 ] ] } },
{ "type": "Feature", "properties": { "transect_id": "cl32658s00tr00000140", "lon": 5.4787345, "lat": 53.440784, "bearing": 345.02469 }, "geometry": { "type": "LineString", "coordinates": [ [ 664893.211441247258335, 5923201.153130394406617 ], [ 664376.405604323139414, 5925133.227592448703945 ] ] } },
{ "type": "Feature", "properties": { "transect_id": "cl32658s00tr00000240", "lon": 5.4772682, "lat": 53.440582, "bearing": 345.02466 }, "geometry": { "type": "LineString", "coordinates": [ [ 664796.608141763834283, 5923175.312937513925135 ], [ 664279.80146476381924, 5925107.387174859642982 ] ] } },
{ "type": "Feature", "properties": { "transect_id": "cl32658s00tr00000340", "lon": 5.4758062, "lat": 53.440369, "bearing": 343.98447 }, "geometry": { "type": "LineString", "coordinates": [ [ 664717.854118398623541, 5923153.041450306773186 ], [ 664166.058514435891993, 5925075.415402337908745 ] ] } },
{ "type": "Feature", "properties": { "transect_id": "cl32658s00tr00000440", "lon": 5.4743462, "lat": 53.440151, "bearing": 343.98444 }, "geometry": { "type": "LineString", "coordinates": [ [ 664621.735854185186327, 5923125.451782543212175 ], [ 664069.939389792038128, 5925047.825487596914172 ] ] } },
{ "type": "Feature", "properties": { "transect_id": "cl32658s00tr00000540", "lon": 5.4728861, "lat": 53.439934, "bearing": 343.98444 }, "geometry": { "type": "LineString", "coordinates": [ [ 664525.617159756366163, 5923097.861991291865706 ], [ 663973.820695363450795, 5925020.235696344636381 ] ] } },
{ "type": "Feature", "properties": { "transect_id": "cl32658s00tr00000640", "lon": 5.471427, "lat": 53.439713, "bearing": 343.30258 }, "geometry": { "type": "LineString", "coordinates": [ [ 664440.990931883919984, 5923073.373175541870296 ], [ 663866.356508717872202, 5924989.044149303808808 ] ] } },
{ "type": "Feature", "properties": { "transect_id": "cl32658s00tr00000740", "lon": 5.4699717, "lat": 53.439484, "bearing": 343.30258 }, "geometry": { "type": "LineString", "coordinates": [ [ 664345.207384417764843, 5923044.641450310125947 ], [ 663770.572961251717061, 5924960.312424071133137 ] ] } },
{ "type": "Feature", "properties": { "transect_id": "cl32658s00tr00000840", "lon": 5.4685159, "lat": 53.439255, "bearing": 343.30258 }, "geometry": { "type": "LineString", "coordinates": [ [ 664249.423836951726116, 5923015.909725077450275 ], [ 663674.789413785678335, 5924931.580698839388788 ] ] } },
{ "type": "Feature", "properties": { "transect_id": "cl32658s00tr00000940", "lon": 5.4670606, "lat": 53.43903, "bearing": 343.30258 }, "geometry": { "type": "LineString", "coordinates": [ [ 664153.640273466706276, 5922987.177995039150119 ], [ 663579.005882338387892, 5924902.848978411406279 ] ] } },
{ "type": "Feature", "properties": { "transect_id": "cl32655s00tr00005137", "lon": 5.618144, "lat": 53.438622, "bearing": 239.5172 }, "geometry": { "type": "LineString", "coordinates": [ [ 674763.028252820018679, 5924765.006203362718225 ], [ 673039.465309954830445, 5923750.446800477802753 ] ] } },
{ "type": "Feature", "properties": { "transect_id": "cl32655s00tr00005037", "lon": 5.6174288, "lat": 53.439411, "bearing": 239.51721 }, "geometry": { "type": "LineString", "coordinates": [ [ 674712.300446268636733, 5924851.184114486910403 ], [ 672988.737212851061486, 5923836.625205202028155 ] ] } },
{ "type": "Feature", "properties": { "transect_id": "cl32655s00tr00004837", "lon": 5.6161885, "lat": 53.441044, "bearing": 247.2571 }, "geometry": { "type": "LineString", "coordinates": [ [ 674683.731424310011789, 5924909.080474502407014 ], [ 672839.233692773617804, 5924135.887019823305309 ] ] } },
{ "type": "Feature", "properties": { "transect_id": "cl32658s00tr00003140", "lon": 5.4351959, "lat": 53.433666, "bearing": 341.41516 }, "geometry": { "type": "LineString", "coordinates": [ [ 662089.272219776408747, 5922328.208274739794433 ], [ 661451.855472684605047, 5924223.913919222541153 ] ] } },
{ "type": "Feature", "properties": { "transect_id": "cl32658s00tr00003240", "lon": 5.433754, "lat": 53.433411, "bearing": 341.41516 }, "geometry": { "type": "LineString", "coordinates": [ [ 661994.486942923860624, 5922296.337421409785748 ], [ 661357.070195832056925, 5924192.04306589346379 ] ] } },
{ "type": "Feature", "properties": { "transect_id": "cl32658s00tr00003340", "lon": 5.432312, "lat": 53.433151, "bearing": 341.41516 }, "geometry": { "type": "LineString", "coordinates": [ [ 661899.701683654915541, 5922264.466573994606733 ], [ 661262.284901395556517, 5924160.172206653282046 ] ] } },
{ "type": "Feature", "properties": { "transect_id": "cl32658s00tr00003440", "lon": 5.4308705, "lat": 53.432896, "bearing": 341.41513 }, "geometry": { "type": "LineString", "coordinates": [ [ 661804.916825164109468, 5922232.595861334353685 ], [ 661167.49920618114993, 5924128.301212650723755 ] ] } },
{ "type": "Feature", "properties": { "transect_id": "cl32658s00tr00003540", "lon": 5.4294286, "lat": 53.43264, "bearing": 341.41513 }, "geometry": { "type": "LineString", "coordinates": [ [ 661710.131530727492645, 5922200.725002092309296 ], [ 661072.713946912321262, 5924096.430365232750773 ] ] } },
{ "type": "Feature", "properties": { "transect_id": "cl32658s00tr00003640", "lon": 5.4279871, "lat": 53.432381, "bearing": 341.41516 }, "geometry": { "type": "LineString", "coordinates": [ [ 661615.345835513318889, 5922168.85400809161365 ], [ 660977.929088421515189, 5924064.559652573429048 ] ] } },
{ "type": "Feature", "properties": { "transect_id": "cl32658s00tr00003740", "lon": 5.4265447, "lat": 53.432125, "bearing": 341.50662 }, "geometry": { "type": "LineString", "coordinates": [ [ 661518.998180955648422, 5922136.621575927361846 ], [ 660884.608294892823324, 5924033.342291388660669 ] ] } },
{ "type": "Feature", "properties": { "transect_id": "cl32658s00tr00001340", "lon": 5.4612474, "lat": 53.438095, "bearing": 342.86465 }, "geometry": { "type": "LineString", "coordinates": [ [ 663778.491050221840851, 5922872.264878882095218 ], [ 663189.231174828484654, 5924783.487733299843967 ] ] } },
{ "type": "Feature", "properties": { "transect_id": "cl32658s00tr00001240", "lon": 5.4626999, "lat": 53.438328, "bearing": 342.86469 }, "geometry": { "type": "LineString", "coordinates": [ [ 663874.051770291756839, 5922901.727733151055872 ], [ 663284.792745375656523, 5924812.950849785469472 ] ] } },
{ "type": "Feature", "properties": { "transect_id": "cl32658s00tr00001140", "lon": 5.4641523, "lat": 53.438564, "bearing": 342.86465 }, "geometry": { "type": "LineString", "coordinates": [ [ 663969.613340838695876, 5922931.190849635750055 ], [ 663380.353465445106849, 5924842.413704053498805 ] ] } },
{ "type": "Feature", "properties": { "transect_id": "cl32658s00tr00001040", "lon": 5.4656048, "lat": 53.438801, "bearing": 342.86465 }, "geometry": { "type": "LineString", "coordinates": [ [ 664065.174486147006974, 5922960.653835013508797 ], [ 663475.914610753650777, 5924871.876689431257546 ] ] } },
{ "type": "Feature", "properties": { "transect_id": "cl32655s00tr00004737", "lon": 5.6156578, "lat": 53.441887, "bearing": 247.25711 }, "geometry": { "type": "LineString", "coordinates": [ [ 674645.071826774859801, 5925001.30519740190357 ], [ 672800.573956045787781, 5924228.11207477748394 ] ] } },
{ "type": "Feature", "properties": { "transect_id": "cl32655s00tr00004937", "lon": 5.6167188, "lat": 53.440205, "bearing": 247.2571 }, "geometry": { "type": "LineString", "coordinates": [ [ 674722.391070688026957, 5924816.855635085143149 ], [ 672877.893380658468232, 5924043.662081390619278 ] ] } },
{ "type": "Feature", "properties": { "transect_id": "cl32661s00tr00004468", "lon": 5.1426587, "lat": 53.348618, "bearing": 82.612778 }, "geometry": { "type": "LineString", "coordinates": [ [ 641632.484914256958291, 5913063.924667002633214 ], [ 643615.884632599190809, 5913321.073567991144955 ] ] } },
{ "type": "Feature", "properties": { "transect_id": "cl32661s00tr00004568", "lon": 5.1420469, "lat": 53.349415, "bearing": 40.102303 }, "geometry": { "type": "LineString", "coordinates": [ [ 641936.651332628680393, 5912515.235413027927279 ], [ 643224.960078224306926, 5914045.026436672545969 ] ] } },
{ "type": "Feature", "properties": { "transect_id": "cl32661s00tr00004668", "lon": 5.1408591, "lat": 53.349957, "bearing": 24.454857 }, "geometry": { "type": "LineString", "coordinates": [ [ 642085.961173291201703, 5912427.326266743242741 ], [ 642913.913467019214295, 5914247.901725026778877 ] ] } },
{ "type": "Feature", "properties": { "transect_id": "cl32661s00tr00004768", "lon": 5.1394649, "lat": 53.350273, "bearing": 10.957976 }, "geometry": { "type": "LineString", "coordinates": [ [ 642215.997634147061035, 5912388.405844882130623 ], [ 642596.175579248694703, 5914351.939580284059048 ] ] } },
{ "type": "Feature", "properties": { "transect_id": "cl32661s00tr00004868", "lon": 5.1379881, "lat": 53.350418, "bearing": 1.343536 }, "geometry": { "type": "LineString", "coordinates": [ [ 642283.862777505652048, 5912383.887368340045214 ], [ 642330.756732126581483, 5914383.337532014586031 ] ] } },
{ "type": "Feature", "properties": { "transect_id": "cl32661s00tr00004968", "lon": 5.1364908, "lat": 53.350384, "bearing": 345.44077 }, "geometry": { "type": "LineString", "coordinates": [ [ 642459.181793657597154, 5912408.699889428913593 ], [ 641956.420365665573627, 5914344.476463967002928 ] ] } },
{ "type": "Feature", "properties": { "transect_id": "cl32661s00tr00005068", "lon": 5.1350513, "lat": 53.350136, "bearing": 337.00375 }, "geometry": { "type": "LineString", "coordinates": [ [ 642503.468145319027826, 5912425.668852027505636 ], [ 641722.126798642100766, 5914266.729877625592053 ] ] } },
{ "type": "Feature", "properties": { "transect_id": "cl32661s00tr00005168", "lon": 5.1337051, "lat": 53.349739, "bearing": 330.07626 }, "geometry": { "type": "LineString", "coordinates": [ [ 642523.37629008363001, 5912432.837799859233201 ], [ 641525.6821853837464, 5914166.21787169855088 ] ] } },
{ "type": "Feature", "properties": { "transect_id": "cl32661s00tr00005268", "lon": 5.1324844, "lat": 53.349216, "bearing": 318.84888 }, "geometry": { "type": "LineString", "coordinates": [ [ 642603.078107333276421, 5912485.993520385585725 ], [ 641286.983042241074145, 5913991.946301729418337 ] ] } },
{ "type": "Feature", "properties": { "transect_id": "cl32662s00tr00000142", "lon": 5.0517826, "lat": 53.305882, "bearing": 342.42719 }, "geometry": { "type": "LineString", "coordinates": [ [ 637014.346792066702619, 5907308.068991035223007 ], [ 636410.511689911596477, 5909214.73707159049809 ] ] } },
{ "type": "Feature", "properties": { "transect_id": "cl32662s00tr00000242", "lon": 5.0503397, "lat": 53.305634, "bearing": 342.42719 }, "geometry": { "type": "LineString", "coordinates": [ [ 636919.013386863283813, 5907277.877239639870822 ], [ 636315.178284708294086, 5909184.545320194214582 ] ] } },
{ "type": "Feature", "properties": { "transect_id": "cl32662s00tr00000342", "lon": 5.048914, "lat": 53.305355, "bearing": 339.7901 }, "geometry": { "type": "LineString", "coordinates": [ [ 636868.469054194516502, 5907258.943656091578305 ], [ 636177.548757997923531, 5909135.810498545877635 ] ] } },
{ "type": "Feature", "properties": { "transect_id": "cl32662s00tr00000442", "lon": 5.047492, "lat": 53.305069, "bearing": 339.7901 }, "geometry": { "type": "LineString", "coordinates": [ [ 636774.62571467179805, 5907224.397634219378233 ], [ 636083.705418475205079, 5909101.264476673677564 ] ] } },
{ "type": "Feature", "properties": { "transect_id": "cl32662s00tr00000542", "lon": 5.0460792, "lat": 53.304768, "bearing": 336.70953 }, "geometry": { "type": "LineString", "coordinates": [ [ 636731.395411442266777, 5907208.066876646131277 ], [ 635940.610250967787579, 5909045.091326667927206 ] ] } },
{ "type": "Feature", "properties": { "transect_id": "cl32661s00tr00004368", "lon": 5.1423302, "lat": 53.347771, "bearing": 136.04396 }, "geometry": { "type": "LineString", "coordinates": [ [ 641911.022131057572551, 5913817.492505982518196 ], [ 643299.234690398792736, 5912377.747427822090685 ] ] } },
{ "type": "Feature", "properties": { "transect_id": "cl32662s00tr00000642", "lon": 5.0446849, "lat": 53.304436, "bearing": 336.7095 }, "geometry": { "type": "LineString", "coordinates": [ [ 636639.54459186643362, 5907168.527764361351728 ], [ 635848.75864566816017, 5909005.551876149140298 ] ] } },
{ "type": "Feature", "properties": { "transect_id": "cl32661s00tr00004268", "lon": 5.14113, "lat": 53.347252, "bearing": 156.11258 }, "geometry": { "type": "LineString", "coordinates": [ [ 642122.039368773112074, 5913951.713125185109675 ], [ 642931.921101678162813, 5912123.027373421937227 ] ] } },
{ "type": "Feature", "properties": { "transect_id": "cl32661s00tr00004068", "lon": 5.1383858, "lat": 53.346546, "bearing": 143.31705 }, "geometry": { "type": "LineString", "coordinates": [ [ 641749.318105962709524, 5913755.370666056871414 ], [ 642944.091357621713541, 5912151.463911559432745 ] ] } },
{ "type": "Feature", "properties": { "transect_id": "cl32662s00tr00002742", "lon": 5.0176511, "lat": 53.294827, "bearing": 325.5224 }, "geometry": { "type": "LineString", "coordinates": [ [ 635039.314325102604926, 5906142.661919734440744 ], [ 633907.146556321531534, 5907791.357204901985824 ] ] } },
{ "type": "Feature", "properties": { "transect_id": "cl32662s00tr00002842", "lon": 5.0163903, "lat": 53.294342, "bearing": 325.78915 }, "geometry": { "type": "LineString", "coordinates": [ [ 634952.970222010044381, 5906083.522544409148395 ], [ 633828.490512094693258, 5907737.470966213382781 ] ] } },
{ "type": "Feature", "properties": { "transect_id": "cl32662s00tr00002942", "lon": 5.0151267, "lat": 53.293858, "bearing": 325.78918 }, "geometry": { "type": "LineString", "coordinates": [ [ 634870.272478045430034, 5906027.298348893411458 ], [ 633745.793405049014837, 5907681.247203724458814 ] ] } },
{ "type": "Feature", "properties": { "transect_id": "cl32662s00tr00003042", "lon": 5.0138626, "lat": 53.293373, "bearing": 325.97739 }, "geometry": { "type": "LineString", "coordinates": [ [ 634784.83141180977691, 5905969.26732115726918 ], [ 633665.791603653342463, 5907626.90114916767925 ] ] } },
{ "type": "Feature", "properties": { "transect_id": "cl32662s00tr00003142", "lon": 5.0125961, "lat": 53.292892, "bearing": 325.97739 }, "geometry": { "type": "LineString", "coordinates": [ [ 634701.949708952801302, 5905913.315347718074918 ], [ 633582.909900796366856, 5907570.949175730347633 ] ] } },
{ "type": "Feature", "properties": { "transect_id": "cl32662s00tr00003242", "lon": 5.0113301, "lat": 53.292408, "bearing": 325.97739 }, "geometry": { "type": "LineString", "coordinates": [ [ 634619.068006095825695, 5905857.363374281674623 ], [ 633500.028197939391248, 5907514.997202293016016 ] ] } },
{ "type": "Feature", "properties": { "transect_id": "cl32662s00tr00003342", "lon": 5.0100589, "lat": 53.291931, "bearing": 326.36234 }, "geometry": { "type": "LineString", "coordinates": [ [ 634530.251736718346365, 5905798.198603420518339 ], [ 633422.373875706223771, 5907463.313207608647645 ] ] } },
{ "type": "Feature", "properties": { "transect_id": "cl32662s00tr00003442", "lon": 5.0087872, "lat": 53.291454, "bearing": 326.36234 }, "geometry": { "type": "LineString", "coordinates": [ [ 634446.995993594522588, 5905742.804729778319597 ], [ 633339.118132582167163, 5907407.919333966448903 ] ] } },
{ "type": "Feature", "properties": { "transect_id": "cl32662s00tr00003542", "lon": 5.0075126, "lat": 53.290981, "bearing": 326.63437 }, "geometry": { "type": "LineString", "coordinates": [ [ 634359.585112931206822, 5905685.086524556390941 ], [ 633259.625321900239214, 5907355.442312438972294 ] ] } },
{ "type": "Feature", "properties": { "transect_id": "cl32662s00tr00003642", "lon": 5.0062375, "lat": 53.290508, "bearing": 326.6344 }, "geometry": { "type": "LineString", "coordinates": [ [ 634276.066986600053497, 5905630.088339529000223 ], [ 633176.107845187187195, 5907300.444555197842419 ] ] } },
{ "type": "Feature", "properties": { "transect_id": "cl32662s00tr00001242", "lon": 5.0365548, "lat": 53.302132, "bearing": 330.67615 }, "geometry": { "type": "LineString", "coordinates": [ [ 636199.539829200482927, 5906943.276972556486726 ], [ 635220.0491894724546, 5908687.008054657839239 ] ] } },
{ "type": "Feature", "properties": { "transect_id": "cl32662s00tr00001142", "lon": 5.0378833, "lat": 53.302547, "bearing": 330.67615 }, "geometry": { "type": "LineString", "coordinates": [ [ 636286.726734258234501, 5906992.251708752475679 ], [ 635307.235386586049572, 5908735.982393187470734 ] ] } },
{ "type": "Feature", "properties": { "transect_id": "cl32662s00tr00001042", "lon": 5.0392118, "lat": 53.302967, "bearing": 330.67615 }, "geometry": { "type": "LineString", "coordinates": [ [ 636373.912931371713057, 5907041.226047280244529 ], [ 635394.42229164368473, 5908784.95712938066572 ] ] } },
{ "type": "Feature", "properties": { "transect_id": "cl32662s00tr00000942", "lon": 5.0405612, "lat": 53.303356, "bearing": 333.63055 }, "geometry": { "type": "LineString", "coordinates": [ [ 636416.999207359389402, 5907063.301546548493207 ], [ 635528.68423626862932, 5908855.199007938615978 ] ] } },
{ "type": "Feature", "properties": { "transect_id": "cl32661s00tr00003968", "lon": 5.1377692, "lat": 53.345802, "bearing": 73.586472 }, "geometry": { "type": "LineString", "coordinates": [ [ 641348.873733837506734, 5912587.001622468233109 ], [ 643267.368327332194895, 5913152.137442188337445 ] ] } },
{ "type": "Feature", "properties": { "transect_id": "cl32661s00tr00004168", "lon": 5.1397276, "lat": 53.346931, "bearing": 159.23215 }, "geometry": { "type": "LineString", "coordinates": [ [ 642080.137043496244587, 5913933.913271235302091 ], [ 642789.301929499371909, 5912063.863762677647173 ] ] } },
{ "type": "Feature", "properties": { "transect_id": "cl32658s00tr00003840", "lon": 5.4251022, "lat": 53.43187, "bearing": 341.50662 }, "geometry": { "type": "LineString", "coordinates": [ [ 661424.162137222592719, 5922104.902105423621833 ], [ 660789.77225115953479, 5924001.622820884920657 ] ] } },
{ "type": "Feature", "properties": { "transect_id": "cl32662s00tr00000742", "lon": 5.0432901, "lat": 53.304104, "bearing": 336.70953 }, "geometry": { "type": "LineString", "coordinates": [ [ 636547.692986566922627, 5907128.988313843496144 ], [ 635756.907826092443429, 5908966.012763865292072 ] ] } },
{ "type": "Feature", "properties": { "transect_id": "cl32662s00tr00003742", "lon": 5.0049682, "lat": 53.290031, "bearing": 325.94858 }, "geometry": { "type": "LineString", "coordinates": [ [ 634202.914207447320223, 5905581.12171524669975 ], [ 633083.040769188897684, 5907238.192468800581992 ] ] } },
{ "type": "Feature", "properties": { "transect_id": "cl32663s00tr00002759", "lon": 5.1303401, "lat": 53.284721, "bearing": 151.23331 }, "geometry": { "type": "LineString", "coordinates": [ [ 641535.062698149238713, 5906937.627508492209017 ], [ 642497.551143388147466, 5905184.454387325793505 ] ] } },
{ "type": "Feature", "properties": { "transect_id": "cl32663s00tr00002859", "lon": 5.1316752, "lat": 53.28513, "bearing": 151.23331 }, "geometry": { "type": "LineString", "coordinates": [ [ 641622.721371822990477, 5906985.751956874504685 ], [ 642585.209767951862887, 5905232.578808749094605 ] ] } },
{ "type": "Feature", "properties": { "transect_id": "cl32663s00tr00002959", "lon": 5.1330109, "lat": 53.285538, "bearing": 151.23331 }, "geometry": { "type": "LineString", "coordinates": [ [ 641710.380020941840485, 5907033.876391777768731 ], [ 642672.86841707082931, 5905280.703243649564683 ] ] } },
{ "type": "Feature", "properties": { "transect_id": "cl32663s00tr00003059", "lon": 5.1343169, "lat": 53.28598, "bearing": 145.90332 }, "geometry": { "type": "LineString", "coordinates": [ [ 641716.609800551785156, 5907036.913791569881141 ], [ 642837.791821014601737, 5905380.728150708600879 ] ] } },
{ "type": "Feature", "properties": { "transect_id": "cl32663s00tr00003159", "lon": 5.1355829, "lat": 53.286461, "bearing": 145.90332 }, "geometry": { "type": "LineString", "coordinates": [ [ 641799.419078947394155, 5907092.972897981293499 ], [ 642920.601099410094321, 5905436.787257121875882 ] ] } },
{ "type": "Feature", "properties": { "transect_id": "cl32663s00tr00003259", "lon": 5.1368494, "lat": 53.286942, "bearing": 145.90331 }, "geometry": { "type": "LineString", "coordinates": [ [ 641882.228038021596149, 5907149.031788220629096 ], [ 643003.41069712722674, 5905492.846579700708389 ] ] } },
{ "type": "Feature", "properties": { "transect_id": "cl32663s00tr00003359", "lon": 5.138103, "lat": 53.287434, "bearing": 141.78191 }, "geometry": { "type": "LineString", "coordinates": [ [ 641906.055345098022372, 5907163.914535280317068 ], [ 643143.368300984613597, 5905592.591319262981415 ] ] } },
{ "type": "Feature", "properties": { "transect_id": "cl32663s00tr00003459", "lon": 5.1393085, "lat": 53.287968, "bearing": 141.78194 }, "geometry": { "type": "LineString", "coordinates": [ [ 641984.621811323566362, 5907225.780386566184461 ], [ 643221.93419233802706, 5905654.456717875786126 ] ] } },
{ "type": "Feature", "properties": { "transect_id": "cl32663s00tr00001059", "lon": 5.1207061, "lat": 53.291573, "bearing": 293.39236 }, "geometry": { "type": "LineString", "coordinates": [ [ 642269.332359025022015, 5906407.10291731543839 ], [ 640433.717202639672905, 5907201.153921754099429 ] ] } },
{ "type": "Feature", "properties": { "transect_id": "cl32663s00tr00000959", "lon": 5.1213231, "lat": 53.292393, "bearing": 292.35175 }, "geometry": { "type": "LineString", "coordinates": [ [ 642314.813420451013371, 5906516.157707991078496 ], [ 640465.080184578197077, 5907276.741007905453444 ] ] } },
{ "type": "Feature", "properties": { "transect_id": "cl32663s00tr00000859", "lon": 5.121902, "lat": 53.293221, "bearing": 288.7999 }, "geometry": { "type": "LineString", "coordinates": [ [ 642372.429452572017908, 5906667.540104993619025 ], [ 640479.129627625807188, 5907312.067662866786122 ] ] } },
{ "type": "Feature", "properties": { "transect_id": "cl32663s00tr00000759", "lon": 5.122417, "lat": 53.294067, "bearing": 286.77441 }, "geometry": { "type": "LineString", "coordinates": [ [ 642414.764752399758436, 5906796.085897194221616 ], [ 640499.867785244830884, 5907373.294356229715049 ] ] } },
{ "type": "Feature", "properties": { "transect_id": "cl32662s00tr00004142", "lon": 4.9999051, "lat": 53.288101, "bearing": 325.94858 }, "geometry": { "type": "LineString", "coordinates": [ [ 633871.500048529589549, 5905357.14703973941505 ], [ 632751.62661027116701, 5907014.217793293297291 ] ] } },
{ "type": "Feature", "properties": { "transect_id": "cl32663s00tr00002659", "lon": 5.1289477, "lat": 53.284389, "bearing": 158.26907 }, "geometry": { "type": "LineString", "coordinates": [ [ 641554.356695174239576, 5906950.422919595614076 ], [ 642294.853176283999346, 5905092.55721899587661 ] ] } },
{ "type": "Feature", "properties": { "transect_id": "cl32662s00tr00000842", "lon": 5.041924, "lat": 53.303734, "bearing": 333.63055 }, "geometry": { "type": "LineString", "coordinates": [ [ 636506.594087990699336, 5907107.71727984957397 ], [ 635618.279116899939254, 5908899.614741238765419 ] ] } },
{ "type": "Feature", "properties": { "transect_id": "cl32663s00tr00002559", "lon": 5.1275387, "lat": 53.284084, "bearing": 158.26907 }, "geometry": { "type": "LineString", "coordinates": [ [ 641461.463416256243363, 5906913.398080207407475 ], [ 642201.959897365886718, 5905055.532379607670009 ] ] } },
{ "type": "Feature", "properties": { "transect_id": "cl32662s00tr00004042", "lon": 5.0011711, "lat": 53.288582, "bearing": 325.94858 }, "geometry": { "type": "LineString", "coordinates": [ [ 633954.353588259080425, 5905413.140708616003394 ], [ 632834.480150000657886, 5907070.211462170816958 ] ] } },
{ "type": "Feature", "properties": { "transect_id": "cl32662s00tr00003942", "lon": 5.0024366, "lat": 53.289066, "bearing": 325.94858 }, "geometry": { "type": "LineString", "coordinates": [ [ 634037.207127988454886, 5905469.134377492591739 ], [ 632917.333689730032347, 5907126.20513104647398 ] ] } },
{ "type": "Feature", "properties": { "transect_id": "cl32663s00tr00002259", "lon": 5.1231461, "lat": 53.283592, "bearing": 181.99406 }, "geometry": { "type": "LineString", "coordinates": [ [ 641575.324671763577498, 5906920.611983451060951 ], [ 641505.73252520954702, 5904921.823116878047585 ] ] } },
{ "type": "Feature", "properties": { "transect_id": "cl32663s00tr00001159", "lon": 5.1200581, "lat": 53.290764, "bearing": 294.92038 }, "geometry": { "type": "LineString", "coordinates": [ [ 642217.911201599868946, 5906291.350146783515811 ], [ 640404.122995475423522, 5907134.067384842783213 ] ] } },
{ "type": "Feature", "properties": { "transect_id": "cl32663s00tr00001259", "lon": 5.1193652, "lat": 53.289967, "bearing": 296.9364 }, "geometry": { "type": "LineString", "coordinates": [ [ 642158.971466989954934, 5906169.708243228495121 ], [ 640375.95176853868179, 5907075.710867360234261 ] ] } },
{ "type": "Feature", "properties": { "transect_id": "cl32663s00tr00001359", "lon": 5.1186481, "lat": 53.289177, "bearing": 296.81384 }, "geometry": { "type": "LineString", "coordinates": [ [ 642114.755080448230729, 5906082.406464173458517 ], [ 640329.801175682339817, 5906984.592452680692077 ] ] } },
{ "type": "Feature", "properties": { "transect_id": "cl32663s00tr00001459", "lon": 5.11797, "lat": 53.288376, "bearing": 293.8851 }, "geometry": { "type": "LineString", "coordinates": [ [ 642094.101876163855195, 5906038.128377452492714 ], [ 640265.38348227518145, 5906847.936401524581015 ] ] } },
{ "type": "Feature", "properties": { "transect_id": "cl32663s00tr00001559", "lon": 5.1173949, "lat": 53.287548, "bearing": 289.38593 }, "geometry": { "type": "LineString", "coordinates": [ [ 642087.442219697288238, 5906017.729372583329678 ], [ 640200.833635266404599, 5906681.58782824408263 ] ] } },
{ "type": "Feature", "properties": { "transect_id": "cl32663s00tr00001659", "lon": 5.1170664, "lat": 53.286674, "bearing": 273.96436 }, "geometry": { "type": "LineString", "coordinates": [ [ 642122.733893034164794, 5906182.701141678728163 ], [ 640127.51941042568069, 5906320.97322269808501 ] ] } },
{ "type": "Feature", "properties": { "transect_id": "cl32663s00tr00001759", "lon": 5.1172175, "lat": 53.285789, "bearing": 250.70255 }, "geometry": { "type": "LineString", "coordinates": [ [ 642081.916967911878601, 5906484.180339565500617 ], [ 640194.285710979020223, 5905823.235381303355098 ] ] } },
{ "type": "Feature", "properties": { "transect_id": "cl32663s00tr00001859", "lon": 5.1179242, "lat": 53.285007, "bearing": 225.23065 }, "geometry": { "type": "LineString", "coordinates": [ [ 641897.741589789045975, 5906772.492937081493437 ], [ 640477.846370430663228, 5905363.983950227499008 ] ] } },
{ "type": "Feature", "properties": { "transect_id": "cl32663s00tr00001959", "lon": 5.1189485, "lat": 53.284351, "bearing": 225.23065 }, "geometry": { "type": "LineString", "coordinates": [ [ 641968.167069926857948, 5906701.498148453421891 ], [ 640548.271792362909764, 5905292.989220278337598 ] ] } },
{ "type": "Feature", "properties": { "transect_id": "cl32663s00tr00002059", "lon": 5.1202383, "lat": 53.28392, "bearing": 201.57147 }, "geometry": { "type": "LineString", "coordinates": [ [ 641713.277829604106955, 5906881.946138974279165 ], [ 640977.954845988773741, 5905022.026756376028061 ] ] } },
{ "type": "Feature", "properties": { "transect_id": "cl32663s00tr00002159", "lon": 5.1216497, "lat": 53.283649, "bearing": 181.99406 }, "geometry": { "type": "LineString", "coordinates": [ [ 641475.385229336679913, 5906924.091616681776941 ], [ 641405.793082782649435, 5904925.30275010690093 ] ] } },
{ "type": "Feature", "properties": { "transect_id": "cl32663s00tr00002359", "lon": 5.1246295, "lat": 53.283669, "bearing": 167.95422 }, "geometry": { "type": "LineString", "coordinates": [ [ 641430.456154065905139, 5906910.714951743371785 ], [ 641847.842354353633709, 5904954.75259019061923 ] ] } },
{ "type": "Feature", "properties": { "transect_id": "cl32663s00tr00002459", "lon": 5.1261048, "lat": 53.283833, "bearing": 167.95419 }, "geometry": { "type": "LineString", "coordinates": [ [ 641528.253806350170635, 5906931.584204168990254 ], [ 641945.640921158948913, 5904975.622037768363953 ] ] } },
{ "type": "Feature", "properties": { "transect_id": "cl32658s00tr00003940", "lon": 5.4236598, "lat": 53.431614, "bearing": 341.50665 }, "geometry": { "type": "LineString", "coordinates": [ [ 661329.325674679246731, 5922073.182494840584695 ], [ 660694.936626236420125, 5923969.903490458615124 ] ] } },
{ "type": "Feature", "properties": { "transect_id": "cl32661s00tr00001068", "lon": 5.1331959, "lat": 53.341496, "bearing": 205.78442 }, "geometry": { "type": "LineString", "coordinates": [ [ 642453.039629189646803, 5913282.041564100421965 ], [ 641583.066999769536778, 5911481.167436335235834 ] ] } },
{ "type": "Feature", "properties": { "transect_id": "cl32661s00tr00003168", "lon": 5.1463637, "lat": 53.340931, "bearing": 35.567043 }, "geometry": { "type": "LineString", "coordinates": [ [ 642314.82446643570438, 5911531.336862554773688 ], [ 643478.134769747732207, 5913158.207828001119196 ] ] } },
{ "type": "Feature", "properties": { "transect_id": "cl32661s00tr00003268", "lon": 5.1451693, "lat": 53.341473, "bearing": 35.567043 }, "geometry": { "type": "LineString", "coordinates": [ [ 642233.480890480102971, 5911589.502397214993834 ], [ 643396.791248872876167, 5913216.373323272913694 ] ] } },
{ "type": "Feature", "properties": { "transect_id": "cl32661s00tr00003368", "lon": 5.1439724, "lat": 53.342018, "bearing": 35.415096 }, "geometry": { "type": "LineString", "coordinates": [ [ 642154.15957265580073, 5911645.936015744693577 ], [ 643313.151366143487394, 5913275.886328677646816 ] ] } },
{ "type": "Feature", "properties": { "transect_id": "cl32661s00tr00003468", "lon": 5.1427751, "lat": 53.34256, "bearing": 35.415096 }, "geometry": { "type": "LineString", "coordinates": [ [ 642072.662028924445622, 5911703.885624130256474 ], [ 643231.653877391945571, 5913333.835897968150675 ] ] } },
{ "type": "Feature", "properties": { "transect_id": "cl32661s00tr00001168", "lon": 5.1345282, "lat": 53.341084, "bearing": 205.78442 }, "geometry": { "type": "LineString", "coordinates": [ [ 642543.083336302544922, 5913238.542934128083289 ], [ 641673.110706882551312, 5911437.668806362897158 ] ] } },
{ "type": "Feature", "properties": { "transect_id": "cl32661s00tr00000968", "lon": 5.1318803, "lat": 53.34193, "bearing": 207.66916 }, "geometry": { "type": "LineString", "coordinates": [ [ 642393.397735852980986, 5913312.777851625345647 ], [ 641464.66686639143154, 5911541.490474571473897 ] ] } },
{ "type": "Feature", "properties": { "transect_id": "cl32658s00tr00004140", "lon": 5.4207754, "lat": 53.431103, "bearing": 341.50665 }, "geometry": { "type": "LineString", "coordinates": [ [ 661139.653587212786078, 5922009.743553832173347 ], [ 660505.264538769843057, 5923906.464549451135099 ] ] } },
{ "type": "Feature", "properties": { "transect_id": "cl32661s00tr00000868", "lon": 5.1305819, "lat": 53.342381, "bearing": 210.11467 }, "geometry": { "type": "LineString", "coordinates": [ [ 642342.828151474823244, 5913339.731549307703972 ], [ 641339.363586034742184, 5911609.685634912922978 ] ] } },
{ "type": "Feature", "properties": { "transect_id": "cl32658s00tr00004240", "lon": 5.419332, "lat": 53.430847, "bearing": 341.94788 }, "geometry": { "type": "LineString", "coordinates": [ [ 661037.433622649288736, 5921975.826483158394694 ], [ 660417.669206799240783, 5923877.376395427621901 ] ] } },
{ "type": "Feature", "properties": { "transect_id": "cl32658s00tr00004340", "lon": 5.4178863, "lat": 53.430599, "bearing": 341.94791 }, "geometry": { "type": "LineString", "coordinates": [ [ 660942.355701108695939, 5921944.838140455074608 ], [ 660322.592127148993313, 5923846.388327117078006 ] ] } },
{ "type": "Feature", "properties": { "transect_id": "cl32658s00tr00004440", "lon": 5.416441, "lat": 53.430347, "bearing": 341.94788 }, "geometry": { "type": "LineString", "coordinates": [ [ 660847.278604308958165, 5921913.850066555663943 ], [ 660227.514222757774405, 5923815.399990001693368 ] ] } },
{ "type": "Feature", "properties": { "transect_id": "cl32658s00tr00004540", "lon": 5.4149952, "lat": 53.430099, "bearing": 341.94788 }, "geometry": { "type": "LineString", "coordinates": [ [ 660752.201120863202959, 5921882.861866637133062 ], [ 660132.43670501280576, 5923784.411778905428946 ] ] } },
{ "type": "Feature", "properties": { "transect_id": "cl32658s00tr00004640", "lon": 5.4135499, "lat": 53.429852, "bearing": 341.94788 }, "geometry": { "type": "LineString", "coordinates": [ [ 660657.123620267724618, 5921851.873661132529378 ], [ 660037.359204417327419, 5923753.423573399893939 ] ] } },
{ "type": "Feature", "properties": { "transect_id": "cl32658s00tr00004740", "lon": 5.4121046, "lat": 53.4296, "bearing": 341.94791 }, "geometry": { "type": "LineString", "coordinates": [ [ 660562.045681577408686, 5921820.885312840342522 ], [ 659942.2821419169195, 5923722.435510678216815 ] ] } },
{ "type": "Feature", "properties": { "transect_id": "cl32658s00tr00004840", "lon": 5.4106588, "lat": 53.429352, "bearing": 342.25015 }, "geometry": { "type": "LineString", "coordinates": [ [ 660461.940079652587883, 5921788.301227051764727 ], [ 659852.216218368150294, 5923693.094342584721744 ] ] } },
{ "type": "Feature", "properties": { "transect_id": "cl32661s00tr00003068", "lon": 5.1475272, "lat": 53.340363, "bearing": 37.835293 }, "geometry": { "type": "LineString", "coordinates": [ [ 642362.444455925258808, 5911494.166445893235505 ], [ 643589.231751595740207, 5913073.721108188852668 ] ] } },
{ "type": "Feature", "properties": { "transect_id": "cl32658s00tr00004940", "lon": 5.4092112, "lat": 53.429108, "bearing": 342.25015 }, "geometry": { "type": "LineString", "coordinates": [ [ 660366.700426703551784, 5921757.8150251545012 ], [ 659756.976565418881364, 5923662.60814068838954 ] ] } },
{ "type": "Feature", "properties": { "transect_id": "cl32661s00tr00002968", "lon": 5.1486664, "lat": 53.339775, "bearing": 39.591808 }, "geometry": { "type": "LineString", "coordinates": [ [ 642416.311780306394212, 5911450.515116204507649 ], [ 643690.93943163077347, 5912991.723846545442939 ] ] } },
{ "type": "Feature", "properties": { "transect_id": "cl32661s00tr00002768", "lon": 5.1508279, "lat": 53.338531, "bearing": 45.088043 }, "geometry": { "type": "LineString", "coordinates": [ [ 642493.489773379522376, 5911380.806301022879779 ], [ 643909.874848886043765, 5912792.845010789111257 ] ] } },
{ "type": "Feature", "properties": { "transect_id": "cl32661s00tr00001268", "lon": 5.1358776, "lat": 53.340687, "bearing": 203.80064 }, "geometry": { "type": "LineString", "coordinates": [ [ 642602.796053499099799, 5913211.94323515612632 ], [ 641795.684879985637963, 5911382.032976810820401 ] ] } },
{ "type": "Feature", "properties": { "transect_id": "cl32661s00tr00001368", "lon": 5.1372328, "lat": 53.340302, "bearing": 203.36455 }, "geometry": { "type": "LineString", "coordinates": [ [ 642687.336417300859466, 5913174.679499904625118 ], [ 641894.176394169451669, 5911338.679179180413485 ] ] } },
{ "type": "Feature", "properties": { "transect_id": "cl32661s00tr00001468", "lon": 5.1385927, "lat": 53.33992, "bearing": 203.36458 }, "geometry": { "type": "LineString", "coordinates": [ [ 642779.136814696365036, 5913135.021303607150912 ], [ 641985.976006716839038, 5911299.021321939304471 ] ] } },
{ "type": "Feature", "properties": { "transect_id": "cl32661s00tr00001568", "lon": 5.1399517, "lat": 53.339539, "bearing": 203.62738 }, "geometry": { "type": "LineString", "coordinates": [ [ 642875.058712933096103, 5913093.340306770987809 ], [ 642073.485150916967541, 5911260.997591917403042 ] ] } },
{ "type": "Feature", "properties": { "transect_id": "cl32661s00tr00001668", "lon": 5.1413083, "lat": 53.339153, "bearing": 203.62738 }, "geometry": { "type": "LineString", "coordinates": [ [ 642966.675841875723563, 5913053.261613124981523 ], [ 642165.102279859478585, 5911220.918898273259401 ] ] } },
{ "type": "Feature", "properties": { "transect_id": "cl32661s00tr00001768", "lon": 5.1426663, "lat": 53.338768, "bearing": 203.5632 }, "geometry": { "type": "LineString", "coordinates": [ [ 643057.306348072248511, 5913013.72222931496799 ], [ 642257.785527582629584, 5911180.482894802466035 ] ] } },
{ "type": "Feature", "properties": { "transect_id": "cl32661s00tr00001868", "lon": 5.1440225, "lat": 53.338383, "bearing": 203.90266 }, "geometry": { "type": "LineString", "coordinates": [ [ 643154.298673980752937, 5912971.149557327851653 ], [ 642343.93062325194478, 5911142.679261600598693 ] ] } },
{ "type": "Feature", "properties": { "transect_id": "cl32661s00tr00001968", "lon": 5.1453762, "lat": 53.337994, "bearing": 203.91576 }, "geometry": { "type": "LineString", "coordinates": [ [ 643245.93111163075082, 5912930.538245828822255 ], [ 642435.145002569071949, 5911102.253288457170129 ] ] } },
{ "type": "Feature", "properties": { "transect_id": "cl32661s00tr00002068", "lon": 5.1467299, "lat": 53.337605, "bearing": 203.91576 }, "geometry": { "type": "LineString", "coordinates": [ [ 643337.34536671184469, 5912889.998956638388336 ], [ 642526.559257650282234, 5911061.713999266736209 ] ] } },
{ "type": "Feature", "properties": { "transect_id": "cl32661s00tr00002168", "lon": 5.148077, "lat": 53.337208, "bearing": 204.63914 }, "geometry": { "type": "LineString", "coordinates": [ [ 643439.861876950250007, 5912843.367325630038977 ], [ 642606.058146923896857, 5911025.464319473132491 ] ] } },
{ "type": "Feature", "properties": { "transect_id": "cl32661s00tr00002268", "lon": 5.1494226, "lat": 53.336811, "bearing": 204.59337 }, "geometry": { "type": "LineString", "coordinates": [ [ 643530.055524652940221, 5912802.064321134239435 ], [ 642697.704610486514866, 5910983.495665380731225 ] ] } },
{ "type": "Feature", "properties": { "transect_id": "cl32661s00tr00002368", "lon": 5.150754, "lat": 53.336395, "bearing": 205.77112 }, "geometry": { "type": "LineString", "coordinates": [ [ 643638.680990089778788, 5912749.780645343475044 ], [ 642769.126446027308702, 5910948.704607276245952 ] ] } },
{ "type": "Feature", "properties": { "transect_id": "cl32661s00tr00002468", "lon": 5.1521792, "lat": 53.336258, "bearing": 147.68292 }, "geometry": { "type": "LineString", "coordinates": [ [ 642764.659653168171644, 5912682.120933722704649 ], [ 643833.868125016451813, 5910991.91584447119385 ] ] } },
{ "type": "Feature", "properties": { "transect_id": "cl32661s00tr00002568", "lon": 5.1525412, "lat": 53.337078, "bearing": 71.899849 }, "geometry": { "type": "LineString", "coordinates": [ [ 642370.102109912084416, 5911618.005553968250751 ], [ 644271.131930383155122, 5912239.363439312204719 ] ] } },
{ "type": "Feature", "properties": { "transect_id": "cl32661s00tr00002668", "lon": 5.1518149, "lat": 53.337852, "bearing": 48.818462 }, "geometry": { "type": "LineString", "coordinates": [ [ 642517.040091193863191, 5911355.114999656565487 ], [ 644022.294322797097266, 5912672.008958272635937 ] ] } },
{ "type": "Feature", "properties": { "transect_id": "cl32661s00tr00002868", "lon": 5.1497712, "lat": 53.339169, "bearing": 42.267273 }, "geometry": { "type": "LineString", "coordinates": [ [ 642456.622550305793993, 5911415.673334162682295 ], [ 643801.802397654042579, 5912895.704137318767607 ] ] } },
{ "type": "Feature", "properties": { "transect_id": "cl32658s00tr00004040", "lon": 5.4222174, "lat": 53.431358, "bearing": 341.50665 }, "geometry": { "type": "LineString", "coordinates": [ [ 661234.489630946074612, 5922041.463024338707328 ], [ 660600.100582503015175, 5923938.184019955806434 ] ] } },
{ "type": "Feature", "properties": { "transect_id": "cl32658s00tr00005040", "lon": 5.4077635, "lat": 53.428864, "bearing": 342.25015 }, "geometry": { "type": "LineString", "coordinates": [ [ 660271.460790654993616, 5921727.328828668221831 ], [ 659661.736895569250919, 5923632.121933379210532 ] ] } },
{ "type": "Feature", "properties": { "transect_id": "cl32658s00tr00005240", "lon": 5.4048686, "lat": 53.428371, "bearing": 342.25015 }, "geometry": { "type": "LineString", "coordinates": [ [ 660080.981467856210656, 5921666.356419463641942 ], [ 659471.257606571656652, 5923571.149534994736314 ] ] } },
{ "type": "Feature", "properties": { "transect_id": "cl32658s00tr00005140", "lon": 5.4063158, "lat": 53.428616, "bearing": 342.25015 }, "geometry": { "type": "LineString", "coordinates": [ [ 660176.221137705957517, 5921696.842626771889627 ], [ 659566.49724262021482, 5923601.63573148380965 ] ] } },
{ "type": "Feature", "properties": { "transect_id": "cl32658s00tr00005340", "lon": 5.4034209, "lat": 53.428127, "bearing": 342.25012 }, "geometry": { "type": "LineString", "coordinates": [ [ 659985.742237289319746, 5921635.870352770201862 ], [ 659376.017531240242533, 5923540.663197892718017 ] ] } },
{ "type": "Feature", "properties": { "transect_id": "cl32658s00tr00005440", "lon": 5.4019732, "lat": 53.427883, "bearing": 342.25015 }, "geometry": { "type": "LineString", "coordinates": [ [ 659890.502161958022043, 5921605.384015668183565 ], [ 659280.778300673235208, 5923510.177131199277937 ] ] } },
{ "type": "Feature", "properties": { "transect_id": "cl32658s00tr00005540", "lon": 5.4005246, "lat": 53.427639, "bearing": 342.60788 }, "geometry": { "type": "LineString", "coordinates": [ [ 659789.228988646063954, 5921573.268580377101898 ], [ 659191.410222046310082, 5923481.831579676829278 ] ] } },
{ "type": "Feature", "properties": { "transect_id": "cl32661s00tr00000068", "lon": 5.1298957, "lat": 53.347767, "bearing": 311.84393 }, "geometry": { "type": "LineString", "coordinates": [ [ 642522.521251658094116, 5912405.240808366797864 ], [ 641032.592150071403012, 5913739.448915163055062 ] ] } },
{ "type": "Feature", "properties": { "transect_id": "cl32661s00tr00000168", "lon": 5.1289148, "lat": 53.347084, "bearing": 306.59262 }, "geometry": { "type": "LineString", "coordinates": [ [ 642517.418019672622904, 5912398.620598792098463 ], [ 640911.629659731639549, 5913590.863754813559353 ] ] } },
{ "type": "Feature", "properties": { "transect_id": "cl32661s00tr00000268", "lon": 5.1280055, "lat": 53.346371, "bearing": 303.66858 }, "geometry": { "type": "LineString", "coordinates": [ [ 642488.637509663123637, 5912359.032123716548085 ], [ 640824.120915939332917, 5913467.80825496185571 ] ] } },
{ "type": "Feature", "properties": { "transect_id": "cl32661s00tr00000368", "lon": 5.1271863, "lat": 53.345619, "bearing": 295.75711 }, "geometry": { "type": "LineString", "coordinates": [ [ 642504.98545842547901, 5912393.526105955243111 ], [ 640703.69681599678006, 5913262.640152936801314 ] ] } },
{ "type": "Feature", "properties": { "transect_id": "cl32661s00tr00000468", "lon": 5.1265721, "lat": 53.344799, "bearing": 277.44547 }, "geometry": { "type": "LineString", "coordinates": [ [ 642557.731321135768667, 5912606.324561326764524 ], [ 640574.594004347105511, 5912865.489340493455529 ] ] } },
{ "type": "Feature", "properties": { "transect_id": "cl32661s00tr00000568", "lon": 5.1269932, "lat": 53.34399, "bearing": 228.19539 }, "geometry": { "type": "LineString", "coordinates": [ [ 642342.30723318119999, 5913313.419586663134396 ], [ 640851.462404657504521, 5911980.234791796654463 ] ] } },
{ "type": "Feature", "properties": { "transect_id": "cl32661s00tr00000668", "lon": 5.1280918, "lat": 53.343384, "bearing": 218.41148 }, "geometry": { "type": "LineString", "coordinates": [ [ 642293.317375506157987, 5913364.839282086119056 ], [ 641050.707628843840212, 5911797.701439551077783 ] ] } },
{ "type": "Feature", "properties": { "transect_id": "cl32661s00tr00000768", "lon": 5.1293106, "lat": 53.342857, "bearing": 213.60735 }, "geometry": { "type": "LineString", "coordinates": [ [ 642308.392855184734799, 5913358.216118291951716 ], [ 641201.396000843378715, 5911692.515675690956414 ] ] } },
{ "type": "Feature", "properties": { "transect_id": "cl32663s00tr00003559", "lon": 5.1405139, "lat": 53.288506, "bearing": 141.78194 }, "geometry": { "type": "LineString", "coordinates": [ [ 642063.187990113045089, 5907287.646011515520513 ], [ 643300.500371127505787, 5905716.322342825122178 ] ] } },
{ "type": "Feature", "properties": { "transect_id": "cl32663s00tr00003659", "lon": 5.1417193, "lat": 53.28904, "bearing": 141.78194 }, "geometry": { "type": "LineString", "coordinates": [ [ 642141.754168902640231, 5907349.511636465787888 ], [ 643379.066549917100929, 5905778.187967776320875 ] ] } },
{ "type": "Feature", "properties": { "transect_id": "cl32663s00tr00003759", "lon": 5.1429243, "lat": 53.289574, "bearing": 141.67923 }, "geometry": { "type": "LineString", "coordinates": [ [ 642218.848773339064792, 5907410.348690359853208 ], [ 643458.975605049403384, 5905841.245302667841315 ] ] } },
{ "type": "Feature", "properties": { "transect_id": "cl32655s00tr00003737", "lon": 5.6150064, "lat": 53.450703, "bearing": 285.70657 }, "geometry": { "type": "LineString", "coordinates": [ [ 674606.252106301370077, 5925322.938595089130104 ], [ 672680.930672002024949, 5925864.360218805260956 ] ] } },
{ "type": "Feature", "properties": { "transect_id": "cl32655s00tr00003837", "lon": 5.6146035, "lat": 53.449841, "bearing": 275.76251 }, "geometry": { "type": "LineString", "coordinates": [ [ 674615.318949551787227, 5925396.247926510870457 ], [ 672625.425682119326666, 5925597.058245535939932 ] ] } },
{ "type": "Feature", "properties": { "transect_id": "cl32655s00tr00003937", "lon": 5.6143975, "lat": 53.448948, "bearing": 275.76251 }, "geometry": { "type": "LineString", "coordinates": [ [ 674605.278439656132832, 5925296.753309521824121 ], [ 672615.385162834892981, 5925497.563535507768393 ] ] } },
{ "type": "Feature", "properties": { "transect_id": "cl32655s00tr00004337", "lon": 5.6142511, "lat": 53.44537, "bearing": 265.51309 }, "geometry": { "type": "LineString", "coordinates": [ [ 674612.14809645852074, 5925076.909581239335239 ], [ 672618.277615962317213, 5924920.447103293612599 ] ] } },
{ "type": "Feature", "properties": { "transect_id": "cl32655s00tr00004137", "lon": 5.6141257, "lat": 53.447166, "bearing": 265.51309 }, "geometry": { "type": "LineString", "coordinates": [ [ 674596.501845723949373, 5925276.296665600501001 ], [ 672602.631370927440003, 5925119.834115019068122 ] ] } },
{ "type": "Feature", "properties": { "transect_id": "cl32655s00tr00004037", "lon": 5.6141915, "lat": 53.448059, "bearing": 275.76251 }, "geometry": { "type": "LineString", "coordinates": [ [ 674595.237920371349901, 5925197.258599493652582 ], [ 672605.344652939005755, 5925398.068918517790735 ] ] } },
{ "type": "Feature", "properties": { "transect_id": "cl32655s00tr00004437", "lon": 5.614512, "lat": 53.444485, "bearing": 255.97044 }, "geometry": { "type": "LineString", "coordinates": [ [ 674606.310029597720131, 5925143.543249970301986 ], [ 672665.968478351715021, 5924658.698259783908725 ] ] } },
{ "type": "Feature", "properties": { "transect_id": "cl32655s00tr00004537", "lon": 5.6148233, "lat": 53.443607, "bearing": 255.97044 }, "geometry": { "type": "LineString", "coordinates": [ [ 674630.552279914263636, 5925046.526172608137131 ], [ 672690.210728668374941, 5924561.681182422675192 ] ] } },
{ "type": "Feature", "properties": { "transect_id": "cl32655s00tr00004637", "lon": 5.6151342, "lat": 53.44273, "bearing": 255.97044 }, "geometry": { "type": "LineString", "coordinates": [ [ 674654.794543920783326, 5924949.509040461853147 ], [ 672714.45296529494226, 5924464.664159848354757 ] ] } },
{ "type": "Feature", "properties": { "transect_id": "cl32662s00tr00000042", "lon": 5.0532255, "lat": 53.306129, "bearing": 342.42719 }, "geometry": { "type": "LineString", "coordinates": [ [ 637109.680180516093969, 5907338.260737125761807 ], [ 636505.845111868809909, 5909244.928828292526305 ] ] } },
{ "type": "Feature", "properties": { "transect_id": "cl32655s00tr00004237", "lon": 5.6141887, "lat": 53.446266, "bearing": 265.51309 }, "geometry": { "type": "LineString", "coordinates": [ [ 674604.324969666311517, 5925176.60314157884568 ], [ 672610.454494869802147, 5925020.140590997412801 ] ] } },
{ "type": "Feature", "properties": { "transect_id": "cl32658s00tr00005640", "lon": 5.3990746, "lat": 53.427399, "bearing": 342.60788 }, "geometry": { "type": "LineString", "coordinates": [ [ 659693.800839256728068, 5921543.3776402072981 ], [ 659095.982072656857781, 5923451.940639509819448 ] ] } },
{ "type": "Feature", "properties": { "transect_id": "cl32662s00tr00040142", "lon": 5.0974746, "lat": 53.301762, "bearing": 84.311699 }, "geometry": { "type": "LineString", "coordinates": [ [ 638774.938818289898336, 5907792.240196881815791 ], [ 640765.090472359559499, 5907990.473377265036106 ] ] } },
{ "type": "Feature", "properties": { "transect_id": "cl32658s00tr00040340", "lon": 5.3435335, "lat": 53.383148, "bearing": 149.81509 }, "geometry": { "type": "LineString", "coordinates": [ [ 655364.270661789923906, 5918317.660219307988882 ], [ 656369.855020531918854, 5916588.845568324439228 ] ] } },
{ "type": "Feature", "properties": { "transect_id": "cl32658s00tr00040240", "lon": 5.3422103, "lat": 53.382725, "bearing": 149.81509 }, "geometry": { "type": "LineString", "coordinates": [ [ 655277.829926684033126, 5918267.381005764007568 ], [ 656283.414285426028073, 5916538.566354782320559 ] ] } },
{ "type": "Feature", "properties": { "transect_id": "cl32658s00tr00039540", "lon": 5.3322239, "lat": 53.380848, "bearing": 157.04913 }, "geometry": { "type": "LineString", "coordinates": [ [ 654733.401194862788543, 5918093.448094784282148 ], [ 655513.284257610095665, 5916251.768858748488128 ] ] } },
{ "type": "Feature", "properties": { "transect_id": "cl32658s00tr00040140", "lon": 5.3408504, "lat": 53.382343, "bearing": 156.3671 }, "geometry": { "type": "LineString", "coordinates": [ [ 655290.702067076228559, 5918273.958153898827732 ], [ 656092.452451101504266, 5916441.692801468074322 ] ] } },
{ "type": "Feature", "properties": { "transect_id": "cl32658s00tr00039940", "lon": 5.3380027, "lat": 53.381794, "bearing": 168.09409 }, "geometry": { "type": "LineString", "coordinates": [ [ 655297.871627567801625, 5918269.162256151437759 ], [ 655710.481978347757831, 5916312.186860694549978 ] ] } },
{ "type": "Feature", "properties": { "transect_id": "cl32658s00tr00040040", "lon": 5.3394547, "lat": 53.382011, "bearing": 156.3671 }, "geometry": { "type": "LineString", "coordinates": [ [ 655199.088788636727259, 5918233.870659420266747 ], [ 656000.839172662002966, 5916401.605306989513338 ] ] } },
{ "type": "Feature", "properties": { "transect_id": "cl32658s00tr00039740", "lon": 5.3350625, "lat": 53.381435, "bearing": 162.06044 }, "geometry": { "type": "LineString", "coordinates": [ [ 655001.965633409563452, 5918195.730489419773221 ], [ 655617.992708113277331, 5916292.966541046276689 ] ] } },
{ "type": "Feature", "properties": { "transect_id": "cl32658s00tr00039840", "lon": 5.3365178, "lat": 53.38166, "bearing": 172.12936 }, "geometry": { "type": "LineString", "coordinates": [ [ 655268.987121497048065, 5918262.940789008513093 ], [ 655542.861161010107026, 5916281.781277388334274 ] ] } },
{ "type": "Feature", "properties": { "transect_id": "cl32662s00tr00037242", "lon": 5.0604901, "lat": 53.29174, "bearing": 139.20332 }, "geometry": { "type": "LineString", "coordinates": [ [ 636684.541321330703795, 5907462.205979286693037 ], [ 637991.294611987657845, 5905948.139984240755439 ] ] } },
{ "type": "Feature", "properties": { "transect_id": "cl32662s00tr00037342", "lon": 5.0616875, "lat": 53.292282, "bearing": 143.29523 }, "geometry": { "type": "LineString", "coordinates": [ [ 636818.299182965187356, 5907569.283693781122565 ], [ 638013.68316660891287, 5905965.832063189707696 ] ] } },
{ "type": "Feature", "properties": { "transect_id": "cl32662s00tr00037442", "lon": 5.0629153, "lat": 53.292797, "bearing": 143.29523 }, "geometry": { "type": "LineString", "coordinates": [ [ 636898.471746378578246, 5907629.052859057672322 ], [ 638093.855785806663334, 5906025.601270052604377 ] ] } },
{ "type": "Feature", "properties": { "transect_id": "cl32662s00tr00037542", "lon": 5.0641637, "lat": 53.293293, "bearing": 148.91508 }, "geometry": { "type": "LineString", "coordinates": [ [ 637061.462558469967917, 5907741.364534485153854 ], [ 638094.078516397974454, 5906028.558566655032337 ] ] } },
{ "type": "Feature", "properties": { "transect_id": "cl32662s00tr00037642", "lon": 5.0654702, "lat": 53.293736, "bearing": 148.91508 }, "geometry": { "type": "LineString", "coordinates": [ [ 637147.102860008832067, 5907792.995327159762383 ], [ 638179.718817936722189, 5906080.18935933150351 ] ] } },
{ "type": "Feature", "properties": { "transect_id": "cl32662s00tr00037742", "lon": 5.0667849, "lat": 53.294167, "bearing": 155.35851 }, "geometry": { "type": "LineString", "coordinates": [ [ 637332.689855588949285, 5907896.064340133219957 ], [ 638166.568243190879002, 5906078.19557845313102 ] ] } },
{ "type": "Feature", "properties": { "transect_id": "cl32662s00tr00037842", "lon": 5.0681658, "lat": 53.294518, "bearing": 155.35847 }, "geometry": { "type": "LineString", "coordinates": [ [ 637423.582923811511137, 5907937.758108876645565 ], [ 638257.462036718265153, 5906119.889679903164506 ] ] } },
{ "type": "Feature", "properties": { "transect_id": "cl32662s00tr00037942", "lon": 5.0695467, "lat": 53.294868, "bearing": 155.35851 }, "geometry": { "type": "LineString", "coordinates": [ [ 637514.476717338780873, 5907979.452210323885083 ], [ 638348.355104940710589, 5906161.583448646590114 ] ] } },
{ "type": "Feature", "properties": { "transect_id": "cl32658s00tr00037840", "lon": 5.3080645, "lat": 53.377579, "bearing": 151.03299 }, "geometry": { "type": "LineString", "coordinates": [ [ 653044.119525549001992, 5917631.616167098283768 ], [ 654012.731413907604292, 5915881.818747471086681 ] ] } },
{ "type": "Feature", "properties": { "transect_id": "cl32658s00tr00037940", "lon": 5.309392, "lat": 53.377998, "bearing": 149.90244 }, "geometry": { "type": "LineString", "coordinates": [ [ 653113.748888193978928, 5917671.548825651407242 ], [ 654116.696640938171186, 5915941.203251708298922 ] ] } },
{ "type": "Feature", "properties": { "transect_id": "cl32658s00tr00038040", "lon": 5.3107109, "lat": 53.378429, "bearing": 149.04666 }, "geometry": { "type": "LineString", "coordinates": [ [ 653187.054389980505221, 5917714.696605692617595 ], [ 654215.733856454840861, 5915999.523566243238747 ] ] } },
{ "type": "Feature", "properties": { "transect_id": "cl32658s00tr00038140", "lon": 5.3120284, "lat": 53.37886, "bearing": 150.66817 }, "geometry": { "type": "LineString", "coordinates": [ [ 653297.565101226791739, 5917779.856605632230639 ], [ 654277.298713484779, 5916036.262028611265123 ] ] } },
{ "type": "Feature", "properties": { "transect_id": "cl32658s00tr00037340", "lon": 5.3014355, "lat": 53.375469, "bearing": 146.12138 }, "geometry": { "type": "LineString", "coordinates": [ [ 652537.694389224052429, 5917338.099034088663757 ], [ 653652.564790509757586, 5915677.658132298849523 ] ] } },
{ "type": "Feature", "properties": { "transect_id": "cl32658s00tr00039340", "lon": 5.3294501, "lat": 53.380154, "bearing": 154.52881 }, "geometry": { "type": "LineString", "coordinates": [ [ 654511.342799170408398, 5917992.424868165515363 ], [ 655371.457397494697943, 5916186.821678715758026 ] ] } },
{ "type": "Feature", "properties": { "transect_id": "cl32658s00tr00039440", "lon": 5.3308306, "lat": 53.380512, "bearing": 155.4382 }, "geometry": { "type": "LineString", "coordinates": [ [ 654616.220327631453983, 5918041.682839199900627 ], [ 655447.569181682541966, 5916222.655878742225468 ] ] } },
{ "type": "Feature", "properties": { "transect_id": "cl32658s00tr00037240", "lon": 5.3001895, "lat": 53.374966, "bearing": 142.36389 }, "geometry": { "type": "LineString", "coordinates": [ [ 652403.394095992669463, 5917241.278855704702437 ], [ 653624.682980542303994, 5915657.469062681309879 ] ] } },
{ "type": "Feature", "properties": { "transect_id": "cl32658s00tr00038340", "lon": 5.3148651, "lat": 53.379421, "bearing": 169.54648 }, "geometry": { "type": "LineString", "coordinates": [ [ 653792.656538349110633, 5917959.625220412388444 ], [ 654155.532379487762228, 5915992.820419748313725 ] ] } },
{ "type": "Feature", "properties": { "transect_id": "cl32658s00tr00038440", "lon": 5.3163633, "lat": 53.379456, "bearing": 181.90953 }, "geometry": { "type": "LineString", "coordinates": [ [ 654106.918832302209921, 5917983.003444391302764 ], [ 654040.276182679226622, 5915984.114063445478678 ] ] } },
{ "type": "Feature", "properties": { "transect_id": "cl32658s00tr00038540", "lon": 5.3178539, "lat": 53.379349, "bearing": 187.32893 }, "geometry": { "type": "LineString", "coordinates": [ [ 654300.684273815364577, 5917966.817824145779014 ], [ 654045.553110789158382, 5915983.157548379153013 ] ] } },
{ "type": "Feature", "properties": { "transect_id": "cl32658s00tr00038640", "lon": 5.3193164, "lat": 53.379147, "bearing": 191.82365 }, "geometry": { "type": "LineString", "coordinates": [ [ 654476.025217829272151, 5917934.066699268296361 ], [ 654066.224672735203058, 5915976.500988173298538 ] ] } },
{ "type": "Feature", "properties": { "transect_id": "cl32658s00tr00038740", "lon": 5.3207874, "lat": 53.378967, "bearing": 185.92494 }, "geometry": { "type": "LineString", "coordinates": [ [ 654472.825967329437844, 5917933.277109111659229 ], [ 654266.375035228556953, 5915943.961143096908927 ] ] } },
{ "type": "Feature", "properties": { "transect_id": "cl32658s00tr00038840", "lon": 5.3222852, "lat": 53.378914, "bearing": 179.05057 }, "geometry": { "type": "LineString", "coordinates": [ [ 654452.823129448806867, 5917935.683942430652678 ], [ 654485.963310982682742, 5915935.958529189229012 ] ] } },
{ "type": "Feature", "properties": { "transect_id": "cl32658s00tr00038940", "lon": 5.3237796, "lat": 53.378994, "bearing": 166.9315 }, "geometry": { "type": "LineString", "coordinates": [ [ 654342.377410813467577, 5917922.302251263521612 ], [ 654794.609024130739272, 5915974.101397162303329 ] ] } },
{ "type": "Feature", "properties": { "transect_id": "cl32658s00tr00039040", "lon": 5.3252444, "lat": 53.379192, "bearing": 161.65274 }, "geometry": { "type": "LineString", "coordinates": [ [ 654350.42059065354988, 5917922.49456799030304 ], [ 654979.971331993001513, 5916024.16217768471688 ] ] } },
{ "type": "Feature", "properties": { "transect_id": "cl32658s00tr00039140", "lon": 5.326673, "lat": 53.379471, "bearing": 157.62111 }, "geometry": { "type": "LineString", "coordinates": [ [ 654378.45306895498652, 5917931.997239771299064 ], [ 655139.912582820514217, 5916082.624532946385443 ] ] } },
{ "type": "Feature", "properties": { "transect_id": "cl32658s00tr00039240", "lon": 5.3280706, "lat": 53.379799, "bearing": 154.82521 }, "geometry": { "type": "LineString", "coordinates": [ [ 654425.564717502333224, 5917951.999758551828563 ], [ 655276.326979010133073, 5916141.971147067844868 ] ] } },
{ "type": "Feature", "properties": { "transect_id": "cl32658s00tr00038240", "lon": 5.3133998, "lat": 53.379227, "bearing": 156.38911 }, "geometry": { "type": "LineString", "coordinates": [ [ 653476.807141119148582, 5917867.873017143458128 ], [ 654277.853447864064947, 5916035.299740451388061 ] ] } },
{ "type": "Feature", "properties": { "transect_id": "cl32658s00tr00037640", "lon": 5.3053818, "lat": 53.376766, "bearing": 152.0643 }, "geometry": { "type": "LineString", "coordinates": [ [ 652884.460379523341544, 5917544.262413874268532 ], [ 653821.421077692531981, 5915777.314579306170344 ] ] } },
{ "type": "Feature", "properties": { "transect_id": "cl32658s00tr00037540", "lon": 5.3040347, "lat": 53.376369, "bearing": 150.96469 }, "geometry": { "type": "LineString", "coordinates": [ [ 652779.42001141642686, 5917487.939370353706181 ], [ 653750.116920858388767, 5915739.297751838341355 ] ] } },
{ "type": "Feature", "properties": { "transect_id": "cl32658s00tr00037440", "lon": 5.3027163, "lat": 53.375938, "bearing": 148.244 }, "geometry": { "type": "LineString", "coordinates": [ [ 652652.314785535330884, 5917413.19659420941025 ], [ 653704.920565033797175, 5915712.602264875546098 ] ] } },
{ "type": "Feature", "properties": { "transect_id": "cl32658s00tr00037740", "lon": 5.3067265, "lat": 53.377167, "bearing": 151.02296 }, "geometry": { "type": "LineString", "coordinates": [ [ 652956.47941013937816, 5917583.095537749119103 ], [ 653925.39759204920847, 5915833.467703961767256 ] ] } },
{ "type": "Feature", "properties": { "transect_id": "cl32662s00tr00040342", "lon": 5.0966563, "lat": 53.303448, "bearing": 45.669617 }, "geometry": { "type": "LineString", "coordinates": [ [ 638994.67423456418328, 5907378.849519895389676 ], [ 640425.318757076514885, 5908776.438962544314563 ] ] } },
{ "type": "Feature", "properties": { "transect_id": "cl32662s00tr00038842", "lon": 5.0827317, "lat": 53.296528, "bearing": 171.45067 }, "geometry": { "type": "LineString", "coordinates": [ [ 638656.005399096291512, 5908269.735335799865425 ], [ 638953.327342166914605, 5906291.958891868591309 ] ] } },
{ "type": "Feature", "properties": { "transect_id": "cl32662s00tr00038242", "lon": 5.0738668, "lat": 53.295616, "bearing": 166.04543 }, "geometry": { "type": "LineString", "coordinates": [ [ 637975.737961634644307, 5908132.570178733207285 ], [ 638458.042910001240671, 5906191.595697504468262 ] ] } },
{ "type": "Feature", "properties": { "transect_id": "cl32662s00tr00038942", "lon": 5.0842209, "lat": 53.296638, "bearing": 171.45064 }, "geometry": { "type": "LineString", "coordinates": [ [ 638754.893760069855489, 5908284.601403431966901 ], [ 639052.216613880475052, 5906306.825096411630511 ] ] } },
{ "type": "Feature", "properties": { "transect_id": "cl32662s00tr00039042", "lon": 5.08571, "lat": 53.296745, "bearing": 171.45064 }, "geometry": { "type": "LineString", "coordinates": [ [ 638853.782576413359493, 5908299.467539518140256 ], [ 639151.105430223979056, 5906321.691232500597835 ] ] } },
{ "type": "Feature", "properties": { "transect_id": "cl32662s00tr00039142", "lon": 5.0871987, "lat": 53.296856, "bearing": 170.091 }, "geometry": { "type": "LineString", "coordinates": [ [ 638929.202189857838675, 5908310.81650573015213 ], [ 639273.369643443031237, 5906340.651851723901927 ] ] } },
{ "type": "Feature", "properties": { "transect_id": "cl32662s00tr00038142", "lon": 5.0724134, "lat": 53.295395, "bearing": 161.42561 }, "geometry": { "type": "LineString", "coordinates": [ [ 637802.217848876025528, 5908082.75347357057035 ], [ 638439.289063563104719, 5906186.93168146815151 ] ] } },
{ "type": "Feature", "properties": { "transect_id": "cl32662s00tr00038042", "lon": 5.0709782, "lat": 53.295135, "bearing": 161.42561 }, "geometry": { "type": "LineString", "coordinates": [ [ 637707.426743500400335, 5908050.899901561439037 ], [ 638344.49799333838746, 5906155.078121268190444 ] ] } },
{ "type": "Feature", "properties": { "transect_id": "cl32662s00tr00039242", "lon": 5.0886831, "lat": 53.296986, "bearing": 170.09103 }, "geometry": { "type": "LineString", "coordinates": [ [ 639027.710876489290968, 5908328.024945557117462 ], [ 639371.8774263310479, 5906357.860133677721024 ] ] } },
{ "type": "Feature", "properties": { "transect_id": "cl32662s00tr00039342", "lon": 5.0901632, "lat": 53.297127, "bearing": 164.52026 }, "geometry": { "type": "LineString", "coordinates": [ [ 639031.057378415134735, 5908325.418643555603921 ], [ 639564.852336280397139, 5906397.968788706697524 ] ] } },
{ "type": "Feature", "properties": { "transect_id": "cl32662s00tr00038342", "lon": 5.0753322, "lat": 53.295807, "bearing": 166.04543 }, "geometry": { "type": "LineString", "coordinates": [ [ 638072.78668616572395, 5908156.685424261726439 ], [ 638555.091634532553144, 5906215.710943032987416 ] ] } },
{ "type": "Feature", "properties": { "transect_id": "cl32662s00tr00039442", "lon": 5.09162, "lat": 53.29734, "bearing": 164.52026 }, "geometry": { "type": "LineString", "coordinates": [ [ 639127.429874269175343, 5908352.10838021337986 ], [ 639661.224832134321332, 5906424.658525366336107 ] ] } },
{ "type": "Feature", "properties": { "transect_id": "cl32662s00tr00039642", "lon": 5.0944142, "lat": 53.297977, "bearing": 143.96591 }, "geometry": { "type": "LineString", "coordinates": [ [ 638990.18393645028118, 5908273.155842318199575 ], [ 640166.717097018845379, 5906655.821701802313328 ] ] } },
{ "type": "Feature", "properties": { "transect_id": "cl32662s00tr00039742", "lon": 5.0956526, "lat": 53.298485, "bearing": 143.96593 }, "geometry": { "type": "LineString", "coordinates": [ [ 639071.050955934915692, 5908331.982710949145257 ], [ 640247.583507471485063, 5906714.64812739007175 ] ] } },
{ "type": "Feature", "properties": { "transect_id": "cl32662s00tr00039542", "lon": 5.0930433, "lat": 53.297619, "bearing": 156.38252 }, "geometry": { "type": "LineString", "coordinates": [ [ 639087.649439766188152, 5908338.13488163985312 ], [ 639888.906292543397285, 5906505.653652301989496 ] ] } },
{ "type": "Feature", "properties": { "transect_id": "cl32662s00tr00038442", "lon": 5.076798, "lat": 53.295998, "bearing": 166.04543 }, "geometry": { "type": "LineString", "coordinates": [ [ 638169.835410696920007, 5908180.800669790245593 ], [ 638652.140359063632786, 5906239.826188561506569 ] ] } },
{ "type": "Feature", "properties": { "transect_id": "cl32662s00tr00038542", "lon": 5.078279, "lat": 53.296139, "bearing": 169.50702 }, "geometry": { "type": "LineString", "coordinates": [ [ 638327.110980433179066, 5908212.215834524482489 ], [ 638691.341001021210104, 5906245.661362332291901 ] ] } },
{ "type": "Feature", "properties": { "transect_id": "cl32662s00tr00038642", "lon": 5.0797615, "lat": 53.29628, "bearing": 169.50702 }, "geometry": { "type": "LineString", "coordinates": [ [ 638425.438703073305078, 5908230.427340788766742 ], [ 638789.668723661336116, 5906263.872868597507477 ] ] } },
{ "type": "Feature", "properties": { "transect_id": "cl32662s00tr00040042", "lon": 5.0974817, "lat": 53.300865, "bearing": 95.351265 }, "geometry": { "type": "LineString", "coordinates": [ [ 638777.787511208793148, 5907885.091522800736129 ], [ 640769.070822113892063, 5907698.568667068146169 ] ] } },
{ "type": "Feature", "properties": { "transect_id": "cl32662s00tr00039942", "lon": 5.0972342, "lat": 53.299984, "bearing": 110.76456 }, "geometry": { "type": "LineString", "coordinates": [ [ 638824.772605218924582, 5908047.788568305782974 ], [ 640694.862843699054793, 5907338.731095358729362 ] ] } },
{ "type": "Feature", "properties": { "transect_id": "cl32662s00tr00039842", "lon": 5.0966239, "lat": 53.299168, "bearing": 128.10939 }, "geometry": { "type": "LineString", "coordinates": [ [ 638934.9693015771918, 5908218.365667508915067 ], [ 640508.63717336661648, 5906984.036121035926044 ] ] } },
{ "type": "Feature", "properties": { "transect_id": "cl32662s00tr00038742", "lon": 5.0812435, "lat": 53.296417, "bearing": 169.50702 }, "geometry": { "type": "LineString", "coordinates": [ [ 638523.766425713547505, 5908248.638847052119672 ], [ 638887.996446301462129, 5906282.084374859929085 ] ] } },
{ "type": "Feature", "properties": { "transect_id": "cl32662s00tr00040242", "lon": 5.0972972, "lat": 53.30265, "bearing": 74.676849 }, "geometry": { "type": "LineString", "coordinates": [ [ 638790.846935182926245, 5907725.710458493791521 ], [ 640719.748357205302455, 5908254.23605306725949 ] ] } },
{ "type": "Feature", "properties": { "transect_id": "cl32408s01tr00037248", "lon": 5.5157962, "lat": 53.252823, "bearing": 324.49466 }, "geometry": { "type": "LineString", "coordinates": [ [ 668413.594369589816779, 5902534.743809499777853 ], [ 667252.03650181402918, 5904162.866446099244058 ] ] } },
{ "type": "Feature", "properties": { "transect_id": "cl32408s01tr00037748", "lon": 5.5095453, "lat": 53.250347, "bearing": 324.51535 }, "geometry": { "type": "LineString", "coordinates": [ [ 668006.061343403998762, 5902244.437005861662328 ], [ 666845.091523285256699, 5903872.979015382938087 ] ] } },
{ "type": "Feature", "properties": { "transect_id": "cl32408s01tr00037648", "lon": 5.5107951, "lat": 53.250843, "bearing": 324.51535 }, "geometry": { "type": "LineString", "coordinates": [ [ 668087.488454584730789, 5902302.485481850802898 ], [ 666926.518634465988725, 5903931.02749137300998 ] ] } },
{ "type": "Feature", "properties": { "transect_id": "cl32408s01tr00037548", "lon": 5.5120449, "lat": 53.251335, "bearing": 324.51535 }, "geometry": { "type": "LineString", "coordinates": [ [ 668168.915565765462816, 5902360.533957840874791 ], [ 667007.945745646720752, 5903989.075967363081872 ] ] } },
{ "type": "Feature", "properties": { "transect_id": "cl32408s01tr00038948", "lon": 5.4945908, "lat": 53.244362, "bearing": 322.38495 }, "geometry": { "type": "LineString", "coordinates": [ [ 667061.628128922195174, 5901566.234146275557578 ], [ 665840.921957297599874, 5903150.493103187531233 ] ] } },
{ "type": "Feature", "properties": { "transect_id": "cl32408s01tr00037848", "lon": 5.5082955, "lat": 53.249851, "bearing": 324.51273 }, "geometry": { "type": "LineString", "coordinates": [ [ 667924.673304056166671, 5902186.412754026241601 ], [ 666763.628772946074605, 5903814.901500310748816 ] ] } },
{ "type": "Feature", "properties": { "transect_id": "cl32408s01tr00037948", "lon": 5.5070462, "lat": 53.249355, "bearing": 324.51273 }, "geometry": { "type": "LineString", "coordinates": [ [ 667843.248838564264588, 5902128.360508785583079 ], [ 666682.20436248218175, 5903756.849294304847717 ] ] } },
{ "type": "Feature", "properties": { "transect_id": "cl32408s01tr00038048", "lon": 5.5057964, "lat": 53.248859, "bearing": 324.66284 }, "geometry": { "type": "LineString", "coordinates": [ [ 667759.676295747514814, 5902068.807691269554198 ], [ 666602.902833151165396, 5903700.3330990485847 ] ] } },
{ "type": "Feature", "properties": { "transect_id": "cl32408s01tr00038148", "lon": 5.5045447, "lat": 53.248363, "bearing": 324.66284 }, "geometry": { "type": "LineString", "coordinates": [ [ 667678.099996576784179, 5902010.969000524841249 ], [ 666521.326588908443227, 5903642.494447249919176 ] ] } },
{ "type": "Feature", "properties": { "transect_id": "cl32408s01tr00038248", "lon": 5.5032926, "lat": 53.247871, "bearing": 324.66284 }, "geometry": { "type": "LineString", "coordinates": [ [ 667596.523724870174192, 5901953.130329254083335 ], [ 666439.750317201716825, 5903584.655775979161263 ] ] } },
{ "type": "Feature", "properties": { "transect_id": "cl32408s01tr00038348", "lon": 5.5020418, "lat": 53.247375, "bearing": 324.5589 }, "geometry": { "type": "LineString", "coordinates": [ [ 667516.480427953531034, 5901896.266300022602081 ], [ 666356.749044501571916, 5903525.690467707812786 ] ] } },
{ "type": "Feature", "properties": { "transect_id": "cl32408s01tr00038448", "lon": 5.5007915, "lat": 53.246883, "bearing": 324.55887 }, "geometry": { "type": "LineString", "coordinates": [ [ 667435.009564828244038, 5901838.279958223924041 ], [ 666275.277508208411746, 5903467.703646786510944 ] ] } },
{ "type": "Feature", "properties": { "transect_id": "cl32408s01tr00038548", "lon": 5.4995413, "lat": 53.246387, "bearing": 324.65369 }, "geometry": { "type": "LineString", "coordinates": [ [ 667352.188884564326145, 5901779.335809629410505 ], [ 666195.154621927067637, 5903410.676275345496833 ] ] } },
{ "type": "Feature", "properties": { "transect_id": "cl32408s01tr00038648", "lon": 5.4982901, "lat": 53.245892, "bearing": 324.65369 }, "geometry": { "type": "LineString", "coordinates": [ [ 667270.621867730398662, 5901721.484087400138378 ], [ 666113.58760509302374, 5903352.824553117156029 ] ] } },
{ "type": "Feature", "properties": { "transect_id": "cl32408s01tr00038748", "lon": 5.4970384, "lat": 53.245399, "bearing": 324.65369 }, "geometry": { "type": "LineString", "coordinates": [ [ 667189.054850896587595, 5901663.632365171797574 ], [ 666032.020588259096257, 5903294.972830888815224 ] ] } },
{ "type": "Feature", "properties": { "transect_id": "cl32408s01tr00038848", "lon": 5.4958086, "lat": 53.244884, "bearing": 322.38495 }, "geometry": { "type": "LineString", "coordinates": [ [ 667140.841058477060869, 5901627.269478595815599 ], [ 665920.13488685246557, 5903211.528435507789254 ] ] } },
{ "type": "Feature", "properties": { "transect_id": "cl32408s01tr00039048", "lon": 5.4933729, "lat": 53.243839, "bearing": 322.38495 }, "geometry": { "type": "LineString", "coordinates": [ [ 666982.415199367329478, 5901505.198813954368234 ], [ 665761.709027742734179, 5903089.457770868204534 ] ] } },
{ "type": "Feature", "properties": { "transect_id": "cl32408s01tr00039148", "lon": 5.4921551, "lat": 53.243317, "bearing": 322.38495 }, "geometry": { "type": "LineString", "coordinates": [ [ 666903.202269812347367, 5901444.163481635041535 ], [ 665682.496098187868483, 5903028.422438548877835 ] ] } },
{ "type": "Feature", "properties": { "transect_id": "cl32408s01tr00039348", "lon": 5.4897199, "lat": 53.242268, "bearing": 322.38495 }, "geometry": { "type": "LineString", "coordinates": [ [ 666744.776702890754677, 5901322.093042134307325 ], [ 665524.069946890114807, 5902906.35154877230525 ] ] } },
{ "type": "Feature", "properties": { "transect_id": "cl32408s01tr00039448", "lon": 5.4885445, "lat": 53.241711, "bearing": 319.27203 }, "geometry": { "type": "LineString", "coordinates": [ [ 666710.63393076963257, 5901291.743848253041506 ], [ 665405.697272542747669, 5902807.375834595412016 ] ] } },
{ "type": "Feature", "properties": { "transect_id": "cl32408s01tr00039548", "lon": 5.4873757, "lat": 53.24115, "bearing": 319.27203 }, "geometry": { "type": "LineString", "coordinates": [ [ 666634.852335393195972, 5901226.497010765597224 ], [ 665329.915677166427486, 5902742.128997105173767 ] ] } },
{ "type": "Feature", "properties": { "transect_id": "cl32408s01tr00039648", "lon": 5.4862075, "lat": 53.240589, "bearing": 319.27203 }, "geometry": { "type": "LineString", "coordinates": [ [ 666559.070740016992204, 5901161.25017327722162 ], [ 665254.134081790107302, 5902676.882159618660808 ] ] } },
{ "type": "Feature", "properties": { "transect_id": "cl32408s01tr00039748", "lon": 5.4850392, "lat": 53.240025, "bearing": 319.27203 }, "geometry": { "type": "LineString", "coordinates": [ [ 666483.289144640672021, 5901096.003335788846016 ], [ 665178.352486413787119, 5902611.635322129353881 ] ] } },
{ "type": "Feature", "properties": { "transect_id": "cl32408s01tr00039848", "lon": 5.4838705, "lat": 53.239464, "bearing": 319.27203 }, "geometry": { "type": "LineString", "coordinates": [ [ 666407.507549264468253, 5901030.756498300470412 ], [ 665102.570891037583351, 5902546.388484640978277 ] ] } },
{ "type": "Feature", "properties": { "transect_id": "cl32408s01tr00039948", "lon": 5.4827023, "lat": 53.238899, "bearing": 319.27203 }, "geometry": { "type": "LineString", "coordinates": [ [ 666331.725953888148069, 5900965.509660812094808 ], [ 665026.789295661146753, 5902481.141647154465318 ] ] } },
{ "type": "Feature", "properties": { "transect_id": "cl32408s01tr00040048", "lon": 5.4815397, "lat": 53.238335, "bearing": 317.03522 }, "geometry": { "type": "LineString", "coordinates": [ [ 666285.413821354624815, 5900925.871705765835941 ], [ 664922.316309180343524, 5902389.417117533273995 ] ] } },
{ "type": "Feature", "properties": { "transect_id": "cl32408s01tr00040148", "lon": 5.4804087, "lat": 53.237747, "bearing": 317.03522 }, "geometry": { "type": "LineString", "coordinates": [ [ 666212.236540624988265, 5900857.716841043904424 ], [ 664849.139028450939804, 5902321.2622528122738 ] ] } },
{ "type": "Feature", "properties": { "transect_id": "cl32408s01tr00040248", "lon": 5.4792781, "lat": 53.237156, "bearing": 317.03522 }, "geometry": { "type": "LineString", "coordinates": [ [ 666139.059010538039729, 5900789.561744081787765 ], [ 664775.961997079197317, 5902253.107620335184038 ] ] } },
{ "type": "Feature", "properties": { "transect_id": "cl32408s01tr00040348", "lon": 5.478147, "lat": 53.236568, "bearing": 317.03522 }, "geometry": { "type": "LineString", "coordinates": [ [ 666065.881729808519594, 5900721.406879362650216 ], [ 664702.784716349677183, 5902184.952755615115166 ] ] } },
{ "type": "Feature", "properties": { "transect_id": "cl32408s01tr00039248", "lon": 5.4909377, "lat": 53.242794, "bearing": 322.38495 }, "geometry": { "type": "LineString", "coordinates": [ [ 666823.989632445620373, 5901383.128374453634024 ], [ 665603.282876444980502, 5902967.386881090700626 ] ] } },
{ "type": "Feature", "properties": { "transect_id": "cl32408s01tr00037448", "lon": 5.5132957, "lat": 53.251831, "bearing": 324.56464 }, "geometry": { "type": "LineString", "coordinates": [ [ 668249.686034259619191, 5902418.021218927577138 ], [ 667090.11788882361725, 5904047.561557822860777 ] ] } },
{ "type": "Feature", "properties": { "transect_id": "cl32408s01tr00037348", "lon": 5.5145459, "lat": 53.252327, "bearing": 324.56464 }, "geometry": { "type": "LineString", "coordinates": [ [ 668331.163063362473622, 5902475.999609112739563 ], [ 667171.594917926588096, 5904105.539948008954525 ] ] } },
{ "type": "Feature", "properties": { "transect_id": "cl32408s01tr00029948", "lon": 5.5892606, "lat": 53.300701, "bearing": 322.48248 }, "geometry": { "type": "LineString", "coordinates": [ [ 673148.802204936160706, 5908055.605445984750986 ], [ 671930.794457492418587, 5909641.939940084703267 ] ] } },
{ "type": "Feature", "properties": { "transect_id": "cl32408s01tr00029148", "lon": 5.5993552, "lat": 53.304581, "bearing": 329.50528 }, "geometry": { "type": "LineString", "coordinates": [ [ 673704.117806304711848, 5908442.742385459132493 ], [ 672689.199724630918354, 5910166.094145110808313 ] ] } },
{ "type": "Feature", "properties": { "transect_id": "cl32408s01tr00029348", "lon": 5.5967784, "lat": 53.303661, "bearing": 326.65591 }, "geometry": { "type": "LineString", "coordinates": [ [ 673578.363586102263071, 5908360.519558735191822 ], [ 672479.032088002306409, 5910031.288919623009861 ] ] } },
{ "type": "Feature", "properties": { "transect_id": "cl32408s01tr00029448", "lon": 5.5954962, "lat": 53.303192, "bearing": 326.65588 }, "geometry": { "type": "LineString", "coordinates": [ [ 673494.825458769453689, 5908305.553173729218543 ], [ 672395.493310729740188, 5909976.322106970474124 ] ] } },
{ "type": "Feature", "properties": { "transect_id": "cl32408s01tr00029548", "lon": 5.594214, "lat": 53.302727, "bearing": 326.65588 }, "geometry": { "type": "LineString", "coordinates": [ [ 673411.287033194676042, 5908250.586592486128211 ], [ 672311.954831699142233, 5909921.355490555055439 ] ] } },
{ "type": "Feature", "properties": { "transect_id": "cl32408s01tr00029648", "lon": 5.5929317, "lat": 53.302261, "bearing": 326.65588 }, "geometry": { "type": "LineString", "coordinates": [ [ 673327.748554164078087, 5908195.619976068846881 ], [ 672228.416406124481, 5909866.388909311033785 ] ] } },
{ "type": "Feature", "properties": { "transect_id": "cl32408s01tr00029748", "lon": 5.5917048, "lat": 53.301743, "bearing": 322.48248 }, "geometry": { "type": "LineString", "coordinates": [ [ 673307.435689362930134, 5908177.406233333982527 ], [ 672089.427885685581714, 5909763.740684255026281 ] ] } },
{ "type": "Feature", "properties": { "transect_id": "cl32408s01tr00029848", "lon": 5.5904827, "lat": 53.301224, "bearing": 322.48248 }, "geometry": { "type": "LineString", "coordinates": [ [ 673228.118961207917891, 5908116.505850453861058 ], [ 672010.111157530569471, 5909702.840301374904811 ] ] } },
{ "type": "Feature", "properties": { "transect_id": "cl32408s01tr00029248", "lon": 5.5980606, "lat": 53.304127, "bearing": 326.65591 }, "geometry": { "type": "LineString", "coordinates": [ [ 673661.902038404950872, 5908415.48615756444633 ], [ 672562.570540304994211, 5910086.255518452264369 ] ] } },
{ "type": "Feature", "properties": { "transect_id": "cl32408s01tr00037148", "lon": 5.5170455, "lat": 53.253319, "bearing": 324.49466 }, "geometry": { "type": "LineString", "coordinates": [ [ 668495.000459604198113, 5902592.821703290566802 ], [ 667333.442646868526936, 5904220.944379158318043 ] ] } },
{ "type": "Feature", "properties": { "transect_id": "cl32408s01tr00037048", "lon": 5.5182948, "lat": 53.253815, "bearing": 324.40884 }, "geometry": { "type": "LineString", "coordinates": [ [ 668577.581526137888432, 5902651.831599335186183 ], [ 667413.586393485544249, 5904278.212652827613056 ] ] } },
{ "type": "Feature", "properties": { "transect_id": "cl32408s01tr00036948", "lon": 5.5195432, "lat": 53.254311, "bearing": 324.40881 }, "geometry": { "type": "LineString", "coordinates": [ [ 668658.900870587094687, 5902710.031598928384483 ], [ 667494.905122070806101, 5904336.412211650051177 ] ] } },
{ "type": "Feature", "properties": { "transect_id": "cl32408s01tr00036848", "lon": 5.5207782, "lat": 53.254822, "bearing": 323.18387 }, "geometry": { "type": "LineString", "coordinates": [ [ 668756.53795620042365, 5902782.13403027318418 ], [ 667558.039645688724704, 5904383.259197054430842 ] ] } },
{ "type": "Feature", "properties": { "transect_id": "cl32408s01tr00036748", "lon": 5.5220079, "lat": 53.255333, "bearing": 321.21384 }, "geometry": { "type": "LineString", "coordinates": [ [ 668863.695970802567899, 5902863.215717184357345 ], [ 667610.864723288919777, 5904422.194185687229037 ] ] } },
{ "type": "Feature", "properties": { "transect_id": "cl32408s01tr00036548", "lon": 5.5243964, "lat": 53.25642, "bearing": 318.72617 }, "geometry": { "type": "LineString", "coordinates": [ [ 669051.993299754569307, 5903017.426770722493529 ], [ 667732.676185154588893, 5904520.557620358653367 ] ] } },
{ "type": "Feature", "properties": { "transect_id": "cl32408s01tr00035448", "lon": 5.5356483, "lat": 53.263584, "bearing": 305.47296 }, "geometry": { "type": "LineString", "coordinates": [ [ 669928.86298359266948, 5904012.09327694773674 ], [ 668300.083993161446415, 5905172.730602011084557 ] ] } },
{ "type": "Feature", "properties": { "transect_id": "cl32408s01tr00035348", "lon": 5.5365777, "lat": 53.26429, "bearing": 306.69373 }, "geometry": { "type": "LineString", "coordinates": [ [ 669975.501401173765771, 5904075.472117100842297 ], [ 668371.818972712964751, 5905270.546453134156764 ] ] } },
{ "type": "Feature", "properties": { "transect_id": "cl32408s01tr00035248", "lon": 5.5375156, "lat": 53.264988, "bearing": 307.66885 }, "geometry": { "type": "LineString", "coordinates": [ [ 670025.000508455559611, 5904142.072906468994915 ], [ 668441.889140767045319, 5905364.266998047940433 ] ] } },
{ "type": "Feature", "properties": { "transect_id": "cl32408s01tr00035148", "lon": 5.5384731, "lat": 53.265682, "bearing": 307.66888 }, "geometry": { "type": "LineString", "coordinates": [ [ 670086.110189560800791, 5904221.228434766642749 ], [ 668502.998878184473142, 5905443.422599288634956 ] ] } },
{ "type": "Feature", "properties": { "transect_id": "cl32408s01tr00035048", "lon": 5.539434, "lat": 53.266369, "bearing": 308.45795 }, "geometry": { "type": "LineString", "coordinates": [ [ 670138.9588993859943, 5904289.360958720557392 ], [ 668572.829304001992568, 5905533.241214397363365 ] ] } },
{ "type": "Feature", "properties": { "transect_id": "cl32408s01tr00036648", "lon": 5.5232081, "lat": 53.255871, "bearing": 321.21381 }, "geometry": { "type": "LineString", "coordinates": [ [ 668941.64513489685487, 5902925.857501324266195 ], [ 667688.813378352439031, 5904484.835560757666826 ] ] } },
{ "type": "Feature", "properties": { "transect_id": "cl32408s01tr00030248", "lon": 5.5856471, "lat": 53.299099, "bearing": 318.96686 }, "geometry": { "type": "LineString", "coordinates": [ [ 672962.011317291879095, 5907907.256312518380582 ], [ 671649.020636486937292, 5909415.916470447555184 ] ] } },
{ "type": "Feature", "properties": { "transect_id": "cl32408s01tr00030548", "lon": 5.5821481, "lat": 53.297401, "bearing": 318.96686 }, "geometry": { "type": "LineString", "coordinates": [ [ 672735.712328252498992, 5907710.307728793472052 ], [ 671422.72158979694359, 5909218.967836546711624 ] ] } },
{ "type": "Feature", "properties": { "transect_id": "cl32408s01tr00031748", "lon": 5.5691929, "lat": 53.289936, "bearing": 308.4393 }, "geometry": { "type": "LineString", "coordinates": [ [ 672029.157726846635342, 5906981.314127685502172 ], [ 670462.623424045508727, 5908224.684659001417458 ] ] } },
{ "type": "Feature", "properties": { "transect_id": "cl32408s01tr00031848", "lon": 5.5682187, "lat": 53.289253, "bearing": 308.4393 }, "geometry": { "type": "LineString", "coordinates": [ [ 671966.989424998639151, 5906902.987661991268396 ], [ 670400.454705560463481, 5908146.357668383046985 ] ] } },
{ "type": "Feature", "properties": { "transect_id": "cl32408s01tr00031948", "lon": 5.567245, "lat": 53.288567, "bearing": 308.4393 }, "geometry": { "type": "LineString", "coordinates": [ [ 671904.82070651371032, 5906824.660671370103955 ], [ 670338.286403712583706, 5908068.031202687881887 ] ] } },
{ "type": "Feature", "properties": { "transect_id": "cl32408s01tr00032148", "lon": 5.5653338, "lat": 53.287186, "bearing": 303.63406 }, "geometry": { "type": "LineString", "coordinates": [ [ 671832.30551899666898, 5906733.989270886406302 ], [ 670167.12136136891786, 5907841.762587581761181 ] ] } },
{ "type": "Feature", "properties": { "transect_id": "cl32408s01tr00030448", "lon": 5.5833144, "lat": 53.297966, "bearing": 318.96686 }, "geometry": { "type": "LineString", "coordinates": [ [ 672811.145305381971411, 5907775.957239976152778 ], [ 671498.154624577029608, 5909284.61739790532738 ] ] } },
{ "type": "Feature", "properties": { "transect_id": "cl32408s01tr00032248", "lon": 5.5644588, "lat": 53.286453, "bearing": 303.63406 }, "geometry": { "type": "LineString", "coordinates": [ [ 671776.916846714913845, 5906650.730067293159664 ], [ 670111.73268908704631, 5907758.503383989445865 ] ] } },
{ "type": "Feature", "properties": { "transect_id": "cl32408s01tr00032348", "lon": 5.5635843, "lat": 53.285725, "bearing": 303.63406 }, "geometry": { "type": "LineString", "coordinates": [ [ 671721.528147589648142, 5906567.470823351293802 ], [ 670056.344043648219667, 5907675.244220749475062 ] ] } },
{ "type": "Feature", "properties": { "transect_id": "cl32408s01tr00032448", "lon": 5.5627093, "lat": 53.284996, "bearing": 303.63406 }, "geometry": { "type": "LineString", "coordinates": [ [ 671666.139502150937915, 5906484.211660109460354 ], [ 670000.955344523186795, 5907591.984976804815233 ] ] } },
{ "type": "Feature", "properties": { "transect_id": "cl32408s01tr00032548", "lon": 5.5618691, "lat": 53.284252, "bearing": 297.14389 }, "geometry": { "type": "LineString", "coordinates": [ [ 671670.367703075753525, 5906497.2367013534531 ], [ 669890.640771716716699, 5907409.690563088282943 ] ] } },
{ "type": "Feature", "properties": { "transect_id": "cl32408s01tr00032648", "lon": 5.5611377, "lat": 53.283466, "bearing": 297.14389 }, "geometry": { "type": "LineString", "coordinates": [ [ 671624.745111159514636, 5906408.250541657209396 ], [ 669845.017985952086747, 5907320.70402529463172 ] ] } },
{ "type": "Feature", "properties": { "transect_id": "cl32408s01tr00032748", "lon": 5.5604062, "lat": 53.282684, "bearing": 297.14389 }, "geometry": { "type": "LineString", "coordinates": [ [ 671579.122325394768268, 5906319.264003861695528 ], [ 669799.395394035615027, 5907231.717865599319339 ] ] } },
{ "type": "Feature", "properties": { "transect_id": "cl32408s01tr00032848", "lon": 5.5596747, "lat": 53.281898, "bearing": 297.14389 }, "geometry": { "type": "LineString", "coordinates": [ [ 671533.499709847266786, 5906230.27779807522893 ], [ 669753.772631902131252, 5907142.731373896822333 ] ] } },
{ "type": "Feature", "properties": { "transect_id": "cl32408s01tr00032948", "lon": 5.5589724, "lat": 53.281105, "bearing": 295.28125 }, "geometry": { "type": "LineString", "coordinates": [ [ 671504.17873716680333, 5906169.499878349713981 ], [ 669695.733894056756981, 5907023.623551731929183 ] ] } },
{ "type": "Feature", "properties": { "transect_id": "cl32408s01tr00033048", "lon": 5.5582523, "lat": 53.280319, "bearing": 298.97375 }, "geometry": { "type": "LineString", "coordinates": [ [ 671429.945206171250902, 5906022.830210926011205 ], [ 669680.261916786315851, 5906991.64824691042304 ] ] } },
{ "type": "Feature", "properties": { "transect_id": "cl32408s01tr00030348", "lon": 5.5844808, "lat": 53.298531, "bearing": 318.96686 }, "geometry": { "type": "LineString", "coordinates": [ [ 672886.578311337041669, 5907841.606776248663664 ], [ 671573.58763053198345, 5909350.266934175975621 ] ] } },
{ "type": "Feature", "properties": { "transect_id": "cl32408s01tr00035548", "lon": 5.5347357, "lat": 53.262871, "bearing": 305.47296 }, "geometry": { "type": "LineString", "coordinates": [ [ 669870.831121508730575, 5903930.654324455186725 ], [ 668242.052131077507511, 5905091.291649519465864 ] ] } },
{ "type": "Feature", "properties": { "transect_id": "cl32408s01tr00035648", "lon": 5.5338597, "lat": 53.262142, "bearing": 303.50385 }, "geometry": { "type": "LineString", "coordinates": [ [ 669834.757247527362779, 5903875.824794021435082 ], [ 668167.059440500801429, 5904979.810312241315842 ] ] } },
{ "type": "Feature", "properties": { "transect_id": "cl32408s01tr00035848", "lon": 5.5320268, "lat": 53.260719, "bearing": 308.91498 }, "geometry": { "type": "LineString", "coordinates": [ [ 669662.338063626782969, 5903637.335272699594498 ], [ 668106.179913910338655, 5904893.66795677319169 ] ] } },
{ "type": "Feature", "properties": { "transect_id": "cl32408s01tr00030048", "lon": 5.5880384, "lat": 53.300182, "bearing": 322.48248 }, "geometry": { "type": "LineString", "coordinates": [ [ 673069.485504897776991, 5907994.705084697343409 ], [ 671851.477701220428571, 5909581.03953561745584 ] ] } },
{ "type": "Feature", "properties": { "transect_id": "cl32408s01tr00030148", "lon": 5.5868163, "lat": 53.29966, "bearing": 322.48251 }, "geometry": { "type": "LineString", "coordinates": [ [ 672990.168483788380399, 5907933.804476885125041 ], [ 671772.161266019567847, 5909520.139377672225237 ] ] } },
{ "type": "Feature", "properties": { "transect_id": "cl32408s01tr00036448", "lon": 5.525557, "lat": 53.256989, "bearing": 318.72617 }, "geometry": { "type": "LineString", "coordinates": [ [ 669127.14984658616595, 5903083.392621494829655 ], [ 667807.832731986185536, 5904586.523471131920815 ] ] } },
{ "type": "Feature", "properties": { "transect_id": "cl32408s01tr00036348", "lon": 5.5267, "lat": 53.257568, "bearing": 316.97311 }, "geometry": { "type": "LineString", "coordinates": [ [ 669223.775500470073894, 5903171.231349958106875 ], [ 667859.092486843699589, 5904633.298473013564944 ] ] } },
{ "type": "Feature", "properties": { "transect_id": "cl32408s01tr00036248", "lon": 5.5278311, "lat": 53.258156, "bearing": 316.97308 }, "geometry": { "type": "LineString", "coordinates": [ [ 669296.879093662369996, 5903239.46574557479471 ], [ 667932.195582327898592, 5904701.532404074445367 ] ] } },
{ "type": "Feature", "properties": { "transect_id": "cl32408s01tr00036148", "lon": 5.5289202, "lat": 53.258774, "bearing": 314.40955 }, "geometry": { "type": "LineString", "coordinates": [ [ 669399.111881449469365, 5903341.905957722105086 ], [ 667970.399961035232991, 5904741.470978886820376 ] ] } },
{ "type": "Feature", "properties": { "transect_id": "cl32408s01tr00036048", "lon": 5.5299921, "lat": 53.259403, "bearing": 312.06421 }, "geometry": { "type": "LineString", "coordinates": [ [ 669496.155415005749092, 5903444.076509438455105 ], [ 668011.366116738179699, 5904784.002156537026167 ] ] } },
{ "type": "Feature", "properties": { "transect_id": "cl32408s01tr00035948", "lon": 5.5310345, "lat": 53.260048, "bearing": 312.06418 }, "geometry": { "type": "LineString", "coordinates": [ [ 669563.151889175758697, 5903518.316221479326487 ], [ 668078.362172884051688, 5904858.241405360400677 ] ] } },
{ "type": "Feature", "properties": { "transect_id": "cl32408s01tr00035748", "lon": 5.532969, "lat": 53.261417, "bearing": 304.84799 }, "geometry": { "type": "LineString", "coordinates": [ [ 669765.008843890507706, 5903773.962146447971463 ], [ 668123.667364874738269, 5904916.764906886033714 ] ] } },
{ "type": "Feature", "properties": { "transect_id": "cl32408s01tr00031648", "lon": 5.5701718, "lat": 53.290615, "bearing": 312.26056 }, "geometry": { "type": "LineString", "coordinates": [ [ 672048.487366353860125, 5907008.539189720526338 ], [ 670568.298857867717743, 5908353.545501727610826 ] ] } },
{ "type": "Feature", "properties": { "transect_id": "cl32408s01tr00033948", "lon": 5.5503807, "lat": 53.273762, "bearing": 308.3219 }, "geometry": { "type": "LineString", "coordinates": [ [ 670840.988172452896833, 5905139.107054454274476 ], [ 669271.909585889312439, 5906379.265265808440745 ] ] } },
{ "type": "Feature", "properties": { "transect_id": "cl32408s01tr00033148", "lon": 5.5574794, "lat": 53.279549, "bearing": 298.97375 }, "geometry": { "type": "LineString", "coordinates": [ [ 671381.504278413718566, 5905935.34600262157619 ], [ 669631.82103836350143, 5906904.164127705618739 ] ] } },
{ "type": "Feature", "properties": { "transect_id": "cl32408s01tr00034148", "lon": 5.5484262, "lat": 53.272396, "bearing": 310.20215 }, "geometry": { "type": "LineString", "coordinates": [ [ 670695.320389392902143, 5904957.514673198573291 ], [ 669167.777011616970412, 5906248.487650845199823 ] ] } },
{ "type": "Feature", "properties": { "transect_id": "cl32408s01tr00034248", "lon": 5.5474181, "lat": 53.271732, "bearing": 310.20215 }, "geometry": { "type": "LineString", "coordinates": [ [ 670630.771750421030447, 5904881.137495934963226 ], [ 669103.228372645098716, 5906172.110473579727113 ] ] } },
{ "type": "Feature", "properties": { "transect_id": "cl32408s01tr00034048", "lon": 5.5494099, "lat": 53.273075, "bearing": 308.3219 }, "geometry": { "type": "LineString", "coordinates": [ [ 670778.98044972633943, 5905060.653344709426165 ], [ 669209.901505070971325, 5906300.811102993786335 ] ] } },
{ "type": "Feature", "properties": { "transect_id": "cl32408s01tr00033248", "lon": 5.5566611, "lat": 53.278793, "bearing": 301.4285 }, "geometry": { "type": "LineString", "coordinates": [ [ 671308.403931558365002, 5905812.646486754529178 ], [ 669601.820909263100475, 5906855.514833197928965 ] ] } },
{ "type": "Feature", "properties": { "transect_id": "cl32408s01tr00033448", "lon": 5.5549636, "lat": 53.277313, "bearing": 303.23404 }, "geometry": { "type": "LineString", "coordinates": [ [ 671184.301604363834485, 5905617.237091089598835 ], [ 669511.424176949076355, 5906713.358030057512224 ] ] } },
{ "type": "Feature", "properties": { "transect_id": "cl32408s01tr00033348", "lon": 5.5558295, "lat": 53.278046, "bearing": 303.23407 }, "geometry": { "type": "LineString", "coordinates": [ [ 671239.107527220621705, 5905700.880738653242588 ], [ 669566.230379547458142, 5906797.002104556187987 ] ] } },
{ "type": "Feature", "properties": { "transect_id": "cl32408s01tr00033548", "lon": 5.5540886, "lat": 53.276585, "bearing": 305.02985 }, "geometry": { "type": "LineString", "coordinates": [ [ 671111.273347610142082, 5905508.082124540582299 ], [ 669473.567103809327818, 5906656.088334895670414 ] ] } },
{ "type": "Feature", "properties": { "transect_id": "cl32408s01tr00033648", "lon": 5.5531845, "lat": 53.275867, "bearing": 305.02985 }, "geometry": { "type": "LineString", "coordinates": [ [ 671053.873056986369193, 5905426.196856612339616 ], [ 669416.166758467559703, 5906574.202988908626139 ] ] } },
{ "type": "Feature", "properties": { "transect_id": "cl32408s01tr00033748", "lon": 5.5522699, "lat": 53.275154, "bearing": 306.78928 }, "geometry": { "type": "LineString", "coordinates": [ [ 670977.723678603419103, 5905319.976342963986099 ], [ 669376.036700002616271, 5906517.723738111555576 ] ] } },
{ "type": "Feature", "properties": { "transect_id": "cl32408s01tr00033848", "lon": 5.5513301, "lat": 53.274456, "bearing": 306.78925 }, "geometry": { "type": "LineString", "coordinates": [ [ 670917.836482879240066, 5905239.892212116159499 ], [ 669316.149170259945095, 5906437.639160595834255 ] ] } },
{ "type": "Feature", "properties": { "transect_id": "cl32408s01tr00034348", "lon": 5.5464039, "lat": 53.271072, "bearing": 310.95468 }, "geometry": { "type": "LineString", "coordinates": [ [ 670557.222585742245428, 5904795.176636557094753 ], [ 669046.765839091152884, 5906106.100134131498635 ] ] } },
{ "type": "Feature", "properties": { "transect_id": "cl32408s01tr00034448", "lon": 5.5453815, "lat": 53.270412, "bearing": 310.95468 }, "geometry": { "type": "LineString", "coordinates": [ [ 670491.676223803777248, 5904719.653615633025765 ], [ 668981.219819648656994, 5906030.577507834881544 ] ] } },
{ "type": "Feature", "properties": { "transect_id": "cl32408s01tr00034548", "lon": 5.5443716, "lat": 53.269749, "bearing": 309.89795 }, "geometry": { "type": "LineString", "coordinates": [ [ 670438.913219039328396, 5904657.469045807607472 ], [ 668904.537196722114459, 5905940.31362803094089 ] ] } },
{ "type": "Feature", "properties": { "transect_id": "cl32408s01tr00034648", "lon": 5.5433698, "lat": 53.269081, "bearing": 309.89795 }, "geometry": { "type": "LineString", "coordinates": [ [ 670374.770977813052014, 5904580.750254821963608 ], [ 668840.394955495838076, 5905863.594837043434381 ] ] } },
{ "type": "Feature", "properties": { "transect_id": "cl32408s01tr00034748", "lon": 5.5423756, "lat": 53.26841, "bearing": 309.29922 }, "geometry": { "type": "LineString", "coordinates": [ [ 670317.812637862050906, 5904511.650909536518157 ], [ 668770.114777873968706, 5905778.391346322372556 ] ] } },
{ "type": "Feature", "properties": { "transect_id": "cl32408s01tr00034848", "lon": 5.5413857, "lat": 53.267735, "bearing": 309.29922 }, "geometry": { "type": "LineString", "coordinates": [ [ 670254.475614852737635, 5904434.266017493791878 ], [ 668706.777754864655435, 5905701.0064542805776 ] ] } },
{ "type": "Feature", "properties": { "transect_id": "cl32408s01tr00034948", "lon": 5.5404072, "lat": 53.267052, "bearing": 308.45795 }, "geometry": { "type": "LineString", "coordinates": [ [ 670201.152918251231313, 5904367.6674336604774 ], [ 668635.023322867229581, 5905611.547689338214695 ] ] } },
{ "type": "Feature", "properties": { "transect_id": "cl32408s01tr00031548", "lon": 5.5712194, "lat": 53.29126, "bearing": 312.26056 }, "geometry": { "type": "LineString", "coordinates": [ [ 672115.737670147558674, 5907082.548625871539116 ], [ 670635.549161661416292, 5908427.55493788048625 ] ] } },
{ "type": "Feature", "properties": { "transect_id": "cl32408s01tr00031448", "lon": 5.5722671, "lat": 53.291901, "bearing": 312.26053 }, "geometry": { "type": "LineString", "coordinates": [ [ 672182.988184541347437, 5907156.558293791487813 ], [ 670702.799254855024628, 5908501.564142268151045 ] ] } },
{ "type": "Feature", "properties": { "transect_id": "cl32408s01tr00031348", "lon": 5.5733151, "lat": 53.292545, "bearing": 312.26053 }, "geometry": { "type": "LineString", "coordinates": [ [ 672250.238459364278242, 5907230.56769806239754 ], [ 670770.049587619490921, 5908575.573610302992165 ] ] } },
{ "type": "Feature", "properties": { "transect_id": "cl32408s01tr00032048", "lon": 5.5662713, "lat": 53.287884, "bearing": 308.4393 }, "geometry": { "type": "LineString", "coordinates": [ [ 671842.652376321959309, 5906746.334169968031347 ], [ 670276.117713571642525, 5907989.704247781075537 ] ] } },
{ "type": "Feature", "properties": { "transect_id": "cl32408s01tr00030648", "lon": 5.5809817, "lat": 53.296837, "bearing": 318.96686 }, "geometry": { "type": "LineString", "coordinates": [ [ 672660.279293472180143, 5907644.658167433924973 ], [ 671347.28861266723834, 5909153.318325364030898 ] ] } },
{ "type": "Feature", "properties": { "transect_id": "cl32408s01tr00030748", "lon": 5.579864, "lat": 53.296238, "bearing": 315.69098 }, "geometry": { "type": "LineString", "coordinates": [ [ 672630.214241842972115, 5907614.13758909702301 ], [ 671233.158543396973982, 5909045.303329127840698 ] ] } },
{ "type": "Feature", "properties": { "transect_id": "cl32408s01tr00030848", "lon": 5.5787535, "lat": 53.295635, "bearing": 315.69098 }, "geometry": { "type": "LineString", "coordinates": [ [ 672558.655959971016273, 5907544.284798918291926 ], [ 671161.600261525134556, 5908975.450538950040936 ] ] } },
{ "type": "Feature", "properties": { "transect_id": "cl32408s01tr00030948", "lon": 5.5776429, "lat": 53.295029, "bearing": 315.69098 }, "geometry": { "type": "LineString", "coordinates": [ [ 672487.097916544997133, 5907474.432241504080594 ], [ 671090.041741207358427, 5908905.597516011446714 ] ] } },
{ "type": "Feature", "properties": { "transect_id": "cl32408s01tr00031048", "lon": 5.5765328, "lat": 53.294426, "bearing": 315.69098 }, "geometry": { "type": "LineString", "coordinates": [ [ 672415.539396227221005, 5907404.579218565486372 ], [ 671018.483697781222872, 5908835.744958597235382 ] ] } },
{ "type": "Feature", "properties": { "transect_id": "cl32408s01tr00031148", "lon": 5.5754228, "lat": 53.293823, "bearing": 315.69098 }, "geometry": { "type": "LineString", "coordinates": [ [ 672343.981114355265163, 5907334.72642838768661 ], [ 670946.925415909267031, 5908765.892168418504298 ] ] } },
{ "type": "Feature", "properties": { "transect_id": "cl32408s01tr00031248", "lon": 5.5743628, "lat": 53.293186, "bearing": 312.26053 }, "geometry": { "type": "LineString", "coordinates": [ [ 672317.488792128511705, 5907304.577166098169982 ], [ 670837.299862442305312, 5908649.583014572039247 ] ] } },
{ "type": "Feature", "properties": { "transect_id": "cl32658s00tr00037040", "lon": 5.2977853, "lat": 53.37389, "bearing": 139.1088 }, "geometry": { "type": "LineString", "coordinates": [ [ 652203.393701431341469, 5917080.258961239829659 ], [ 653512.643153819255531, 5915568.350937773473561 ] ] } },
{ "type": "Feature", "properties": { "transect_id": "cl32658s00tr00036940", "lon": 5.296639, "lat": 53.373306, "bearing": 136.74104 }, "geometry": { "type": "LineString", "coordinates": [ [ 652098.535710760159418, 5916985.544907827861607 ], [ 653469.129495437955484, 5915529.017298270016909 ] ] } },
{ "type": "Feature", "properties": { "transect_id": "cl32658s00tr00036840", "lon": 5.295516, "lat": 53.372711, "bearing": 136.44505 }, "geometry": { "type": "LineString", "coordinates": [ [ 652022.223233952187002, 5916913.183208013884723 ], [ 653400.322956843534485, 5915463.755336829461157 ] ] } },
{ "type": "Feature", "properties": { "transect_id": "cl32658s00tr00036740", "lon": 5.294364, "lat": 53.372135, "bearing": 140.97984 }, "geometry": { "type": "LineString", "coordinates": [ [ 652007.128390865866095, 5916898.857079867273569 ], [ 653266.315767160151154, 5915345.007939382456243 ] ] } },
{ "type": "Feature", "properties": { "transect_id": "cl32658s00tr00036640", "lon": 5.2931275, "lat": 53.371628, "bearing": 150.1657 }, "geometry": { "type": "LineString", "coordinates": [ [ 652058.794382208492607, 5916930.441104775294662 ], [ 653053.781256427755579, 5915195.505624667741358 ] ] } },
{ "type": "Feature", "properties": { "transect_id": "cl32658s00tr00036540", "lon": 5.2917509, "lat": 53.371284, "bearing": 164.53087 }, "geometry": { "type": "LineString", "coordinates": [ [ 652199.208085811231285, 5916985.657939526252449 ], [ 652732.646354630589485, 5915058.109337451867759 ] ] } },
{ "type": "Feature", "properties": { "transect_id": "cl32658s00tr00036440", "lon": 5.2902699, "lat": 53.371174, "bearing": 177.81528 }, "geometry": { "type": "LineString", "coordinates": [ [ 652329.6911414868664, 5917005.672237341292202 ], [ 652405.933865940198302, 5915007.1260039601475 ] ] } },
{ "type": "Feature", "properties": { "transect_id": "cl32658s00tr00036340", "lon": 5.2887769, "lat": 53.371243, "bearing": 187.37462 }, "geometry": { "type": "LineString", "coordinates": [ [ 652396.620914756786078, 5917002.687599941156805 ], [ 652139.908375323750079, 5915019.231355883181095 ] ] } },
{ "type": "Feature", "properties": { "transect_id": "cl32658s00tr00036240", "lon": 5.2873011, "lat": 53.37141, "bearing": 192.43211 }, "geometry": { "type": "LineString", "coordinates": [ [ 652384.789449076051824, 5917002.723714185878634 ], [ 651954.224151189555414, 5915049.620152091607451 ] ] } },
{ "type": "Feature", "properties": { "transect_id": "cl32658s00tr00036140", "lon": 5.2858448, "lat": 53.371632, "bearing": 192.43211 }, "geometry": { "type": "LineString", "coordinates": [ [ 652287.134265343775041, 5917024.251953551545739 ], [ 651856.568967457395047, 5915071.148391458205879 ] ] } },
{ "type": "Feature", "properties": { "transect_id": "cl32658s00tr00036040", "lon": 5.2843981, "lat": 53.371872, "bearing": 194.4037 }, "geometry": { "type": "LineString", "coordinates": [ [ 652223.508204318350181, 5917040.139756279997528 ], [ 651726.003174093202688, 5915103.005598586052656 ] ] } },
{ "type": "Feature", "properties": { "transect_id": "cl32658s00tr00035940", "lon": 5.2829556, "lat": 53.372124, "bearing": 194.4037 }, "geometry": { "type": "LineString", "coordinates": [ [ 652126.651490385178477, 5917065.014984239824116 ], [ 651629.146460160030983, 5915127.880826545879245 ] ] } },
{ "type": "Feature", "properties": { "transect_id": "cl32658s00tr00037140", "lon": 5.298974, "lat": 53.374439, "bearing": 141.11256 }, "geometry": { "type": "LineString", "coordinates": [ [ 652307.317949234275147, 5917166.357659114524722 ], [ 653562.902836825349368, 5915609.596087757498026 ] ] } },
{ "type": "Feature", "properties": { "transect_id": "cl32658s00tr00030640", "lon": 5.2133508, "lat": 53.356499, "bearing": 128.93008 }, "geometry": { "type": "LineString", "coordinates": [ [ 646523.961460513528436, 5914840.992933417670429 ], [ 648079.788157648174092, 5913584.249805932864547 ] ] } },
{ "type": "Feature", "properties": { "transect_id": "cl32658s00tr00030740", "lon": 5.2143302, "lat": 53.357182, "bearing": 128.93008 }, "geometry": { "type": "LineString", "coordinates": [ [ 646586.798609034740366, 5914918.784274617210031 ], [ 648142.625306169386022, 5913662.041147133335471 ] ] } },
{ "type": "Feature", "properties": { "transect_id": "cl32658s00tr00030840", "lon": 5.2153101, "lat": 53.357861, "bearing": 128.93007 }, "geometry": { "type": "LineString", "coordinates": [ [ 646649.635573689243756, 5914996.575388194061816 ], [ 648205.46263855707366, 5913739.832715954631567 ] ] } },
{ "type": "Feature", "properties": { "transect_id": "cl32658s00tr00035740", "lon": 5.2800517, "lat": 53.372585, "bearing": 190.98776 }, "geometry": { "type": "LineString", "coordinates": [ [ 651873.715466384426691, 5917123.268384195864201 ], [ 651492.51672689372208, 5915159.932569564320147 ] ] } },
{ "type": "Feature", "properties": { "transect_id": "cl32658s00tr00032440", "lon": 5.2329173, "lat": 53.366295, "bearing": 170.83801 }, "geometry": { "type": "LineString", "coordinates": [ [ 648410.570347311673686, 5916330.017757970839739 ], [ 648729.023066047113389, 5914355.533555468544364 ] ] } },
{ "type": "Feature", "properties": { "transect_id": "cl32658s00tr00032340", "lon": 5.2314386, "lat": 53.366138, "bearing": 167.34363 }, "geometry": { "type": "LineString", "coordinates": [ [ 648252.846899880445562, 5916298.000113449059427 ], [ 648691.053743146709166, 5914346.596833109855652 ] ] } },
{ "type": "Feature", "properties": { "transect_id": "cl32658s00tr00032240", "lon": 5.2299628, "lat": 53.365971, "bearing": 167.34363 }, "geometry": { "type": "LineString", "coordinates": [ [ 648155.276736582396552, 5916276.089768084697425 ], [ 648593.483579848660156, 5914324.68648774549365 ] ] } },
{ "type": "Feature", "properties": { "transect_id": "cl32658s00tr00032140", "lon": 5.2285032, "lat": 53.365761, "bearing": 162.27846 }, "geometry": { "type": "LineString", "coordinates": [ [ 647973.60917305352632, 5916226.640526991337538 ], [ 648582.391425463953055, 5914321.546259205788374 ] ] } },
{ "type": "Feature", "properties": { "transect_id": "cl32658s00tr00032040", "lon": 5.2270584, "lat": 53.365513, "bearing": 162.27846 }, "geometry": { "type": "LineString", "coordinates": [ [ 647878.35446825157851, 5916196.201445706188679 ], [ 648487.136686907848343, 5914291.107167134992778 ] ] } },
{ "type": "Feature", "properties": { "transect_id": "cl32658s00tr00031940", "lon": 5.2256494, "lat": 53.365208, "bearing": 155.25194 }, "geometry": { "type": "LineString", "coordinates": [ [ 647671.437512507312931, 5916114.743830790743232 ], [ 648508.69566903996747, 5914298.4292161623016 ] ] } },
{ "type": "Feature", "properties": { "transect_id": "cl32658s00tr00031840", "lon": 5.2242661, "lat": 53.364857, "bearing": 155.25194 }, "geometry": { "type": "LineString", "coordinates": [ [ 647580.621770986123011, 5916072.880888164043427 ], [ 648417.879971777787432, 5914256.566293936222792 ] ] } },
{ "type": "Feature", "properties": { "transect_id": "cl32658s00tr00031740", "lon": 5.2229838, "lat": 53.364391, "bearing": 145.9817 }, "geometry": { "type": "LineString", "coordinates": [ [ 647356.101422571577132, 5915939.068304938264191 ], [ 648475.016467519802973, 5914281.350258287973702 ] ] } },
{ "type": "Feature", "properties": { "transect_id": "cl32658s00tr00031640", "lon": 5.2217808, "lat": 53.363857, "bearing": 135.35562 }, "geometry": { "type": "LineString", "coordinates": [ [ 647134.661039005266502, 5915760.018943368457258 ], [ 648540.069761572754942, 5914337.055021641775966 ] ] } },
{ "type": "Feature", "properties": { "transect_id": "cl32658s00tr00031540", "lon": 5.2206798, "lat": 53.363247, "bearing": 135.35561 }, "geometry": { "type": "LineString", "coordinates": [ [ 647063.512640656670555, 5915689.74829875677824 ], [ 648468.921776462346315, 5914266.78478517383337 ] ] } },
{ "type": "Feature", "properties": { "transect_id": "cl32658s00tr00031440", "lon": 5.2198, "lat": 53.362518, "bearing": 124.02128 }, "geometry": { "type": "LineString", "coordinates": [ [ 646881.386778615880758, 5915454.926211712881923 ], [ 648539.046477453317493, 5914335.924726972356439 ] ] } },
{ "type": "Feature", "properties": { "transect_id": "cl32658s00tr00031340", "lon": 5.219058, "lat": 53.36174, "bearing": 114.00612 }, "geometry": { "type": "LineString", "coordinates": [ [ 646750.024595234775916, 5915214.240879432298243 ], [ 648577.0286108761793, 5914400.572441534139216 ] ] } },
{ "type": "Feature", "properties": { "transect_id": "cl32658s00tr00031240", "lon": 5.2183938, "lat": 53.360935, "bearing": 117.30489 }, "geometry": { "type": "LineString", "coordinates": [ [ 646733.560511755174957, 5915175.120121720246971 ], [ 648510.716806922573596, 5914257.669576706364751 ] ] } },
{ "type": "Feature", "properties": { "transect_id": "cl32658s00tr00031140", "lon": 5.2176638, "lat": 53.360149, "bearing": 117.30489 }, "geometry": { "type": "LineString", "coordinates": [ [ 646687.688006676733494, 5915086.262353722006083 ], [ 648464.844254391733557, 5914168.811716790311038 ] ] } },
{ "type": "Feature", "properties": { "transect_id": "cl32658s00tr00031040", "lon": 5.2169337, "lat": 53.359364, "bearing": 117.30489 }, "geometry": { "type": "LineString", "coordinates": [ [ 646641.815454145777039, 5914997.404493807815015 ], [ 648418.971749312942848, 5914079.953948793001473 ] ] } },
{ "type": "Feature", "properties": { "transect_id": "cl32658s00tr00033140", "lon": 5.2432885, "lat": 53.367298, "bearing": 160.63383 }, "geometry": { "type": "LineString", "coordinates": [ [ 648924.648765566525981, 5916419.422598059289157 ], [ 649587.856675392948091, 5914532.585226067341864 ] ] } },
{ "type": "Feature", "properties": { "transect_id": "cl32658s00tr00033240", "lon": 5.2447209, "lat": 53.367569, "bearing": 160.63382 }, "geometry": { "type": "LineString", "coordinates": [ [ 649018.990231793723069, 5916452.58287169970572 ], [ 649682.198934113723226, 5914565.745778262615204 ] ] } },
{ "type": "Feature", "properties": { "transect_id": "cl32658s00tr00033340", "lon": 5.2461195, "lat": 53.367897, "bearing": 156.19724 }, "geometry": { "type": "LineString", "coordinates": [ [ 649038.897648071288131, 5916463.455829271115363 ], [ 649846.076782535645179, 5914633.575547698885202 ] ] } },
{ "type": "Feature", "properties": { "transect_id": "cl32658s00tr00034540", "lon": 5.2622027, "lat": 53.372444, "bearing": 179.11394 }, "geometry": { "type": "LineString", "coordinates": [ [ 650480.901115747750737, 5917087.733134830370545 ], [ 650511.829406886710785, 5915087.972288927063346 ] ] } },
{ "type": "Feature", "properties": { "transect_id": "cl32658s00tr00032540", "lon": 5.2344074, "lat": 53.366409, "bearing": 170.83801 }, "geometry": { "type": "LineString", "coordinates": [ [ 648509.294556327629834, 5916345.940400784835219 ], [ 648827.747275063302368, 5914371.456198281608522 ] ] } },
{ "type": "Feature", "properties": { "transect_id": "cl32658s00tr00032640", "lon": 5.2358975, "lat": 53.366528, "bearing": 170.83801 }, "geometry": { "type": "LineString", "coordinates": [ [ 648608.018765343585983, 5916361.863043596968055 ], [ 648926.471484079258516, 5914387.378841095604002 ] ] } },
{ "type": "Feature", "properties": { "transect_id": "cl32658s00tr00032840", "lon": 5.2388787, "lat": 53.366749, "bearing": 168.41908 }, "geometry": { "type": "LineString", "coordinates": [ [ 648764.044324328307994, 5916385.46354971267283 ], [ 649165.547709862468764, 5914426.179233590140939 ] ] } },
{ "type": "Feature", "properties": { "transect_id": "cl32658s00tr00035840", "lon": 5.2815094, "lat": 53.372368, "bearing": 193.7056 }, "geometry": { "type": "LineString", "coordinates": [ [ 652017.769638806348667, 5917092.027195747941732 ], [ 651543.903374059824273, 5915148.97527592163533 ] ] } },
{ "type": "Feature", "properties": { "transect_id": "cl32658s00tr00035640", "lon": 5.2785783, "lat": 53.372761, "bearing": 187.7269 }, "geometry": { "type": "LineString", "coordinates": [ [ 651718.92741487652529, 5917148.708920015953481 ], [ 651450.02477877959609, 5915166.868519705720246 ] ] } },
{ "type": "Feature", "properties": { "transect_id": "cl32658s00tr00030940", "lon": 5.2162032, "lat": 53.358578, "bearing": 117.30489 }, "geometry": { "type": "LineString", "coordinates": [ [ 646595.942925340961665, 5914908.546679850667715 ], [ 648373.099220508243889, 5913991.096134835854173 ] ] } },
{ "type": "Feature", "properties": { "transect_id": "cl32658s00tr00035540", "lon": 5.2770891, "lat": 53.372875, "bearing": 183.83163 }, "geometry": { "type": "LineString", "coordinates": [ [ 651551.838187982211821, 5917165.336809890344739 ], [ 651418.188745502266102, 5915169.807349690236151 ] ] } },
{ "type": "Feature", "properties": { "transect_id": "cl32658s00tr00033040", "lon": 5.2418308, "lat": 53.367085, "bearing": 165.04799 }, "geometry": { "type": "LineString", "coordinates": [ [ 648902.002344274893403, 5916415.134756401181221 ], [ 649418.022133402409963, 5914482.850207679904997 ] ] } },
{ "type": "Feature", "properties": { "transect_id": "cl32658s00tr00032940", "lon": 5.2403593, "lat": 53.366901, "bearing": 168.41911 }, "geometry": { "type": "LineString", "coordinates": [ [ 648862.008977487683296, 5916405.538798921741545 ], [ 649263.511492127436213, 5914446.254304331727326 ] ] } },
{ "type": "Feature", "properties": { "transect_id": "cl32658s00tr00032740", "lon": 5.2373881, "lat": 53.366638, "bearing": 171.06995 }, "geometry": { "type": "LineString", "coordinates": [ [ 648710.781078116153367, 5916378.168363666161895 ], [ 649021.238399718073197, 5914402.411229941993952 ] ] } },
{ "type": "Feature", "properties": { "transect_id": "cl32658s00tr00030540", "lon": 5.2123709, "lat": 53.355816, "bearing": 128.93008 }, "geometry": { "type": "LineString", "coordinates": [ [ 646461.124311992432922, 5914763.201592217199504 ], [ 648016.951009126845747, 5913506.4584647314623 ] ] } },
{ "type": "Feature", "properties": { "transect_id": "cl32658s00tr00030440", "lon": 5.2112813, "lat": 53.355202, "bearing": 137.25165 }, "geometry": { "type": "LineString", "coordinates": [ [ 646489.883317360188812, 5914798.432172477245331 ], [ 647847.442381504108198, 5913329.74793569650501 ] ] } },
{ "type": "Feature", "properties": { "transect_id": "cl32658s00tr00030340", "lon": 5.2101474, "lat": 53.354614, "bearing": 137.25166 }, "geometry": { "type": "LineString", "coordinates": [ [ 646416.449128541513346, 5914730.554252571426332 ], [ 647774.00813465740066, 5913261.869962154887617 ] ] } },
{ "type": "Feature", "properties": { "transect_id": "cl32658s00tr00030240", "lon": 5.2090135, "lat": 53.354023, "bearing": 137.25165 }, "geometry": { "type": "LineString", "coordinates": [ [ 646343.014881694922224, 5914662.676279030740261 ], [ 647700.573945838725194, 5913193.992042251862586 ] ] } },
{ "type": "Feature", "properties": { "transect_id": "cl32658s00tr00030140", "lon": 5.2078795, "lat": 53.353436, "bearing": 137.25166 }, "geometry": { "type": "LineString", "coordinates": [ [ 646269.580692876130342, 5914594.798359125852585 ], [ 647627.139698992250487, 5913126.114068710245192 ] ] } },
{ "type": "Feature", "properties": { "transect_id": "cl32658s00tr00030040", "lon": 5.2066994, "lat": 53.352882, "bearing": 144.07156 }, "geometry": { "type": "LineString", "coordinates": [ [ 646284.941344102844596, 5914606.245710858143866 ], [ 647458.489933663513511, 5912986.744643262587488 ] ] } },
{ "type": "Feature", "properties": { "transect_id": "cl32658s00tr00029940", "lon": 5.2054563, "lat": 53.352375, "bearing": 144.07155 }, "geometry": { "type": "LineString", "coordinates": [ [ 646203.96600136149209, 5914547.568038084544241 ], [ 647377.515201586298645, 5912928.067412999458611 ] ] } },
{ "type": "Feature", "properties": { "transect_id": "cl32658s00tr00029840", "lon": 5.2042136, "lat": 53.351871, "bearing": 144.07155 }, "geometry": { "type": "LineString", "coordinates": [ [ 646122.990963952033781, 5914488.890586568042636 ], [ 647296.54016417695675, 5912869.389961482025683 ] ] } },
{ "type": "Feature", "properties": { "transect_id": "cl32658s00tr00029740", "lon": 5.2029705, "lat": 53.351368, "bearing": 144.07155 }, "geometry": { "type": "LineString", "coordinates": [ [ 646042.015926542691886, 5914430.213135052472353 ], [ 647215.565126767498441, 5912810.7125099664554 ] ] } },
{ "type": "Feature", "properties": { "transect_id": "cl32658s00tr00029640", "lon": 5.2017279, "lat": 53.350861, "bearing": 144.07156 }, "geometry": { "type": "LineString", "coordinates": [ [ 645961.04119446547702, 5914371.535904789343476 ], [ 647134.589784026145935, 5912752.034837193787098 ] ] } },
{ "type": "Feature", "properties": { "transect_id": "cl32658s00tr00029540", "lon": 5.2004018, "lat": 53.350441, "bearing": 150.41522 }, "geometry": { "type": "LineString", "coordinates": [ [ 645967.302216208772734, 5914381.791301758959889 ], [ 646954.724035203224048, 5912642.539120108820498 ] ] } },
{ "type": "Feature", "properties": { "transect_id": "cl32658s00tr00029440", "lon": 5.1990738, "lat": 53.350021, "bearing": 150.41522 }, "geometry": { "type": "LineString", "coordinates": [ [ 645880.339620661805384, 5914332.420186965726316 ], [ 646867.761439656256698, 5912593.168005316518247 ] ] } },
{ "type": "Feature", "properties": { "transect_id": "cl32658s00tr00029240", "lon": 5.1964173, "lat": 53.349182, "bearing": 150.41522 }, "geometry": { "type": "LineString", "coordinates": [ [ 645706.414404576993547, 5914233.677943195216358 ], [ 646693.836273553664796, 5912494.425789922475815 ] ] } },
{ "type": "Feature", "properties": { "transect_id": "cl32658s00tr00029340", "lon": 5.1977453, "lat": 53.349602, "bearing": 150.41522 }, "geometry": { "type": "LineString", "coordinates": [ [ 645793.377000123960897, 5914283.049057987518609 ], [ 646780.798869100515731, 5912543.796904714778066 ] ] } },
{ "type": "Feature", "properties": { "transect_id": "cl32658s00tr00029140", "lon": 5.1950483, "lat": 53.348816, "bearing": 157.46408 }, "geometry": { "type": "LineString", "coordinates": [ [ 645727.00147879938595, 5914244.247703088447452 ], [ 646493.526481508510187, 5912396.968779855407774 ] ] } },
{ "type": "Feature", "properties": { "transect_id": "cl32658s00tr00029040", "lon": 5.193644, "lat": 53.348499, "bearing": 157.46408 }, "geometry": { "type": "LineString", "coordinates": [ [ 645634.637531570508145, 5914205.921455524861813 ], [ 646401.162534279632382, 5912358.642532290890813 ] ] } },
{ "type": "Feature", "properties": { "transect_id": "cl32658s00tr00028940", "lon": 5.1922398, "lat": 53.348179, "bearing": 157.46408 }, "geometry": { "type": "LineString", "coordinates": [ [ 645542.27358434163034, 5914167.595207961276174 ], [ 646308.798587050754577, 5912320.316284727305174 ] ] } },
{ "type": "Feature", "properties": { "transect_id": "cl32658s00tr00028840", "lon": 5.1908355, "lat": 53.347862, "bearing": 157.46408 }, "geometry": { "type": "LineString", "coordinates": [ [ 645449.909616507473402, 5914129.268951847217977 ], [ 646216.434660427155904, 5912281.990045715123415 ] ] } },
{ "type": "Feature", "properties": { "transect_id": "cl32658s00tr00028740", "lon": 5.1894116, "lat": 53.347584, "bearing": 166.05417 }, "geometry": { "type": "LineString", "coordinates": [ [ 645498.330360189080238, 5914142.298012773506343 ], [ 645980.339146408019587, 5912201.249963393434882 ] ] } },
{ "type": "Feature", "properties": { "transect_id": "cl32658s00tr00028640", "lon": 5.1879435, "lat": 53.347393, "bearing": 166.05417 }, "geometry": { "type": "LineString", "coordinates": [ [ 645401.277968544396572, 5914118.197588081471622 ], [ 645883.286727533792146, 5912177.149531938135624 ] ] } },
{ "type": "Feature", "properties": { "transect_id": "cl32658s00tr00035440", "lon": 5.2755895, "lat": 53.372921, "bearing": 179.36378 }, "geometry": { "type": "LineString", "coordinates": [ [ 651373.995419990853406, 5917169.249644773080945 ], [ 651396.202806887216866, 5915169.372940581291914 ] ] } },
{ "type": "Feature", "properties": { "transect_id": "cl32658s00tr00035340", "lon": 5.2740893, "lat": 53.372879, "bearing": 174.42458 }, "geometry": { "type": "LineString", "coordinates": [ [ 651188.31030519597698, 5917156.815831487067044 ], [ 651382.622367269475944, 5915166.277506677433848 ] ] } },
{ "type": "Feature", "properties": { "transect_id": "cl32658s00tr00035140", "lon": 5.2711468, "lat": 53.372524, "bearing": 164.55078 }, "geometry": { "type": "LineString", "coordinates": [ [ 650824.628399317618459, 5917079.673261693678796 ], [ 651357.397040002746508, 5915151.939468998461962 ] ] } },
{ "type": "Feature", "properties": { "transect_id": "cl32658s00tr00035040", "lon": 5.2696753, "lat": 53.372345, "bearing": 167.55347 }, "geometry": { "type": "LineString", "coordinates": [ [ 650778.225931529304944, 5917069.17472777236253 ], [ 651209.282998419948854, 5915116.179641990922391 ] ] } },
{ "type": "Feature", "properties": { "transect_id": "cl32658s00tr00034940", "lon": 5.2681823, "lat": 53.372242, "bearing": 173.6526 }, "geometry": { "type": "LineString", "coordinates": [ [ 650784.250562639441341, 5917072.221926893107593 ], [ 651005.363319668336771, 5915084.482218409888446 ] ] } },
{ "type": "Feature", "properties": { "transect_id": "cl32658s00tr00034840", "lon": 5.2666821, "lat": 53.372196, "bearing": 176.79785 }, "geometry": { "type": "LineString", "coordinates": [ [ 650739.343588402261958, 5917068.339034443721175 ], [ 650851.061317992629483, 5915071.461684957146645 ] ] } },
{ "type": "Feature", "properties": { "transect_id": "cl32658s00tr00034740", "lon": 5.2651801, "lat": 53.372208, "bearing": 182.84843 }, "geometry": { "type": "LineString", "coordinates": [ [ 650744.942251319531351, 5917066.826238819397986 ], [ 650645.554304147837684, 5915069.29725631326437 ] ] } },
{ "type": "Feature", "properties": { "transect_id": "cl32658s00tr00034640", "lon": 5.2636881, "lat": 53.372307, "bearing": 187.4337 }, "geometry": { "type": "LineString", "coordinates": [ [ 650725.010997031931765, 5917067.519636529497802 ], [ 650466.25327302259393, 5915084.329166539013386 ] ] } },
{ "type": "Feature", "properties": { "transect_id": "cl32658s00tr00034440", "lon": 5.2607045, "lat": 53.372417, "bearing": 170.13763 }, "geometry": { "type": "LineString", "coordinates": [ [ 650225.511851036339067, 5917067.100799433887005 ], [ 650568.07562117872294, 5915096.656670972704887 ] ] } },
{ "type": "Feature", "properties": { "transect_id": "cl32658s00tr00033440", "lon": 5.2474856, "lat": 53.368271, "bearing": 151.79979 }, "geometry": { "type": "LineString", "coordinates": [ [ 649059.508677665493451, 5916474.109628692269325 ], [ 650004.616745471139438, 5914711.506230260245502 ] ] } },
{ "type": "Feature", "properties": { "transect_id": "cl32658s00tr00034340", "lon": 5.2592397, "lat": 53.372227, "bearing": 161.99588 }, "geometry": { "type": "LineString", "coordinates": [ [ 649990.954774602432735, 5917008.655466692522168 ], [ 650609.125729458872229, 5915106.586942539550364 ] ] } },
{ "type": "Feature", "properties": { "transect_id": "cl32658s00tr00034240", "lon": 5.2578363, "lat": 53.37191, "bearing": 155.3681 }, "geometry": { "type": "LineString", "coordinates": [ [ 649791.021293871337548, 5916928.358925892971456 ], [ 650624.595170960645191, 5915110.350512427277863 ] ] } },
{ "type": "Feature", "properties": { "transect_id": "cl32658s00tr00034140", "lon": 5.2564917, "lat": 53.37151, "bearing": 150.44374 }, "geometry": { "type": "LineString", "coordinates": [ [ 649626.48562598391436, 5916841.966002114117146 ], [ 650613.041287220781669, 5915102.222363735549152 ] ] } },
{ "type": "Feature", "properties": { "transect_id": "cl32658s00tr00034040", "lon": 5.255187, "lat": 53.371063, "bearing": 147.24191 }, "geometry": { "type": "LineString", "coordinates": [ [ 649493.461381769739091, 5916760.787585251033306 ], [ 650575.64791473466903, 5915078.862406215630472 ] ] } },
{ "type": "Feature", "properties": { "transect_id": "cl32658s00tr00033940", "lon": 5.2539082, "lat": 53.370594, "bearing": 144.99684 }, "geometry": { "type": "LineString", "coordinates": [ [ 649377.502256651641801, 5916683.845249583944678 ], [ 650524.745268799364567, 5915045.604281021282077 ] ] } },
{ "type": "Feature", "properties": { "transect_id": "cl32658s00tr00033840", "lon": 5.2526507, "lat": 53.370102, "bearing": 144.99684 }, "geometry": { "type": "LineString", "coordinates": [ [ 649295.590194542659447, 5916626.483118513599038 ], [ 650442.833206690382212, 5914988.242149949073792 ] ] } },
{ "type": "Feature", "properties": { "transect_id": "cl32658s00tr00033740", "lon": 5.2513905, "lat": 53.369614, "bearing": 145.23178 }, "geometry": { "type": "LineString", "coordinates": [ [ 649216.861309380503371, 5916571.724582571536303 ], [ 650357.377500729868189, 5914928.79341624956578 ] ] } },
{ "type": "Feature", "properties": { "transect_id": "cl32658s00tr00033640", "lon": 5.2501221, "lat": 53.369129, "bearing": 148.15274 }, "geometry": { "type": "LineString", "coordinates": [ [ 649176.753645218675956, 5916543.546996724791825 ], [ 650232.067027253564447, 5914844.631558660417795 ] ] } },
{ "type": "Feature", "properties": { "transect_id": "cl32658s00tr00033540", "lon": 5.2488213, "lat": 53.368679, "bearing": 148.15274 }, "geometry": { "type": "LineString", "coordinates": [ [ 649091.807905208552256, 5916490.781334488652647 ], [ 650147.121235063532367, 5914791.865864009596407 ] ] } },
{ "type": "Feature", "properties": { "transect_id": "cl32658s00tr00035240", "lon": 5.2726064, "lat": 53.372738, "bearing": 164.37927 }, "geometry": { "type": "LineString", "coordinates": [ [ 650918.078995605697855, 5917105.697972533293068 ], [ 651456.615336607210338, 5915179.567496831528842 ] ] } },
{ "type": "Feature", "properties": { "transect_id": "cl32408s01tr00028948", "lon": 5.6019979, "lat": 53.305431, "bearing": 330.69589 }, "geometry": { "type": "LineString", "coordinates": [ [ 673858.686812218395062, 5908533.444778710603714 ], [ 672879.796860078233294, 5910277.51314365491271 ] ] } },
{ "type": "Feature", "properties": { "transect_id": "cl32408s01tr00028848", "lon": 5.603332, "lat": 53.30584, "bearing": 330.69589 }, "geometry": { "type": "LineString", "coordinates": [ [ 673945.89022224699147, 5908582.38929096236825 ], [ 672967.000270106829703, 5910326.457655905745924 ] ] } },
{ "type": "Feature", "properties": { "transect_id": "cl32408s01tr00028748", "lon": 5.6046667, "lat": 53.306252, "bearing": 331.82523 }, "geometry": { "type": "LineString", "coordinates": [ [ 674015.878908096929081, 5908621.73382103163749 ], [ 673071.553134590154514, 5910384.756462262012064 ] ] } },
{ "type": "Feature", "properties": { "transect_id": "cl32408s01tr00028648", "lon": 5.6060143, "lat": 53.306644, "bearing": 331.82523 }, "geometry": { "type": "LineString", "coordinates": [ [ 674104.030033725197427, 5908668.950121714733541 ], [ 673159.70426021842286, 5910431.972762947902083 ] ] } },
{ "type": "Feature", "properties": { "transect_id": "cl32408s01tr00029048", "lon": 5.6006746, "lat": 53.305008, "bearing": 329.50528 }, "geometry": { "type": "LineString", "coordinates": [ [ 673790.285418719286099, 5908493.488306263461709 ], [ 672775.367286141263321, 5910216.840035936795175 ] ] } },
{ "type": "Feature", "properties": { "transect_id": "cl32662s00tr00036642", "lon": 5.0534477, "lat": 53.288383, "bearing": 143.37256 }, "geometry": { "type": "LineString", "coordinates": [ [ 636282.697930736816488, 5907121.006949944421649 ], [ 637475.916640268056653, 5905515.943365153856575 ] ] } },
{ "type": "Feature", "properties": { "transect_id": "cl32662s00tr00036542", "lon": 5.0522189, "lat": 53.287868, "bearing": 143.37257 }, "geometry": { "type": "LineString", "coordinates": [ [ 636202.445066519198008, 5907061.34627531003207 ], [ 637395.663120485725813, 5905456.282203165814281 ] ] } },
{ "type": "Feature", "properties": { "transect_id": "cl32662s00tr00033942", "lon": 5.0174198, "lat": 53.277466, "bearing": 157.53596 }, "geometry": { "type": "LineString", "coordinates": [ [ 634130.236220541526563, 5905959.465862162411213 ], [ 634894.443235938902944, 5904111.2267981832847 ] ] } },
{ "type": "Feature", "properties": { "transect_id": "cl32662s00tr00033842", "lon": 5.0160189, "lat": 53.277145, "bearing": 157.53596 }, "geometry": { "type": "LineString", "coordinates": [ [ 634037.824251883197576, 5905921.255490573123097 ], [ 634802.031308388104662, 5904073.016443591564894 ] ] } },
{ "type": "Feature", "properties": { "transect_id": "cl32662s00tr00033742", "lon": 5.0146174, "lat": 53.276825, "bearing": 157.53596 }, "geometry": { "type": "LineString", "coordinates": [ [ 633945.412324332399294, 5905883.045135980471969 ], [ 634709.61933972989209, 5904034.806072002276778 ] ] } },
{ "type": "Feature", "properties": { "transect_id": "cl32662s00tr00033642", "lon": 5.0132165, "lat": 53.276505, "bearing": 157.53596 }, "geometry": { "type": "LineString", "coordinates": [ [ 633853.000355673953891, 5905844.834764392115176 ], [ 634617.207412178977393, 5903996.595717409625649 ] ] } },
{ "type": "Feature", "properties": { "transect_id": "cl32662s00tr00033542", "lon": 5.0118151, "lat": 53.276184, "bearing": 157.53593 }, "geometry": { "type": "LineString", "coordinates": [ [ 633760.588030450046062, 5905806.624245369806886 ], [ 634524.795841193990782, 5903958.385510249994695 ] ] } },
{ "type": "Feature", "properties": { "transect_id": "cl32662s00tr00033442", "lon": 5.0104141, "lat": 53.275864, "bearing": 157.67268 }, "geometry": { "type": "LineString", "coordinates": [ [ 633670.380305534461513, 5905769.329263109713793 ], [ 634430.174696233822033, 5903919.271835929714143 ] ] } },
{ "type": "Feature", "properties": { "transect_id": "cl32662s00tr00033342", "lon": 5.0090117, "lat": 53.275547, "bearing": 157.67268 }, "geometry": { "type": "LineString", "coordinates": [ [ 633577.877434103400446, 5905731.339543751440942 ], [ 634337.671824802760966, 5903881.282116571441293 ] ] } },
{ "type": "Feature", "properties": { "transect_id": "cl32662s00tr00033242", "lon": 5.0076094, "lat": 53.27523, "bearing": 157.67268 }, "geometry": { "type": "LineString", "coordinates": [ [ 633485.374562672222964, 5905693.349824391305447 ], [ 634245.168953371583484, 5903843.292397211305797 ] ] } },
{ "type": "Feature", "properties": { "transect_id": "cl32662s00tr00036742", "lon": 5.0546503, "lat": 53.288921, "bearing": 139.69597 }, "geometry": { "type": "LineString", "coordinates": [ [ 636310.907725342083722, 5907143.036124931648374 ], [ 637604.594777690712363, 5905617.790633021853864 ] ] } },
{ "type": "Feature", "properties": { "transect_id": "cl32662s00tr00033142", "lon": 5.006207, "lat": 53.27491, "bearing": 157.67268 }, "geometry": { "type": "LineString", "coordinates": [ [ 633392.871691241161898, 5905655.360105031169951 ], [ 634152.666081940522417, 5903805.302677853032947 ] ] } },
{ "type": "Feature", "properties": { "transect_id": "cl32662s00tr00033042", "lon": 5.0048046, "lat": 53.274593, "bearing": 157.67268 }, "geometry": { "type": "LineString", "coordinates": [ [ 633300.368819809984416, 5905617.370385673828423 ], [ 634060.163210509344935, 5903767.312958493828773 ] ] } },
{ "type": "Feature", "properties": { "transect_id": "cl32662s00tr00032942", "lon": 5.0034022, "lat": 53.274277, "bearing": 157.67268 }, "geometry": { "type": "LineString", "coordinates": [ [ 633207.865968834026717, 5905579.380674713291228 ], [ 633967.660318623180501, 5903729.323230733163655 ] ] } },
{ "type": "Feature", "properties": { "transect_id": "cl32662s00tr00032842", "lon": 5.0020027, "lat": 53.273952, "bearing": 156.44363 }, "geometry": { "type": "LineString", "coordinates": [ [ 633095.8176543796435, 5905532.537193645723164 ], [ 633895.119732672581449, 5903699.202475804835558 ] ] } },
{ "type": "Feature", "properties": { "transect_id": "cl32662s00tr00036842", "lon": 5.0558214, "lat": 53.289482, "bearing": 139.69597 }, "geometry": { "type": "LineString", "coordinates": [ [ 636387.17000515840482, 5907207.720471393316984 ], [ 637680.85705750703346, 5905682.474979483522475 ] ] } },
{ "type": "Feature", "properties": { "transect_id": "cl32662s00tr00036942", "lon": 5.0569925, "lat": 53.290043, "bearing": 139.69597 }, "geometry": { "type": "LineString", "coordinates": [ [ 636463.432284974609502, 5907272.404817854985595 ], [ 637757.119337323354557, 5905747.15932594705373 ] ] } },
{ "type": "Feature", "properties": { "transect_id": "cl32662s00tr00037042", "lon": 5.0581636, "lat": 53.290607, "bearing": 139.20335 }, "geometry": { "type": "LineString", "coordinates": [ [ 636533.134950342238881, 5907331.530924989841878 ], [ 637839.887707259273157, 5905817.464469285681844 ] ] } },
{ "type": "Feature", "properties": { "transect_id": "cl32662s00tr00036242", "lon": 5.0484843, "lat": 53.286369, "bearing": 146.82433 }, "geometry": { "type": "LineString", "coordinates": [ [ 636007.73755412932951, 5906921.628812074661255 ], [ 637102.15324724605307, 5905247.635296357795596 ] ] } },
{ "type": "Feature", "properties": { "transect_id": "cl32662s00tr00036042", "lon": 5.045928, "lat": 53.285427, "bearing": 146.82433 }, "geometry": { "type": "LineString", "coordinates": [ [ 635840.338192168739624, 5906812.187258651480079 ], [ 636934.753885285463184, 5905138.19374293461442 ] ] } },
{ "type": "Feature", "properties": { "transect_id": "cl32662s00tr00035942", "lon": 5.0446439, "lat": 53.284966, "bearing": 149.77716 }, "geometry": { "type": "LineString", "coordinates": [ [ 635800.06055488914717, 5906785.226019317284226 ], [ 636806.789597655297257, 5905057.077693955972791 ] ] } },
{ "type": "Feature", "properties": { "transect_id": "cl32662s00tr00035842", "lon": 5.0433269, "lat": 53.284534, "bearing": 149.77715 }, "geometry": { "type": "LineString", "coordinates": [ [ 635713.653121563605964, 5906734.88953824993223 ], [ 636720.382214964134619, 5905006.741242387332022 ] ] } },
{ "type": "Feature", "properties": { "transect_id": "cl32662s00tr00035742", "lon": 5.0420103, "lat": 53.284103, "bearing": 149.77716 }, "geometry": { "type": "LineString", "coordinates": [ [ 635627.245738872559741, 5906684.553086683154106 ], [ 636633.974781638709828, 5904956.40476132184267 ] ] } },
{ "type": "Feature", "properties": { "transect_id": "cl32662s00tr00035642", "lon": 5.0406933, "lat": 53.283676, "bearing": 149.77715 }, "geometry": { "type": "LineString", "coordinates": [ [ 635540.838305547134951, 5906634.216605617664754 ], [ 636547.56739894754719, 5904906.068309753201902 ] ] } },
{ "type": "Feature", "properties": { "transect_id": "cl32662s00tr00035542", "lon": 5.0393763, "lat": 53.283245, "bearing": 152.36674 }, "geometry": { "type": "LineString", "coordinates": [ [ 635493.938195511465892, 5906605.825649661943316 ], [ 636421.558648806763813, 5904833.956496866419911 ] ] } },
{ "type": "Feature", "properties": { "transect_id": "cl32662s00tr00035342", "lon": 5.0366802, "lat": 53.282455, "bearing": 152.36678 }, "geometry": { "type": "LineString", "coordinates": [ [ 635316.751620893133804, 5906513.063843098469079 ], [ 636244.37134321173653, 5904741.194307615980506 ] ] } },
{ "type": "Feature", "properties": { "transect_id": "cl32662s00tr00037142", "lon": 5.0593266, "lat": 53.291172, "bearing": 139.20335 }, "geometry": { "type": "LineString", "coordinates": [ [ 636608.838269271538593, 5907396.868567301891744 ], [ 637915.591026188456453, 5905882.802111597731709 ] ] } },
{ "type": "Feature", "properties": { "transect_id": "cl32662s00tr00035442", "lon": 5.0380282, "lat": 53.282852, "bearing": 152.36674 }, "geometry": { "type": "LineString", "coordinates": [ [ 635405.344749375944957, 5906559.444663228467107 ], [ 636332.965154835488647, 5904787.57548538967967 ] ] } },
{ "type": "Feature", "properties": { "transect_id": "cl32662s00tr00036442", "lon": 5.0509901, "lat": 53.287354, "bearing": 143.37257 }, "geometry": { "type": "LineString", "coordinates": [ [ 636122.191846649395302, 5907001.685336278751493 ], [ 637315.409956355346367, 5905396.621305571869016 ] ] } },
{ "type": "Feature", "properties": { "transect_id": "cl32662s00tr00036342", "lon": 5.0497613, "lat": 53.286839, "bearing": 143.37256 }, "geometry": { "type": "LineString", "coordinates": [ [ 636041.938382606487721, 5906942.024215729907155 ], [ 637235.157036398304626, 5905336.960589499212801 ] ] } },
{ "type": "Feature", "properties": { "transect_id": "cl32662s00tr00035242", "lon": 5.0353327, "lat": 53.282063, "bearing": 152.36678 }, "geometry": { "type": "LineString", "coordinates": [ [ 635228.158150839735754, 5906466.682844144292176 ], [ 636155.777873158222064, 5904694.813308663666248 ] ] } },
{ "type": "Feature", "properties": { "transect_id": "cl32662s00tr00035142", "lon": 5.0339847, "lat": 53.28167, "bearing": 152.36678 }, "geometry": { "type": "LineString", "coordinates": [ [ 635139.564704704214819, 5906420.301857711747289 ], [ 636067.184379187296145, 5904648.43229718785733 ] ] } },
{ "type": "Feature", "properties": { "transect_id": "cl32662s00tr00035042", "lon": 5.0326252, "lat": 53.281292, "bearing": 154.45425 }, "geometry": { "type": "LineString", "coordinates": [ [ 635082.719122951151803, 5906391.886211218312383 ], [ 635945.182375460397452, 5904587.403698675334454 ] ] } },
{ "type": "Feature", "properties": { "transect_id": "cl32662s00tr00034942", "lon": 5.0312548, "lat": 53.280926, "bearing": 154.45427 }, "geometry": { "type": "LineString", "coordinates": [ [ 634992.495344600873068, 5906348.763238075189292 ], [ 635854.957884271279909, 5904544.280384824611247 ] ] } },
{ "type": "Feature", "properties": { "transect_id": "cl32662s00tr00034842", "lon": 5.0298839, "lat": 53.280563, "bearing": 154.45427 }, "geometry": { "type": "LineString", "coordinates": [ [ 634902.271209831233136, 5906305.640094576403499 ], [ 635764.733749501523562, 5904501.157241328619421 ] ] } },
{ "type": "Feature", "properties": { "transect_id": "cl32662s00tr00034742", "lon": 5.0285134, "lat": 53.280197, "bearing": 154.45427 }, "geometry": { "type": "LineString", "coordinates": [ [ 634812.047075061476789, 5906262.516951080411673 ], [ 635674.509614731767215, 5904458.034097830764949 ] ] } },
{ "type": "Feature", "properties": { "transect_id": "cl32662s00tr00034642", "lon": 5.0271425, "lat": 53.279835, "bearing": 154.45427 }, "geometry": { "type": "LineString", "coordinates": [ [ 634721.822940291720442, 5906219.393807583488524 ], [ 635584.285479962010868, 5904414.910954334773123 ] ] } },
{ "type": "Feature", "properties": { "transect_id": "cl32662s00tr00034442", "lon": 5.0243745, "lat": 53.27914, "bearing": 156.15926 }, "geometry": { "type": "LineString", "coordinates": [ [ 634566.49376599129755, 5906149.746203268878162 ], [ 635374.88549409492407, 5904320.401289388537407 ] ] } },
{ "type": "Feature", "properties": { "transect_id": "cl32662s00tr00034342", "lon": 5.0229864, "lat": 53.278801, "bearing": 156.15926 }, "geometry": { "type": "LineString", "coordinates": [ [ 634475.026503395754844, 5906109.326596902683377 ], [ 635283.418274539057165, 5904279.981702042743564 ] ] } },
{ "type": "Feature", "properties": { "transect_id": "cl32662s00tr00034242", "lon": 5.0215983, "lat": 53.278461, "bearing": 156.15923 }, "geometry": { "type": "LineString", "coordinates": [ [ 634383.558872735826299, 5906068.906827888451517 ], [ 635191.951423047226854, 5904239.562277346849442 ] ] } },
{ "type": "Feature", "properties": { "transect_id": "cl32662s00tr00034142", "lon": 5.0202103, "lat": 53.278122, "bearing": 156.15926 }, "geometry": { "type": "LineString", "coordinates": [ [ 634292.092021244112402, 5906028.487403191626072 ], [ 635100.483792387647554, 5904199.142508330754936 ] ] } },
{ "type": "Feature", "properties": { "transect_id": "cl32662s00tr00034042", "lon": 5.0188212, "lat": 53.277782, "bearing": 157.53593 }, "geometry": { "type": "LineString", "coordinates": [ [ 634222.647750419215299, 5905997.676052323542535 ], [ 634986.855602270574309, 5904149.437334202229977 ] ] } },
{ "type": "Feature", "properties": { "transect_id": "cl32662s00tr00036142", "lon": 5.0472064, "lat": 53.285896, "bearing": 146.82433 }, "geometry": { "type": "LineString", "coordinates": [ [ 635924.037873149034567, 5906866.908035364001989 ], [ 637018.453566265641712, 5905192.914519647136331 ] ] } },
{ "type": "Feature", "properties": { "transect_id": "cl32662s00tr00034542", "lon": 5.0257626, "lat": 53.27948, "bearing": 156.15923 }, "geometry": { "type": "LineString", "coordinates": [ [ 634657.960595963057131, 5906190.16561845690012 ], [ 635466.353146274574101, 5904360.8210679134354 ] ] } },
{ "type": "Feature", "properties": { "transect_id": "cl32658s00tr00027540", "lon": 5.172092, "lat": 53.348415, "bearing": 223.18834 }, "geometry": { "type": "LineString", "coordinates": [ [ 645268.201143834507093, 5913958.385578325018287 ], [ 643899.403729077894241, 5912500.169669292867184 ] ] } },
{ "type": "Feature", "properties": { "transect_id": "cl32658s00tr00027340", "lon": 5.1695356, "lat": 53.348591, "bearing": 102.10609 }, "geometry": { "type": "LineString", "coordinates": [ [ 643435.284935902571306, 5913453.407643865793943 ], [ 645390.806778995785862, 5913033.962389768101275 ] ] } },
{ "type": "Feature", "properties": { "transect_id": "cl32658s00tr00027440", "lon": 5.1708164, "lat": 53.348869, "bearing": 192.26207 }, "geometry": { "type": "LineString", "coordinates": [ [ 644709.752594449557364, 5914254.281247050501406 ], [ 644284.985691484063864, 5912299.908437645062804 ] ] } },
{ "type": "Feature", "properties": { "transect_id": "cl32658s00tr00025540", "lon": 5.1531014, "lat": 53.349079, "bearing": 233.13963 }, "geometry": { "type": "LineString", "coordinates": [ [ 644117.72757769934833, 5913864.678143405355513 ], [ 642517.528110501822084, 5912664.944145727902651 ] ] } },
{ "type": "Feature", "properties": { "transect_id": "cl32658s00tr00028340", "lon": 5.1835241, "lat": 53.346916, "bearing": 178.4528 }, "geometry": { "type": "LineString", "coordinates": [ [ 645322.75326858041808, 5914085.089337047189474 ], [ 645376.754144722479396, 5912085.818493622355163 ] ] } },
{ "type": "Feature", "properties": { "transect_id": "cl32658s00tr00028240", "lon": 5.1820221, "lat": 53.346916, "bearing": 178.4528 }, "geometry": { "type": "LineString", "coordinates": [ [ 645222.789724887697957, 5914082.389291365630925 ], [ 645276.790604171692394, 5912083.118448024615645 ] ] } },
{ "type": "Feature", "properties": { "transect_id": "cl32658s00tr00028140", "lon": 5.1805205, "lat": 53.34692, "bearing": 178.4528 }, "geometry": { "type": "LineString", "coordinates": [ [ 645122.826182765769772, 5914079.689245725050569 ], [ 645176.827062049764208, 5912080.418402384035289 ] ] } },
{ "type": "Feature", "properties": { "transect_id": "cl32658s00tr00028040", "lon": 5.1790209, "lat": 53.346939, "bearing": 187.82825 }, "geometry": { "type": "LineString", "coordinates": [ [ 645186.165046875015832, 5914069.818992910906672 ], [ 644913.756925456807949, 5912088.457386494614184 ] ] } },
{ "type": "Feature", "properties": { "transect_id": "cl32658s00tr00027940", "lon": 5.1775422, "lat": 53.347095, "bearing": 189.45245 }, "geometry": { "type": "LineString", "coordinates": [ [ 645115.242943039047532, 5914079.977639521472156 ], [ 644786.785025617806241, 5912107.133145780302584 ] ] } },
{ "type": "Feature", "properties": { "transect_id": "cl32658s00tr00027840", "lon": 5.1760764, "lat": 53.34729, "bearing": 192.03696 }, "geometry": { "type": "LineString", "coordinates": [ [ 645061.322704409831204, 5914090.143022323027253 ], [ 644644.237340405234136, 5912134.116488981060684 ] ] } },
{ "type": "Feature", "properties": { "transect_id": "cl32658s00tr00027740", "lon": 5.1746292, "lat": 53.34753, "bearing": 197.36841 }, "geometry": { "type": "LineString", "coordinates": [ [ 645054.176404704223387, 5914090.266875509172678 ], [ 644457.147452409262769, 5912181.456662283279002 ] ] } },
{ "type": "Feature", "properties": { "transect_id": "cl32658s00tr00027640", "lon": 5.1732259, "lat": 53.347847, "bearing": 201.0405 }, "geometry": { "type": "LineString", "coordinates": [ [ 645020.208023863844573, 5914101.793242130428553 ], [ 644302.152751238783821, 5912235.13938416633755 ] ] } },
{ "type": "Feature", "properties": { "transect_id": "cl32658s00tr00027240", "lon": 5.169529, "lat": 53.34771, "bearing": 73.029083 }, "geometry": { "type": "LineString", "coordinates": [ [ 643459.139669198426418, 5912853.663514637388289 ], [ 645372.045746884308755, 5913437.436019944958389 ] ] } },
{ "type": "Feature", "properties": { "transect_id": "cl32658s00tr00027140", "lon": 5.1701446, "lat": 53.346897, "bearing": 52.439514 }, "geometry": { "type": "LineString", "coordinates": [ [ 643666.613773188437335, 5912446.843287621624768 ], [ 645252.034242296009324, 5913666.040538331493735 ] ] } },
{ "type": "Feature", "properties": { "transect_id": "cl32658s00tr00026940", "lon": 5.1721301, "lat": 53.345585, "bearing": 69.268364 }, "geometry": { "type": "LineString", "coordinates": [ [ 643660.66926579317078, 5912560.523226134479046 ], [ 645531.166706020245329, 5913268.505800851620734 ] ] } },
{ "type": "Feature", "properties": { "transect_id": "cl32658s00tr00026840", "lon": 5.1711197, "lat": 53.345146, "bearing": 168.8177 }, "geometry": { "type": "LineString", "coordinates": [ [ 644336.221753313438967, 5913844.622734235599637 ], [ 644724.084050721954554, 5911882.592449491843581 ] ] } },
{ "type": "Feature", "properties": { "transect_id": "cl32658s00tr00026740", "lon": 5.1696234, "lat": 53.345146, "bearing": 180.71193 }, "geometry": { "type": "LineString", "coordinates": [ [ 644442.969177511287853, 5913860.58941706083715 ], [ 644418.118697307538241, 5911860.743809612467885 ] ] } },
{ "type": "Feature", "properties": { "transect_id": "cl32658s00tr00026640", "lon": 5.1681371, "lat": 53.345268, "bearing": 187.25389 }, "geometry": { "type": "LineString", "coordinates": [ [ 644457.469051694264635, 5913863.255430167540908 ], [ 644204.936280705383979, 5911879.262688353657722 ] ] } },
{ "type": "Feature", "properties": { "transect_id": "cl32658s00tr00026540", "lon": 5.166666, "lat": 53.345448, "bearing": 191.54965 }, "geometry": { "type": "LineString", "coordinates": [ [ 644432.907786649069749, 5913867.790148648433387 ], [ 644032.473550089052878, 5911908.287042707204819 ] ] } },
{ "type": "Feature", "properties": { "transect_id": "cl32658s00tr00026440", "lon": 5.165206, "lat": 53.345657, "bearing": 195.26904 }, "geometry": { "type": "LineString", "coordinates": [ [ 644398.151260822894983, 5913873.11171324364841 ], [ 643871.4474024141673, 5911943.712053881026804 ] ] } },
{ "type": "Feature", "properties": { "transect_id": "cl32658s00tr00026340", "lon": 5.1637697, "lat": 53.345921, "bearing": 195.26904 }, "geometry": { "type": "LineString", "coordinates": [ [ 644301.681272585992701, 5913899.446886861696839 ], [ 643774.977414177148603, 5911970.047227501869202 ] ] } },
{ "type": "Feature", "properties": { "transect_id": "cl32658s00tr00026240", "lon": 5.1623425, "lat": 53.346199, "bearing": 198.29057 }, "geometry": { "type": "LineString", "coordinates": [ [ 644256.215720602078363, 5913912.284536650404334 ], [ 643628.543374210828915, 5912013.330238732509315 ] ] } },
{ "type": "Feature", "properties": { "transect_id": "cl32658s00tr00026140", "lon": 5.1609316, "lat": 53.346504, "bearing": 198.29059 }, "geometry": { "type": "LineString", "coordinates": [ [ 644161.268414801335894, 5913943.668041041120887 ], [ 643533.5952635059366, 5912044.714009173214436 ] ] } },
{ "type": "Feature", "properties": { "transect_id": "cl32658s00tr00026040", "lon": 5.1595206, "lat": 53.346813, "bearing": 198.29057 }, "geometry": { "type": "LineString", "coordinates": [ [ 644066.320304096559994, 5913975.051811483688653 ], [ 643438.647957705310546, 5912076.097513566724956 ] ] } },
{ "type": "Feature", "properties": { "transect_id": "cl32658s00tr00025940", "lon": 5.1581473, "lat": 53.347176, "bearing": 202.30275 }, "geometry": { "type": "LineString", "coordinates": [ [ 644039.354282127460465, 5913988.41563974507153 ], [ 643280.3533155687619, 5912138.032562443055212 ] ] } },
{ "type": "Feature", "properties": { "transect_id": "cl32658s00tr00025840", "lon": 5.1567755, "lat": 53.347542, "bearing": 202.30276 }, "geometry": { "type": "LineString", "coordinates": [ [ 643946.835535762598738, 5914026.365546279586852 ], [ 643187.833772011101246, 5912175.982795976102352 ] ] } },
{ "type": "Feature", "properties": { "transect_id": "cl32658s00tr00025740", "lon": 5.1554775, "lat": 53.347996, "bearing": 208.58943 }, "geometry": { "type": "LineString", "coordinates": [ [ 643957.945559576968662, 5914026.863417150452733 ], [ 643000.885839467984624, 5912270.720856836996973 ] ] } },
{ "type": "Feature", "properties": { "transect_id": "cl32658s00tr00025640", "lon": 5.1542339, "lat": 53.348492, "bearing": 218.1779 }, "geometry": { "type": "LineString", "coordinates": [ [ 644013.104723482276313, 5913987.886100661940873 ], [ 642776.894103038008325, 5912415.695494565181434 ] ] } },
{ "type": "Feature", "properties": { "transect_id": "cl32658s00tr00027040", "lon": 5.1711702, "lat": 53.346249, "bearing": 39.927254 }, "geometry": { "type": "LineString", "coordinates": [ [ 643887.973628004547209, 5912219.338493037968874 ], [ 645171.602619595592842, 5913753.058354012668133 ] ] } },
{ "type": "Feature", "properties": { "transect_id": "cl32658s00tr00028440", "lon": 5.1850076, "lat": 53.347012, "bearing": 166.05417 }, "geometry": { "type": "LineString", "coordinates": [ [ 645207.173144410829991, 5914069.996728550642729 ], [ 645689.18193062976934, 5912128.948679170571268 ] ] } },
{ "type": "Feature", "properties": { "transect_id": "cl32658s00tr00028540", "lon": 5.1864758, "lat": 53.347202, "bearing": 166.0542 }, "geometry": { "type": "LineString", "coordinates": [ [ 645304.225988284684718, 5914094.097265544347465 ], [ 645786.233897274942137, 5912153.048998326063156 ] ] } },
{ "type": "Feature", "properties": { "transect_id": "cl32408s01tr00028548", "lon": 5.6073618, "lat": 53.307041, "bearing": 331.82523 }, "geometry": { "type": "LineString", "coordinates": [ [ 674192.181159353465773, 5908716.166422401554883 ], [ 673247.855385846924037, 5910479.18906363286078 ] ] } },
{ "type": "Feature", "properties": { "transect_id": "cl32408s01tr00028448", "lon": 5.6087179, "lat": 53.307426, "bearing": 332.70743 }, "geometry": { "type": "LineString", "coordinates": [ [ 674267.356433649547398, 5908754.97582941967994 ], [ 673350.287833271548152, 5910532.329250154085457 ] ] } },
{ "type": "Feature", "properties": { "transect_id": "cl32408s01tr00028348", "lon": 5.6100755, "lat": 53.307808, "bearing": 332.70746 }, "geometry": { "type": "LineString", "coordinates": [ [ 674356.223746690549888, 5908800.829050772823393 ], [ 673439.155881821294315, 5910578.182851013727486 ] ] } },
{ "type": "Feature", "properties": { "transect_id": "cl32408s01tr00028248", "lon": 5.6114445, "lat": 53.308174, "bearing": 334.02899 }, "geometry": { "type": "LineString", "coordinates": [ [ 674425.307579095941037, 5908834.680799678899348 ], [ 673549.47505237266887, 5910632.712330306880176 ] ] } },
{ "type": "Feature", "properties": { "transect_id": "cl32408s01tr00028148", "lon": 5.6128163, "lat": 53.30854, "bearing": 334.02899 }, "geometry": { "type": "LineString", "coordinates": [ [ 674515.209154600510374, 5908878.472428121604025 ], [ 673639.376627877121791, 5910676.503958749584854 ] ] } },
{ "type": "Feature", "properties": { "transect_id": "cl32408s01tr00028048", "lon": 5.6141992, "lat": 53.308887, "bearing": 335.30292 }, "geometry": { "type": "LineString", "coordinates": [ [ 674585.803756957640871, 5908911.084543575532734 ], [ 673750.162403299240395, 5910728.143576204776764 ] ] } },
{ "type": "Feature", "properties": { "transect_id": "cl32408s01tr00026848", "lon": 5.6307683, "lat": 53.313053, "bearing": 327.41397 }, "geometry": { "type": "LineString", "coordinates": [ [ 675793.155469545861706, 5909480.789671644568443 ], [ 674716.024983837967739, 5911165.957294393330812 ] ] } },
{ "type": "Feature", "properties": { "transect_id": "cl32408s01tr00026748", "lon": 5.6320543, "lat": 53.313515, "bearing": 324.34714 }, "geometry": { "type": "LineString", "coordinates": [ [ 675921.216529119759798, 5909565.412072189152241 ], [ 674755.470637937425636, 5911190.538687930442393 ] ] } },
{ "type": "Feature", "properties": { "transect_id": "cl32408s01tr00026648", "lon": 5.6333041, "lat": 53.314011, "bearing": 323.2991 }, "geometry": { "type": "LineString", "coordinates": [ [ 676017.178266278002411, 5909634.577245133928955 ], [ 674821.903150026802905, 5911238.110031350515783 ] ] } },
{ "type": "Feature", "properties": { "transect_id": "cl32408s01tr00026548", "lon": 5.6345391, "lat": 53.314522, "bearing": 323.29913 }, "geometry": { "type": "LineString", "coordinates": [ [ 676097.354610886541195, 5909694.340771594084799 ], [ 674902.080093316850252, 5911297.874004069715738 ] ] } },
{ "type": "Feature", "properties": { "transect_id": "cl32408s01tr00026448", "lon": 5.6357746, "lat": 53.315033, "bearing": 323.2991 }, "geometry": { "type": "LineString", "coordinates": [ [ 676177.531582067604177, 5909754.104765102267265 ], [ 674982.256410033907741, 5911357.637509739026427 ] ] } },
{ "type": "Feature", "properties": { "transect_id": "cl32408s01tr00026348", "lon": 5.6370101, "lat": 53.315544, "bearing": 323.2991 }, "geometry": { "type": "LineString", "coordinates": [ [ 676257.70822601672262, 5909813.868514694273472 ], [ 675062.433053983142599, 5911417.401259330101311 ] ] } },
{ "type": "Feature", "properties": { "transect_id": "cl32408s01tr00026948", "lon": 5.6294565, "lat": 53.312618, "bearing": 329.87558 }, "geometry": { "type": "LineString", "coordinates": [ [ 675670.880710700294003, 5909406.762989535927773 ], [ 674667.121876814169809, 5911136.638188326731324 ] ] } },
{ "type": "Feature", "properties": { "transect_id": "cl32408s01tr00025548", "lon": 5.6473517, "lat": 53.31918, "bearing": 331.42645 }, "geometry": { "type": "LineString", "coordinates": [ [ 676812.121618263423443, 5910167.225347315892577 ], [ 675855.54900741064921, 5911923.633284035138786 ] ] } },
{ "type": "Feature", "properties": { "transect_id": "cl32408s01tr00025648", "lon": 5.646008, "lat": 53.318779, "bearing": 331.42645 }, "geometry": { "type": "LineString", "coordinates": [ [ 676724.301222313893959, 5910119.396715146489441 ], [ 675767.728611461119726, 5911875.804651864804327 ] ] } },
{ "type": "Feature", "properties": { "transect_id": "cl32408s01tr00025748", "lon": 5.6446681, "lat": 53.318375, "bearing": 327.8941 }, "geometry": { "type": "LineString", "coordinates": [ [ 676689.946987160015851, 5910102.24904004111886 ], [ 675626.975549995433539, 5911796.383545849472284 ] ] } },
{ "type": "Feature", "properties": { "transect_id": "cl32408s01tr00025848", "lon": 5.6433687, "lat": 53.317924, "bearing": 327.8941 }, "geometry": { "type": "LineString", "coordinates": [ [ 676605.240256275050342, 5910049.10047709941864 ], [ 675542.268819110351615, 5911743.234982906840742 ] ] } },
{ "type": "Feature", "properties": { "transect_id": "cl32408s01tr00025948", "lon": 5.6420689, "lat": 53.317474, "bearing": 327.89413 }, "geometry": { "type": "LineString", "coordinates": [ [ 676520.533217472839169, 5909995.951720956712961 ], [ 675457.562396142748185, 5911690.086613167077303 ] ] } },
{ "type": "Feature", "properties": { "transect_id": "cl32408s01tr00026048", "lon": 5.6407843, "lat": 53.317013, "bearing": 325.11383 }, "geometry": { "type": "LineString", "coordinates": [ [ 676477.352218994637951, 5909967.974253656342626 ], [ 675333.456215215730481, 5911608.554008662700653 ] ] } },
{ "type": "Feature", "properties": { "transect_id": "cl32408s01tr00026148", "lon": 5.6395226, "lat": 53.316525, "bearing": 325.11383 }, "geometry": { "type": "LineString", "coordinates": [ [ 676395.323197978781536, 5909910.779442969709635 ], [ 675251.4272488176357, 5911551.359236059710383 ] ] } },
{ "type": "Feature", "properties": { "transect_id": "cl32408s01tr00026248", "lon": 5.6382608, "lat": 53.31604, "bearing": 325.11386 }, "geometry": { "type": "LineString", "coordinates": [ [ 676313.293890939559788, 5909853.584432853385806 ], [ 675169.398568442673422, 5911494.164662885479629 ] ] } },
{ "type": "Feature", "properties": { "transect_id": "cl32408s01tr00027048", "lon": 5.6281271, "lat": 53.312199, "bearing": 331.38239 }, "geometry": { "type": "LineString", "coordinates": [ [ 675561.117291689617559, 5909344.30184574984014 ], [ 674603.194182872772217, 5911099.973602541722357 ] ] } },
{ "type": "Feature", "properties": { "transect_id": "cl32408s01tr00027848", "lon": 5.6169858, "lat": 53.309555, "bearing": 336.92569 }, "geometry": { "type": "LineString", "coordinates": [ [ 674742.79019444109872, 5908980.524349654093385 ], [ 673958.940651322947815, 5910820.518885992467403 ] ] } },
{ "type": "Feature", "properties": { "transect_id": "cl32408s01tr00027948", "lon": 5.6155849, "lat": 53.309231, "bearing": 336.92569 }, "geometry": { "type": "LineString", "coordinates": [ [ 674650.790468576480635, 5908941.331870262511075 ], [ 673866.940925458446145, 5910781.326406601816416 ] ] } },
{ "type": "Feature", "properties": { "transect_id": "cl32408s01tr00027748", "lon": 5.6183977, "lat": 53.309856, "bearing": 339.59222 }, "geometry": { "type": "LineString", "coordinates": [ [ 674792.381501344265416, 5909000.430432955734432 ], [ 674094.982985020731576, 5910874.899773710407317 ] ] } },
{ "type": "Feature", "properties": { "transect_id": "cl32408s01tr00027148", "lon": 5.6267843, "lat": 53.311798, "bearing": 331.38239 }, "geometry": { "type": "LineString", "coordinates": [ [ 675473.334070491837338, 5909296.405871791765094 ], [ 674515.410244001774117, 5911052.077237009070814 ] ] } },
{ "type": "Feature", "properties": { "transect_id": "cl32408s01tr00027248", "lon": 5.6254201, "lat": 53.311424, "bearing": 333.50177 }, "geometry": { "type": "LineString", "coordinates": [ [ 675351.205157611635514, 5909234.374067628756166 ], [ 674458.865016808034852, 5911024.270453767850995 ] ] } },
{ "type": "Feature", "properties": { "transect_id": "cl32408s01tr00027348", "lon": 5.6240444, "lat": 53.311066, "bearing": 335.14804 }, "geometry": { "type": "LineString", "coordinates": [ [ 675235.150899937143549, 5909178.690822630189359 ], [ 674394.600615540519357, 5910993.484259746037424 ] ] } },
{ "type": "Feature", "properties": { "transect_id": "cl32408s01tr00027648", "lon": 5.6198235, "lat": 53.310135, "bearing": 340.35242 }, "geometry": { "type": "LineString", "coordinates": [ [ 674873.739217849448323, 5909030.483605412766337 ], [ 674201.271194489905611, 5910914.040548422373831 ] ] } },
{ "type": "Feature", "properties": { "transect_id": "cl32408s01tr00027548", "lon": 5.6212521, "lat": 53.31041, "bearing": 337.35425 }, "geometry": { "type": "LineString", "coordinates": [ [ 675016.583792693912983, 5909083.322923047468066 ], [ 674246.518912635045126, 5910929.129001836292446 ] ] } },
{ "type": "Feature", "properties": { "transect_id": "cl32408s01tr00027448", "lon": 5.6226568, "lat": 53.310726, "bearing": 337.35425 }, "geometry": { "type": "LineString", "coordinates": [ [ 675108.874109901254997, 5909121.826135247945786 ], [ 674338.80922984238714, 5910967.632214037701488 ] ] } },
{ "type": "Feature", "properties": { "transect_id": "cl32658s00tr00041040", "lon": 5.3522964, "lat": 53.38662, "bearing": 140.24916 }, "geometry": { "type": "LineString", "coordinates": [ [ 655797.585865761386231, 5918627.272304156795144 ], [ 657076.486297506955452, 5917089.60729327891022 ] ] } },
{ "type": "Feature", "properties": { "transect_id": "cl32662s00tr00041042", "lon": 5.087039, "lat": 53.305775, "bearing": 12.331289 }, "geometry": { "type": "LineString", "coordinates": [ [ 638848.090666554984637, 5907340.677387959323823 ], [ 639275.218508067191578, 5909294.535572938621044 ] ] } },
{ "type": "Feature", "properties": { "transect_id": "cl32662s00tr00040942", "lon": 5.0884919, "lat": 53.305553, "bearing": 14.009478 }, "geometry": { "type": "LineString", "coordinates": [ [ 638917.1018427957315, 5907325.296738736331463 ], [ 639401.266643946990371, 5909265.80812631547451 ] ] } },
{ "type": "Feature", "properties": { "transect_id": "cl32662s00tr00040842", "lon": 5.0899363, "lat": 53.305309, "bearing": 14.009478 }, "geometry": { "type": "LineString", "coordinates": [ [ 639014.127415221417323, 5907301.088510888628662 ], [ 639498.292216372676194, 5909241.599898467771709 ] ] } },
{ "type": "Feature", "properties": { "transect_id": "cl32662s00tr00040642", "lon": 5.0928001, "lat": 53.304775, "bearing": 19.225012 }, "geometry": { "type": "LineString", "coordinates": [ [ 639119.458068035310134, 5907273.150946482084692 ], [ 639778.015838008606806, 5909161.616372058168054 ] ] } },
{ "type": "Feature", "properties": { "transect_id": "cl32662s00tr00040742", "lon": 5.0913739, "lat": 53.30505, "bearing": 15.696701 }, "geometry": { "type": "LineString", "coordinates": [ [ 639082.263509372831322, 5907282.819078673608601 ], [ 639623.35354051948525, 5909208.233729651197791 ] ] } },
{ "type": "Feature", "properties": { "transect_id": "cl32662s00tr00040542", "lon": 5.0941982, "lat": 53.304447, "bearing": 24.48757 }, "geometry": { "type": "LineString", "coordinates": [ [ 639128.446879912400618, 5907273.862246236763895 ], [ 639957.438516116002575, 5909093.964679373428226 ] ] } },
{ "type": "Feature", "properties": { "transect_id": "cl32662s00tr00040442", "lon": 5.0955243, "lat": 53.304031, "bearing": 33.403183 }, "geometry": { "type": "LineString", "coordinates": [ [ 639082.144111443660222, 5907305.338442885316908 ], [ 640183.198394251056015, 5908974.972973646596074 ] ] } },
{ "type": "Feature", "properties": { "transect_id": "cl32658s00tr00041140", "lon": 5.3534832, "lat": 53.387173, "bearing": 140.24916 }, "geometry": { "type": "LineString", "coordinates": [ [ 655874.469123283983208, 5918691.217317355796695 ], [ 657153.369555029668845, 5917153.552306475117803 ] ] } },
{ "type": "Feature", "properties": { "transect_id": "cl32408s01tr00044948", "lon": 5.4347467, "lat": 53.205032, "bearing": 292.61823 }, "geometry": { "type": "LineString", "coordinates": [ [ 663530.957401202991605, 5897461.816551364958286 ], [ 661684.781691756797954, 5898230.994846594519913 ] ] } },
{ "type": "Feature", "properties": { "transect_id": "cl32408s01tr00044848", "lon": 5.4353695, "lat": 53.205849, "bearing": 292.61823 }, "geometry": { "type": "LineString", "coordinates": [ [ 663569.416314926347695, 5897554.125337269157171 ], [ 661723.240605480154045, 5898323.303632498718798 ] ] } },
{ "type": "Feature", "properties": { "transect_id": "cl32408s01tr00044748", "lon": 5.4359918, "lat": 53.206665, "bearing": 292.61823 }, "geometry": { "type": "LineString", "coordinates": [ [ 663607.87522864958737, 5897646.434123175218701 ], [ 661761.69951920339372, 5898415.612418402917683 ] ] } },
{ "type": "Feature", "properties": { "transect_id": "cl32408s01tr00044648", "lon": 5.436614, "lat": 53.207485, "bearing": 292.61823 }, "geometry": { "type": "LineString", "coordinates": [ [ 663646.334142373059876, 5897738.742909078486264 ], [ 661800.158432926749811, 5898507.921204308979213 ] ] } },
{ "type": "Feature", "properties": { "transect_id": "cl32408s01tr00044548", "lon": 5.4372363, "lat": 53.208302, "bearing": 292.61823 }, "geometry": { "type": "LineString", "coordinates": [ [ 663684.793056096183136, 5897831.051694984547794 ], [ 661838.617346650105901, 5898600.229990213178098 ] ] } },
{ "type": "Feature", "properties": { "transect_id": "cl32408s01tr00044448", "lon": 5.4378905, "lat": 53.20911, "bearing": 294.0238 }, "geometry": { "type": "LineString", "coordinates": [ [ 663715.707956971367821, 5897899.898949516005814 ], [ 661888.955267209908925, 5898714.131478006951511 ] ] } },
{ "type": "Feature", "properties": { "transect_id": "cl32408s01tr00044348", "lon": 5.4385462, "lat": 53.209915, "bearing": 294.02383 }, "geometry": { "type": "LineString", "coordinates": [ [ 663756.419511940912344, 5897991.236408297903836 ], [ 661929.666976540349424, 5898805.469283098354936 ] ] } },
{ "type": "Feature", "properties": { "transect_id": "cl32408s01tr00044248", "lon": 5.4392018, "lat": 53.210724, "bearing": 294.02383 }, "geometry": { "type": "LineString", "coordinates": [ [ 663797.131122446502559, 5898082.573991673067212 ], [ 661970.378630334860645, 5898896.806963593699038 ] ] } },
{ "type": "Feature", "properties": { "transect_id": "cl32408s01tr00044148", "lon": 5.4398656, "lat": 53.211529, "bearing": 296.48764 }, "geometry": { "type": "LineString", "coordinates": [ [ 663820.039793663891032, 5898134.767631193622947 ], [ 662029.978374662809074, 5899026.776664895005524 ] ] } },
{ "type": "Feature", "properties": { "transect_id": "cl32408s01tr00044048", "lon": 5.4405785, "lat": 53.212318, "bearing": 296.48764 }, "geometry": { "type": "LineString", "coordinates": [ [ 663864.64015999971889, 5898224.270512630231678 ], [ 662074.578926257556304, 5899116.279918104410172 ] ] } },
{ "type": "Feature", "properties": { "transect_id": "cl32408s01tr00043948", "lon": 5.4412913, "lat": 53.213112, "bearing": 296.48764 }, "geometry": { "type": "LineString", "coordinates": [ [ 663909.240618965006433, 5898313.773579954169691 ], [ 662119.179385222843848, 5899205.782985428348184 ] ] } },
{ "type": "Feature", "properties": { "transect_id": "cl32408s01tr00043848", "lon": 5.4420199, "lat": 53.213894, "bearing": 303.12604 }, "geometry": { "type": "LineString", "coordinates": [ [ 663897.316225345362909, 5898302.205715704709291 ], [ 662222.375257078558207, 5899395.170835377648473 ] ] } },
{ "type": "Feature", "properties": { "transect_id": "cl32408s01tr00043748", "lon": 5.4428802, "lat": 53.21463, "bearing": 303.12604 }, "geometry": { "type": "LineString", "coordinates": [ [ 663951.964451920823194, 5898385.952725100331008 ], [ 662277.023536933003925, 5899478.917926421388984 ] ] } },
{ "type": "Feature", "properties": { "transect_id": "cl32408s01tr00045048", "lon": 5.4341445, "lat": 53.204208, "bearing": 291.52554 }, "geometry": { "type": "LineString", "coordinates": [ [ 663501.017213253770024, 5897386.632699416019022 ], [ 661640.508916712133214, 5898120.464341212064028 ] ] } },
{ "type": "Feature", "properties": { "transect_id": "cl32408s01tr00043648", "lon": 5.4437408, "lat": 53.215366, "bearing": 303.12604 }, "geometry": { "type": "LineString", "coordinates": [ [ 664006.612731775268912, 5898469.699816144071519 ], [ 662331.671763508580625, 5899562.664935817010701 ] ] } },
{ "type": "Feature", "properties": { "transect_id": "cl32408s01tr00045148", "lon": 5.4335485, "lat": 53.203384, "bearing": 291.52551 }, "geometry": { "type": "LineString", "coordinates": [ [ 663464.325725486502051, 5897293.607489262707531 ], [ 661603.817263828241266, 5898027.438712431117892 ] ] } },
{ "type": "Feature", "properties": { "transect_id": "cl32408s01tr00045348", "lon": 5.4323559, "lat": 53.201736, "bearing": 291.52551 }, "geometry": { "type": "LineString", "coordinates": [ [ 663390.942564967903309, 5897107.556599956005812 ], [ 661530.434143044985831, 5897841.387923868373036 ] ] } },
{ "type": "Feature", "properties": { "transect_id": "cl32408s01tr00045248", "lon": 5.4329524, "lat": 53.20256, "bearing": 291.52551 }, "geometry": { "type": "LineString", "coordinates": [ [ 663427.63415516121313, 5897200.582069794647396 ], [ 661567.125693502835929, 5897934.413292964920402 ] ] } },
{ "type": "Feature", "properties": { "transect_id": "cl32408s01tr00045648", "lon": 5.430634, "lat": 53.199245, "bearing": 290.36115 }, "geometry": { "type": "LineString", "coordinates": [ [ 663292.62110500363633, 5896845.741594024933875 ], [ 661417.58470443636179, 5897541.614065495319664 ] ] } },
{ "type": "Feature", "properties": { "transect_id": "cl32408s01tr00045548", "lon": 5.4312019, "lat": 53.200077, "bearing": 290.36115 }, "geometry": { "type": "LineString", "coordinates": [ [ 663327.414730135235004, 5896939.493413474410772 ], [ 661452.378329567844048, 5897635.365884942933917 ] ] } },
{ "type": "Feature", "properties": { "transect_id": "cl32408s01tr00045448", "lon": 5.4317703, "lat": 53.200909, "bearing": 290.36115 }, "geometry": { "type": "LineString", "coordinates": [ [ 663362.208336279727519, 5897033.245181764476001 ], [ 661487.171973686665297, 5897729.117755555547774 ] ] } },
{ "type": "Feature", "properties": { "transect_id": "cl32408s01tr00040448", "lon": 5.4770164, "lat": 53.235977, "bearing": 317.03522 }, "geometry": { "type": "LineString", "coordinates": [ [ 665992.704698436660692, 5900653.252246883697808 ], [ 664629.607186262495816, 5902116.797658651135862 ] ] } },
{ "type": "Feature", "properties": { "transect_id": "cl32408s01tr00040548", "lon": 5.4758859, "lat": 53.23539, "bearing": 317.03522 }, "geometry": { "type": "LineString", "coordinates": [ [ 665919.527417707256973, 5900585.097382164560258 ], [ 664556.429905533092096, 5902048.642793932929635 ] ] } },
{ "type": "Feature", "properties": { "transect_id": "cl32408s01tr00041748", "lon": 5.4627266, "lat": 53.228046, "bearing": 313.33325 }, "geometry": { "type": "LineString", "coordinates": [ [ 665115.412478846614249, 5899783.853622001595795 ], [ 663660.663530706427991, 5901156.335132946260273 ] ] } },
{ "type": "Feature", "properties": { "transect_id": "cl32408s01tr00041848", "lon": 5.4616623, "lat": 53.227417, "bearing": 313.33328 }, "geometry": { "type": "LineString", "coordinates": [ [ 665046.788176264730282, 5899711.115949461236596 ], [ 663592.039666709140874, 5901083.597925279289484 ] ] } },
{ "type": "Feature", "properties": { "transect_id": "cl32408s01tr00041948", "lon": 5.4605975, "lat": 53.226784, "bearing": 313.33325 }, "geometry": { "type": "LineString", "coordinates": [ [ 664978.16431226732675, 5899638.378741796128452 ], [ 663523.415364127256908, 5901010.860252739861608 ] ] } },
{ "type": "Feature", "properties": { "transect_id": "cl32408s01tr00042048", "lon": 5.4595332, "lat": 53.226151, "bearing": 313.33325 }, "geometry": { "type": "LineString", "coordinates": [ [ 664909.540228977566585, 5899565.641301694326103 ], [ 663454.791280837613158, 5900938.122812638059258 ] ] } },
{ "type": "Feature", "properties": { "transect_id": "cl32408s01tr00041648", "lon": 5.4637914, "lat": 53.22868, "bearing": 313.33325 }, "geometry": { "type": "LineString", "coordinates": [ [ 665184.036562136141583, 5899856.591062102466822 ], [ 663729.287613996304572, 5901229.072573046199977 ] ] } },
{ "type": "Feature", "properties": { "transect_id": "cl32408s01tr00041548", "lon": 5.4648557, "lat": 53.229313, "bearing": 313.33328 }, "geometry": { "type": "LineString", "coordinates": [ [ 665252.660426133545116, 5899929.328269769437611 ], [ 663797.911916578072123, 5901301.810245586559176 ] ] } },
{ "type": "Feature", "properties": { "transect_id": "cl32408s01tr00041348", "lon": 5.4670348, "lat": 53.230545, "bearing": 315.15323 }, "geometry": { "type": "LineString", "coordinates": [ [ 665371.203429551795125, 5900048.683222441002727 ], [ 663960.776850422029383, 5901466.6736543122679 ] ] } },
{ "type": "Feature", "properties": { "transect_id": "cl32408s01tr00042148", "lon": 5.4584689, "lat": 53.225517, "bearing": 313.33328 }, "geometry": { "type": "LineString", "coordinates": [ [ 664840.915955450385809, 5899492.903659950941801 ], [ 663386.167387785506435, 5900865.385574177838862 ] ] } },
{ "type": "Feature", "properties": { "transect_id": "cl32408s01tr00042248", "lon": 5.4574156, "lat": 53.22488, "bearing": 311.25745 }, "geometry": { "type": "LineString", "coordinates": [ [ 664797.45240268856287, 5899446.2533153379336 ], [ 663293.944250182947144, 5900765.140435355715454 ] ] } },
{ "type": "Feature", "properties": { "transect_id": "cl32408s01tr00042348", "lon": 5.4563904, "lat": 53.224224, "bearing": 311.25748 }, "geometry": { "type": "LineString", "coordinates": [ [ 664731.507796923164278, 5899371.07766011916101 ], [ 663228.000107129686512, 5900689.965307620353997 ] ] } },
{ "type": "Feature", "properties": { "transect_id": "cl32408s01tr00042448", "lon": 5.4553647, "lat": 53.223572, "bearing": 311.25748 }, "geometry": { "type": "LineString", "coordinates": [ [ 664665.563451369875111, 5899295.90230153594166 ], [ 663162.055703864665702, 5900614.789883249439299 ] ] } },
{ "type": "Feature", "properties": { "transect_id": "cl32408s01tr00042548", "lon": 5.4543395, "lat": 53.222916, "bearing": 311.25748 }, "geometry": { "type": "LineString", "coordinates": [ [ 664599.619076960487291, 5899220.726910059340298 ], [ 663096.111329455277883, 5900539.614491770975292 ] ] } },
{ "type": "Feature", "properties": { "transect_id": "cl32408s01tr00042648", "lon": 5.4533138, "lat": 53.22226, "bearing": 311.25745 }, "geometry": { "type": "LineString", "coordinates": [ [ 664533.674905051360838, 5899145.551749428734183 ], [ 663030.166752545628697, 5900464.438869446516037 ] ] } },
{ "type": "Feature", "properties": { "transect_id": "cl32408s01tr00042748", "lon": 5.4522886, "lat": 53.221607, "bearing": 311.25748 }, "geometry": { "type": "LineString", "coordinates": [ [ 664467.730328141828068, 5899070.376127105206251 ], [ 662964.222580636618659, 5900389.263708815909922 ] ] } },
{ "type": "Feature", "properties": { "transect_id": "cl32408s01tr00042848", "lon": 5.451263, "lat": 53.220951, "bearing": 311.25748 }, "geometry": { "type": "LineString", "coordinates": [ [ 664401.785953732440248, 5898995.200735627673566 ], [ 662898.278206227580085, 5900314.08831733930856 ] ] } },
{ "type": "Feature", "properties": { "transect_id": "cl32408s01tr00042948", "lon": 5.4502797, "lat": 53.220276, "bearing": 308.23495 }, "geometry": { "type": "LineString", "coordinates": [ [ 664372.456303256680258, 5898958.179195512086153 ], [ 662801.497065442730673, 5900195.954244998283684 ] ] } },
{ "type": "Feature", "properties": { "transect_id": "cl32408s01tr00043048", "lon": 5.4493136, "lat": 53.219589, "bearing": 308.23495 }, "geometry": { "type": "LineString", "coordinates": [ [ 664310.567538041854277, 5898879.63124365825206 ], [ 662739.608300227788277, 5900117.406293146312237 ] ] } },
{ "type": "Feature", "properties": { "transect_id": "cl32408s01tr00043148", "lon": 5.4483471, "lat": 53.218903, "bearing": 308.23495 }, "geometry": { "type": "LineString", "coordinates": [ [ 664248.678594468394294, 5898801.083065439015627 ], [ 662677.719713371363468, 5900038.858567660674453 ] ] } },
{ "type": "Feature", "properties": { "transect_id": "cl32408s01tr00043248", "lon": 5.447381, "lat": 53.218216, "bearing": 308.23495 }, "geometry": { "type": "LineString", "coordinates": [ [ 664186.789829253568314, 5898722.535113587975502 ], [ 662615.830948156304657, 5899960.310615808703005 ] ] } },
{ "type": "Feature", "properties": { "transect_id": "cl32408s01tr00043348", "lon": 5.4464145, "lat": 53.217529, "bearing": 308.23495 }, "geometry": { "type": "LineString", "coordinates": [ [ 664124.901242397143506, 5898643.987388103269041 ], [ 662553.942004583077505, 5899881.762437589466572 ] ] } },
{ "type": "Feature", "properties": { "transect_id": "cl32408s01tr00041448", "lon": 5.4659376, "lat": 53.229931, "bearing": 315.15323 }, "geometry": { "type": "LineString", "coordinates": [ [ 665300.303906745975837, 5899978.161894703283906 ], [ 663889.877327616210096, 5901396.152326574549079 ] ] } },
{ "type": "Feature", "properties": { "transect_id": "cl32408s01tr00043448", "lon": 5.4454618, "lat": 53.216835, "bearing": 303.12604 }, "geometry": { "type": "LineString", "coordinates": [ [ 664115.9092382050585, 5898637.19391658436507 ], [ 662440.968269938486628, 5899730.159036256372929 ] ] } },
{ "type": "Feature", "properties": { "transect_id": "cl32408s01tr00040848", "lon": 5.4725232, "lat": 53.233601, "bearing": 315.15323 }, "geometry": { "type": "LineString", "coordinates": [ [ 665725.70104358100798, 5900401.289861129596829 ], [ 664315.274464451242238, 5901819.280293002724648 ] ] } },
{ "type": "Feature", "properties": { "transect_id": "cl32408s01tr00040948", "lon": 5.4714255, "lat": 53.23299, "bearing": 315.15323 }, "geometry": { "type": "LineString", "coordinates": [ [ 665654.801520775188692, 5900330.768533390946686 ], [ 664244.374941645306535, 5901748.758965265005827 ] ] } },
{ "type": "Feature", "properties": { "transect_id": "cl32408s01tr00041048", "lon": 5.4703279, "lat": 53.232376, "bearing": 315.15323 }, "geometry": { "type": "LineString", "coordinates": [ [ 665583.901997969485819, 5900260.247205654159188 ], [ 664173.475418839487247, 5901678.237637527287006 ] ] } },
{ "type": "Feature", "properties": { "transect_id": "cl32408s01tr00041148", "lon": 5.4692302, "lat": 53.231766, "bearing": 315.15323 }, "geometry": { "type": "LineString", "coordinates": [ [ 665513.002475163666531, 5900189.725877916440368 ], [ 664102.575896033667959, 5901607.716309788636863 ] ] } },
{ "type": "Feature", "properties": { "transect_id": "cl32408s01tr00041248", "lon": 5.4681325, "lat": 53.231155, "bearing": 315.15323 }, "geometry": { "type": "LineString", "coordinates": [ [ 665442.102952357730828, 5900119.204550178721547 ], [ 664031.676373227848671, 5901537.19498204998672 ] ] } },
{ "type": "Feature", "properties": { "transect_id": "cl32408s01tr00043548", "lon": 5.4446011, "lat": 53.216103, "bearing": 303.12604 }, "geometry": { "type": "LineString", "coordinates": [ [ 664061.261097417213023, 5898553.447038656100631 ], [ 662386.319904296426103, 5899646.411813746206462 ] ] } },
{ "type": "Feature", "properties": { "transect_id": "cl32408s01tr00040748", "lon": 5.4736242, "lat": 53.234211, "bearing": 317.03522 }, "geometry": { "type": "LineString", "coordinates": [ [ 665773.172606890555471, 5900448.787420480512083 ], [ 664410.07559343171306, 5901912.333296732977033 ] ] } },
{ "type": "Feature", "properties": { "transect_id": "cl32408s01tr00040648", "lon": 5.4747553, "lat": 53.234798, "bearing": 317.03522 }, "geometry": { "type": "LineString", "coordinates": [ [ 665846.350136977736838, 5900516.942517443560064 ], [ 664483.252624803571962, 5901980.487929210998118 ] ] } },
{ "type": "Feature", "properties": { "transect_id": "cl32662s00tr00042642", "lon": 5.0633092, "lat": 53.307289, "bearing": 353.16269 }, "geometry": { "type": "LineString", "coordinates": [ [ 637594.886178286164068, 5907447.331847997382283 ], [ 637356.785174694960006, 5909433.108248324133456 ] ] } },
{ "type": "Feature", "properties": { "transect_id": "cl32662s00tr00041542", "lon": 5.0797253, "lat": 53.30677, "bearing": 9.6572046 }, "geometry": { "type": "LineString", "coordinates": [ [ 638403.412161743850447, 5907428.137188429944217 ], [ 638738.918344724457711, 5909399.795272679068148 ] ] } },
{ "type": "Feature", "properties": { "transect_id": "cl32662s00tr00041642", "lon": 5.0782523, "lat": 53.306942, "bearing": 6.2297678 }, "geometry": { "type": "LineString", "coordinates": [ [ 638363.973862443934195, 5907435.982886454090476 ], [ 638581.005552959279157, 5909424.172325443476439 ] ] } },
{ "type": "Feature", "properties": { "transect_id": "cl32662s00tr00041742", "lon": 5.076766, "lat": 53.307064, "bearing": 6.2297678 }, "geometry": { "type": "LineString", "coordinates": [ [ 638264.564392675412819, 5907446.834490959532559 ], [ 638481.596083190757781, 5909435.023929948918521 ] ] } },
{ "type": "Feature", "properties": { "transect_id": "cl32662s00tr00041942", "lon": 5.0737915, "lat": 53.307297, "bearing": 2.3254106 }, "geometry": { "type": "LineString", "coordinates": [ [ 638133.58541617251467, 5907462.106234978884459 ], [ 638214.735275192884728, 5909460.459231918677688 ] ] } },
{ "type": "Feature", "properties": { "transect_id": "cl32662s00tr00042042", "lon": 5.0722947, "lat": 53.307362, "bearing": 2.3254373 }, "geometry": { "type": "LineString", "coordinates": [ [ 638033.667301826528274, 5907466.163756549358368 ], [ 638114.818090636166744, 5909464.516715730540454 ] ] } },
{ "type": "Feature", "properties": { "transect_id": "cl32662s00tr00042142", "lon": 5.0707979, "lat": 53.307423, "bearing": 2.3254106 }, "geometry": { "type": "LineString", "coordinates": [ [ 637933.7501149099553, 5907470.221240459010005 ], [ 638014.899978649918921, 5909468.574237206950784 ] ] } },
{ "type": "Feature", "properties": { "transect_id": "cl32662s00tr00042242", "lon": 5.0692997, "lat": 53.307453, "bearing": 357.82663 }, "geometry": { "type": "LineString", "coordinates": [ [ 637912.326169286156073, 5907470.642937026917934 ], [ 637836.479255305603147, 5909469.20423096884042 ] ] } },
{ "type": "Feature", "properties": { "transect_id": "cl32662s00tr00042342", "lon": 5.0677991, "lat": 53.307446, "bearing": 357.8266 }, "geometry": { "type": "LineString", "coordinates": [ [ 637812.398571300320327, 5907466.850563663989305 ], [ 637736.550727336667478, 5909465.411822311580181 ] ] } },
{ "type": "Feature", "properties": { "transect_id": "cl32662s00tr00042442", "lon": 5.066299, "lat": 53.307438, "bearing": 357.8266 }, "geometry": { "type": "LineString", "coordinates": [ [ 637712.470506116980687, 5907463.058172567747533 ], [ 637636.622666565119289, 5909461.619431382976472 ] ] } },
{ "type": "Feature", "properties": { "transect_id": "cl32662s00tr00041842", "lon": 5.0752797, "lat": 53.307186, "bearing": 6.229794 }, "geometry": { "type": "LineString", "coordinates": [ [ 638165.154462728882208, 5907457.686145695857704 ], [ 638382.187073599896394, 5909445.875484219752252 ] ] } },
{ "type": "Feature", "properties": { "transect_id": "cl32662s00tr00042542", "lon": 5.0648036, "lat": 53.307373, "bearing": 353.16269 }, "geometry": { "type": "LineString", "coordinates": [ [ 637694.174996543675661, 5907459.236912845633924 ], [ 637456.07399295270443, 5909445.013313171453774 ] ] } },
{ "type": "Feature", "properties": { "transect_id": "cl32662s00tr00042742", "lon": 5.0618167, "lat": 53.307201, "bearing": 348.97012 }, "geometry": { "type": "LineString", "coordinates": [ [ 637568.033814290189184, 5907445.729582496918738 ], [ 637185.392472196253948, 5909408.784753225743771 ] ] } },
{ "type": "Feature", "properties": { "transect_id": "cl32662s00tr00042842", "lon": 5.0603366, "lat": 53.307053, "bearing": 348.97009 }, "geometry": { "type": "LineString", "coordinates": [ [ 637469.881507381564006, 5907426.597587388008833 ], [ 637087.23926805483643, 5909389.652583229355514 ] ] } },
{ "type": "Feature", "properties": { "transect_id": "cl32662s00tr00042942", "lon": 5.058856, "lat": 53.306908, "bearing": 348.97012 }, "geometry": { "type": "LineString", "coordinates": [ [ 637371.728303240146488, 5907407.465417390689254 ], [ 636989.086961146094836, 5909370.520588119514287 ] ] } },
{ "type": "Feature", "properties": { "transect_id": "cl32662s00tr00043042", "lon": 5.0573845, "lat": 53.306736, "bearing": 345.07285 }, "geometry": { "type": "LineString", "coordinates": [ [ 637340.508312864112668, 5907400.731649023480713 ], [ 636825.326740201679058, 5909333.239850089885294 ] ] } },
{ "type": "Feature", "properties": { "transect_id": "cl32662s00tr00043142", "lon": 5.0559244, "lat": 53.30653, "bearing": 345.07285 }, "geometry": { "type": "LineString", "coordinates": [ [ 637243.882886247476563, 5907374.972574313171208 ], [ 636728.701342560583726, 5909307.480783103965223 ] ] } },
{ "type": "Feature", "properties": { "transect_id": "cl32658s00tr00041440", "lon": 5.3570108, "lat": 53.388851, "bearing": 138.09583 }, "geometry": { "type": "LineString", "coordinates": [ [ 656074.425858861533925, 5918861.094197986647487 ], [ 657410.199571100878529, 5917372.568555044941604 ] ] } },
{ "type": "Feature", "properties": { "transect_id": "cl32658s00tr00041340", "lon": 5.3558564, "lat": 53.388275, "bearing": 140.24916 }, "geometry": { "type": "LineString", "coordinates": [ [ 656028.235638329409994, 5918819.107343746349216 ], [ 657307.136070075095631, 5917281.442332867532969 ] ] } },
{ "type": "Feature", "properties": { "transect_id": "cl32658s00tr00041240", "lon": 5.3546696, "lat": 53.387722, "bearing": 140.24919 }, "geometry": { "type": "LineString", "coordinates": [ [ 655951.352656060713343, 5918755.162559484131634 ], [ 657230.252537298365496, 5917217.497090739198029 ] ] } },
{ "type": "Feature", "properties": { "transect_id": "cl32658s00tr00042340", "lon": 5.367157, "lat": 53.394199, "bearing": 136.05499 }, "geometry": { "type": "LineString", "coordinates": [ [ 656703.22390541434288, 5919454.023834086954594 ], [ 658091.159176505170763, 5918014.011444116942585 ] ] } },
{ "type": "Feature", "properties": { "transect_id": "cl32658s00tr00043740", "lon": 5.3840904, "lat": 53.401573, "bearing": 157.19453 }, "geometry": { "type": "LineString", "coordinates": [ [ 658107.920600854442455, 5920513.712661298923194 ], [ 658883.127558659645729, 5918670.060261152684689 ] ] } },
{ "type": "Feature", "properties": { "transect_id": "cl32658s00tr00043840", "lon": 5.3854952, "lat": 53.401894, "bearing": 157.19453 }, "geometry": { "type": "LineString", "coordinates": [ [ 658200.103207071893848, 5920552.473041985183954 ], [ 658975.310164877097122, 5918708.820641838945448 ] ] } },
{ "type": "Feature", "properties": { "transect_id": "cl32658s00tr00041540", "lon": 5.3581619, "lat": 53.389427, "bearing": 138.09579 }, "geometry": { "type": "LineString", "coordinates": [ [ 656148.851877581211738, 5918927.882658237591386 ], [ 657484.62610570481047, 5917439.357478241436183 ] ] } },
{ "type": "Feature", "properties": { "transect_id": "cl32658s00tr00043940", "lon": 5.3868999, "lat": 53.402214, "bearing": 157.19452 }, "geometry": { "type": "LineString", "coordinates": [ [ 658292.28541758749634, 5920591.233256289735436 ], [ 659067.493166796630248, 5918747.581188905984163 ] ] } },
{ "type": "Feature", "properties": { "transect_id": "cl32658s00tr00046340", "lon": 5.4225793, "lat": 53.404602, "bearing": 177.57216 }, "geometry": { "type": "LineString", "coordinates": [ [ 661000.06403246242553, 5921013.972234788350761 ], [ 661084.786446417332627, 5919015.767512401565909 ] ] } },
{ "type": "Feature", "properties": { "transect_id": "cl32658s00tr00046240", "lon": 5.4210758, "lat": 53.404594, "bearing": 177.57213 }, "geometry": { "type": "LineString", "coordinates": [ [ 660900.153332150308415, 5921009.736079449765384 ], [ 660984.876675756764598, 5919011.531396479345858 ] ] } },
{ "type": "Feature", "properties": { "transect_id": "cl32658s00tr00046140", "lon": 5.4195724, "lat": 53.404587, "bearing": 177.57216 }, "geometry": { "type": "LineString", "coordinates": [ [ 660800.243559026275761, 5921005.499963423237205 ], [ 660884.965977908228524, 5919007.29524124506861 ] ] } },
{ "type": "Feature", "properties": { "transect_id": "cl32658s00tr00046040", "lon": 5.4180689, "lat": 53.404575, "bearing": 176.02679 }, "geometry": { "type": "LineString", "coordinates": [ [ 660673.441817697021179, 5920999.092405087314546 ], [ 660812.021689281216823, 5919003.899276794865727 ] ] } },
{ "type": "Feature", "properties": { "transect_id": "cl32658s00tr00045940", "lon": 5.4165659, "lat": 53.404541, "bearing": 176.02676 }, "geometry": { "type": "LineString", "coordinates": [ [ 660573.681699643610045, 5920992.163353594020009 ], [ 660712.262498079217039, 5918996.97028967551887 ] ] } },
{ "type": "Feature", "properties": { "transect_id": "cl32658s00tr00045840", "lon": 5.4150634, "lat": 53.40451, "bearing": 176.02676 }, "geometry": { "type": "LineString", "coordinates": [ [ 660473.922045015846379, 5920985.234334286302328 ], [ 660612.502843451336958, 5918990.041270368732512 ] ] } },
{ "type": "Feature", "properties": { "transect_id": "cl32658s00tr00046440", "lon": 5.4240832, "lat": 53.40461, "bearing": 177.57216 }, "geometry": { "type": "LineString", "coordinates": [ [ 661099.974267948535271, 5921018.208370418287814 ], [ 661184.696681903442368, 5919020.003648031502962 ] ] } },
{ "type": "Feature", "properties": { "transect_id": "cl32658s00tr00045740", "lon": 5.4135604, "lat": 53.404476, "bearing": 176.02676 }, "geometry": { "type": "LineString", "coordinates": [ [ 660374.162390388082713, 5920978.305314978584647 ], [ 660512.743188823573291, 5918983.112251061946154 ] ] } },
{ "type": "Feature", "properties": { "transect_id": "cl32658s00tr00041640", "lon": 5.3593135, "lat": 53.390007, "bearing": 138.09583 }, "geometry": { "type": "LineString", "coordinates": [ [ 656223.278412185143679, 5918994.671581435017288 ], [ 657559.052124424255453, 5917506.145938494242728 ] ] } },
{ "type": "Feature", "properties": { "transect_id": "cl32658s00tr00041840", "lon": 5.3615737, "lat": 53.39119, "bearing": 136.08652 }, "geometry": { "type": "LineString", "coordinates": [ [ 656343.515073693473823, 5919107.5276401322335 ], [ 657730.65779972448945, 5917666.751787467859685 ] ] } },
{ "type": "Feature", "properties": { "transect_id": "cl32658s00tr00043240", "lon": 5.3775644, "lat": 53.399357, "bearing": 147.33998 }, "geometry": { "type": "LineString", "coordinates": [ [ 657530.316793313482776, 5920172.717110732570291 ], [ 658609.622739831334911, 5918488.941985066048801 ] ] } },
{ "type": "Feature", "properties": { "transect_id": "cl32658s00tr00043140", "lon": 5.376368, "lat": 53.398815, "bearing": 139.97264 }, "geometry": { "type": "LineString", "coordinates": [ [ 657349.3040731837973, 5920033.527485412545502 ], [ 658635.610630515031517, 5918502.052562156692147 ] ] } },
{ "type": "Feature", "properties": { "transect_id": "cl32658s00tr00043040", "lon": 5.375185, "lat": 53.398258, "bearing": 139.97263 }, "geometry": { "type": "LineString", "coordinates": [ [ 657272.730061698472127, 5919969.211919025518 ], [ 658559.037165114190429, 5918437.73745443020016 ] ] } },
{ "type": "Feature", "properties": { "transect_id": "cl32658s00tr00042940", "lon": 5.3740025, "lat": 53.397705, "bearing": 139.97264 }, "geometry": { "type": "LineString", "coordinates": [ [ 657196.15659629763104, 5919904.89681129809469 ], [ 658482.463153628748842, 5918373.421888041310012 ] ] } },
{ "type": "Feature", "properties": { "transect_id": "cl32658s00tr00042840", "lon": 5.3728194, "lat": 53.397152, "bearing": 139.97263 }, "geometry": { "type": "LineString", "coordinates": [ [ 657119.582584812073037, 5919840.581244909204543 ], [ 658405.889688227791339, 5918309.10678031668067 ] ] } },
{ "type": "Feature", "properties": { "transect_id": "cl32658s00tr00042740", "lon": 5.3716369, "lat": 53.396595, "bearing": 139.97264 }, "geometry": { "type": "LineString", "coordinates": [ [ 657043.00911941123195, 5919776.266137182712555 ], [ 658329.315676742349751, 5918244.791213927790523 ] ] } },
{ "type": "Feature", "properties": { "transect_id": "cl32658s00tr00041740", "lon": 5.3604569, "lat": 53.390587, "bearing": 136.08652 }, "geometry": { "type": "LineString", "coordinates": [ [ 656271.476288105477579, 5919038.170496513135731 ], [ 657658.619014136609621, 5917597.394643849693239 ] ] } },
{ "type": "Feature", "properties": { "transect_id": "cl32658s00tr00042640", "lon": 5.3705063, "lat": 53.396004, "bearing": 136.05499 }, "geometry": { "type": "LineString", "coordinates": [ [ 656919.225711569772102, 5919662.214120844379067 ], [ 658307.161040828679688, 5918222.201786941848695 ] ] } },
{ "type": "Feature", "properties": { "transect_id": "cl32658s00tr00043640", "lon": 5.3827333, "lat": 53.401196, "bearing": 147.33998 }, "geometry": { "type": "LineString", "coordinates": [ [ 657867.071850935579278, 5920388.578249352052808 ], [ 658946.377797453431413, 5918704.803123685531318 ] ] } },
{ "type": "Feature", "properties": { "transect_id": "cl32658s00tr00042440", "lon": 5.3682733, "lat": 53.394798, "bearing": 136.05498 }, "geometry": { "type": "LineString", "coordinates": [ [ 656775.22427575790789, 5919523.420373009517789 ], [ 658163.160029654507525, 5918083.40844838693738 ] ] } },
{ "type": "Feature", "properties": { "transect_id": "cl32658s00tr00042240", "lon": 5.3660402, "lat": 53.393597, "bearing": 136.05498 }, "geometry": { "type": "LineString", "coordinates": [ [ 656631.223052264889702, 5919384.626829814165831 ], [ 658019.158806161489338, 5917944.614905191585422 ] ] } },
{ "type": "Feature", "properties": { "transect_id": "cl32658s00tr00042140", "lon": 5.364924, "lat": 53.392994, "bearing": 136.05499 }, "geometry": { "type": "LineString", "coordinates": [ [ 656559.222681921324693, 5919315.230290891602635 ], [ 657947.15795301203616, 5917875.217900921590626 ] ] } },
{ "type": "Feature", "properties": { "transect_id": "cl32658s00tr00042040", "lon": 5.3638072, "lat": 53.392391, "bearing": 136.08652 }, "geometry": { "type": "LineString", "coordinates": [ [ 656487.592673952458426, 5919246.241955369710922 ], [ 657874.735341817839071, 5917805.466046705842018 ] ] } },
{ "type": "Feature", "properties": { "transect_id": "cl32658s00tr00041940", "lon": 5.3626904, "lat": 53.391792, "bearing": 136.08652 }, "geometry": { "type": "LineString", "coordinates": [ [ 656415.553859281586483, 5919176.884783750399947 ], [ 657802.696585312718526, 5917736.108931087888777 ] ] } },
{ "type": "Feature", "properties": { "transect_id": "cl32658s00tr00042540", "lon": 5.36939, "lat": 53.395401, "bearing": 136.05499 }, "geometry": { "type": "LineString", "coordinates": [ [ 656847.225128907361068, 5919592.817377281375229 ], [ 658235.16039999818895, 5918152.80498731136322 ] ] } },
{ "type": "Feature", "properties": { "transect_id": "cl32658s00tr00045640", "lon": 5.4120579, "lat": 53.404446, "bearing": 176.02679 }, "geometry": { "type": "LineString", "coordinates": [ [ 660274.403203209629282, 5920971.376328139565885 ], [ 660412.983066746615805, 5918976.183199288323522 ] ] } },
{ "type": "Feature", "properties": { "transect_id": "cl32658s00tr00045540", "lon": 5.4105549, "lat": 53.404415, "bearing": 176.02679 }, "geometry": { "type": "LineString", "coordinates": [ [ 660174.643544558319263, 5920964.447308553382754 ], [ 660313.223416142398492, 5918969.254180260933936 ] ] } },
{ "type": "Feature", "properties": { "transect_id": "cl32658s00tr00045440", "lon": 5.4090524, "lat": 53.404381, "bearing": 176.02679 }, "geometry": { "type": "LineString", "coordinates": [ [ 660074.883889930555597, 5920957.518289248459041 ], [ 660213.463761514751241, 5918962.3251609550789 ] ] } },
{ "type": "Feature", "properties": { "transect_id": "cl32658s00tr00045340", "lon": 5.4075494, "lat": 53.40435, "bearing": 176.02676 }, "geometry": { "type": "LineString", "coordinates": [ [ 659975.123771877028048, 5920950.589237755164504 ], [ 660113.704570312751457, 5918955.396173835732043 ] ] } },
{ "type": "Feature", "properties": { "transect_id": "cl32658s00tr00045240", "lon": 5.4060488, "lat": 53.404297, "bearing": 172.55855 }, "geometry": { "type": "LineString", "coordinates": [ [ 659815.359695864492096, 5920935.458550533279777 ], [ 660074.385659095947631, 5918952.303097631782293 ] ] } },
{ "type": "Feature", "properties": { "transect_id": "cl32658s00tr00045140", "lon": 5.404552, "lat": 53.404213, "bearing": 172.55855 }, "geometry": { "type": "LineString", "coordinates": [ [ 659716.201924982946366, 5920922.507238869555295 ], [ 659975.227888214401901, 5918939.351785968057811 ] ] } },
{ "type": "Feature", "properties": { "transect_id": "cl32658s00tr00045040", "lon": 5.4030552, "lat": 53.404125, "bearing": 172.55852 }, "geometry": { "type": "LineString", "coordinates": [ [ 659617.043696250882931, 5920909.555867406539619 ], [ 659876.070575183257461, 5918926.400534105487168 ] ] } },
{ "type": "Feature", "properties": { "transect_id": "cl32658s00tr00044940", "lon": 5.4015584, "lat": 53.404041, "bearing": 172.55855 }, "geometry": { "type": "LineString", "coordinates": [ [ 659517.886383219854906, 5920896.604615543037653 ], [ 659776.912346451310441, 5918913.449162640608847 ] ] } },
{ "type": "Feature", "properties": { "transect_id": "cl32658s00tr00044840", "lon": 5.4000621, "lat": 53.403954, "bearing": 172.55855 }, "geometry": { "type": "LineString", "coordinates": [ [ 659418.728612338309176, 5920883.653303879313171 ], [ 659677.754575569764711, 5918900.49785097874701 ] ] } },
{ "type": "Feature", "properties": { "transect_id": "cl32658s00tr00044740", "lon": 5.3985653, "lat": 53.403866, "bearing": 172.55852 }, "geometry": { "type": "LineString", "coordinates": [ [ 659319.570383606245741, 5920870.701932415366173 ], [ 659578.597262538736686, 5918887.546599117107689 ] ] } },
{ "type": "Feature", "properties": { "transect_id": "cl32658s00tr00044640", "lon": 5.3970709, "lat": 53.40377, "bearing": 166.27185 }, "geometry": { "type": "LineString", "coordinates": [ [ 659112.805150130530819, 5920836.564651429653168 ], [ 659587.4359997427091, 5918893.69935589376837 ] ] } },
{ "type": "Feature", "properties": { "transect_id": "cl32658s00tr00044540", "lon": 5.3955989, "lat": 53.403587, "bearing": 166.27185 }, "geometry": { "type": "LineString", "coordinates": [ [ 659015.661881592823192, 5920812.833124342374504 ], [ 659490.292731205001473, 5918869.967828808352351 ] ] } },
{ "type": "Feature", "properties": { "transect_id": "cl32658s00tr00044440", "lon": 5.3941269, "lat": 53.403404, "bearing": 166.27185 }, "geometry": { "type": "LineString", "coordinates": [ [ 658918.518613055115566, 5920789.101597256958485 ], [ 659393.149462667293847, 5918846.236301722936332 ] ] } },
{ "type": "Feature", "properties": { "transect_id": "cl32658s00tr00044340", "lon": 5.3926554, "lat": 53.403221, "bearing": 166.27188 }, "geometry": { "type": "LineString", "coordinates": [ [ 658821.375783953350037, 5920765.370177523232996 ], [ 659296.005754693644121, 5918822.504667285829782 ] ] } },
{ "type": "Feature", "properties": { "transect_id": "cl32658s00tr00044240", "lon": 5.3911834, "lat": 53.403034, "bearing": 166.27188 }, "geometry": { "type": "LineString", "coordinates": [ [ 658724.232528834487312, 5920741.638653717935085 ], [ 659198.862472737091593, 5918798.773136922158301 ] ] } },
{ "type": "Feature", "properties": { "transect_id": "cl32658s00tr00044140", "lon": 5.3897114, "lat": 53.402851, "bearing": 166.27185 }, "geometry": { "type": "LineString", "coordinates": [ [ 658627.088820861070417, 5920717.90701927896589 ], [ 659101.719643635326065, 5918775.04171718750149 ] ] } },
{ "type": "Feature", "properties": { "transect_id": "cl32658s00tr00044040", "lon": 5.3883047, "lat": 53.402534, "bearing": 157.19452 }, "geometry": { "type": "LineString", "coordinates": [ [ 658384.468023804947734, 5920629.993636976927519 ], [ 659159.675773014081642, 5918786.341569593176246 ] ] } },
{ "type": "Feature", "properties": { "transect_id": "cl32658s00tr00043340", "lon": 5.3788567, "lat": 53.399818, "bearing": 147.33998 }, "geometry": { "type": "LineString", "coordinates": [ [ 657614.505584164522588, 5920226.682412339374423 ], [ 658693.811477791517973, 5918542.90725276991725 ] ] } },
{ "type": "Feature", "properties": { "transect_id": "cl32658s00tr00043440", "lon": 5.3801489, "lat": 53.400276, "bearing": 147.33998 }, "geometry": { "type": "LineString", "coordinates": [ [ 657698.694322124472819, 5920280.647680042311549 ], [ 658778.000268642324954, 5918596.87255437579006 ] ] } },
{ "type": "Feature", "properties": { "transect_id": "cl32658s00tr00046540", "lon": 5.4255867, "lat": 53.404617, "bearing": 177.57213 }, "geometry": { "type": "LineString", "coordinates": [ [ 661199.884036145522259, 5921022.444486238062382 ], [ 661284.607384678907692, 5919024.23980347532779 ] ] } },
{ "type": "Feature", "properties": { "transect_id": "cl32658s00tr00040440", "lon": 5.3448467, "lat": 53.383587, "bearing": 145.84142 }, "geometry": { "type": "LineString", "coordinates": [ [ 655391.297317857155576, 5918332.164668340235949 ], [ 656514.268153027165681, 5916677.191404701210558 ] ] } },
{ "type": "Feature", "properties": { "transect_id": "cl32658s00tr00040540", "lon": 5.3461175, "lat": 53.384064, "bearing": 145.84143 }, "geometry": { "type": "LineString", "coordinates": [ [ 655474.046317836968228, 5918388.313400011509657 ], [ 656597.016515298513696, 5916733.339703659527004 ] ] } },
{ "type": "Feature", "properties": { "transect_id": "cl32658s00tr00040640", "lon": 5.3473883, "lat": 53.384544, "bearing": 145.84143 }, "geometry": { "type": "LineString", "coordinates": [ [ 655556.794998962548561, 5918444.461915324442089 ], [ 656679.765196423977613, 5916789.488218975253403 ] ] } },
{ "type": "Feature", "properties": { "transect_id": "cl32658s00tr00040740", "lon": 5.3486376, "lat": 53.385044, "bearing": 142.62776 }, "geometry": { "type": "LineString", "coordinates": [ [ 655592.531706745037809, 5918469.923712301999331 ], [ 656806.513201651978306, 5916880.505916369147599 ] ] } },
{ "type": "Feature", "properties": { "transect_id": "cl32658s00tr00040840", "lon": 5.3498616, "lat": 53.385567, "bearing": 142.62779 }, "geometry": { "type": "LineString", "coordinates": [ [ 655672.002879281528294, 5918530.622968332841992 ], [ 656885.983842156478204, 5916941.204766040667892 ] ] } },
{ "type": "Feature", "properties": { "transect_id": "cl32658s00tr00046740", "lon": 5.4285941, "lat": 53.404633, "bearing": 177.57216 }, "geometry": { "type": "LineString", "coordinates": [ [ 661399.704974407330155, 5921030.91677731089294 ], [ 661484.427388362353668, 5919032.712054923176765 ] ] } },
{ "type": "Feature", "properties": { "transect_id": "cl32658s00tr00046640", "lon": 5.4270902, "lat": 53.404625, "bearing": 177.57216 }, "geometry": { "type": "LineString", "coordinates": [ [ 661299.794738921103999, 5921026.680641680024564 ], [ 661384.517152876011096, 5919028.47591929230839 ] ] } },
{ "type": "Feature", "properties": { "transect_id": "cl32658s00tr00040940", "lon": 5.3510852, "lat": 53.386089, "bearing": 142.62779 }, "geometry": { "type": "LineString", "coordinates": [ [ 655751.473813880234957, 5918591.322042626328766 ], [ 656965.454720598994754, 5917001.903797443024814 ] ] } },
{ "type": "Feature", "properties": { "transect_id": "cl32658s00tr00046940", "lon": 5.4316015, "lat": 53.404648, "bearing": 177.57216 }, "geometry": { "type": "LineString", "coordinates": [ [ 661599.525442916434258, 5921039.389048467390239 ], [ 661684.247861798503436, 5919041.184326287358999 ] ] } },
{ "type": "Feature", "properties": { "transect_id": "cl32658s00tr00046840", "lon": 5.4300976, "lat": 53.40464, "bearing": 177.57213 }, "geometry": { "type": "LineString", "coordinates": [ [ 661499.614745067898184, 5921035.152893233112991 ], [ 661584.338088674237952, 5919036.948210261762142 ] ] } },
{ "type": "Feature", "properties": { "transect_id": "cl32658s00tr00043540", "lon": 5.3814411, "lat": 53.400734, "bearing": 147.33998 }, "geometry": { "type": "LineString", "coordinates": [ [ 657782.883112975512631, 5920334.612981648184359 ], [ 658862.189006602508016, 5918650.837822079658508 ] ] } },
{ "type": "Feature", "properties": { "transect_id": "cl32662s00tr00041442", "lon": 5.0811963, "lat": 53.306595, "bearing": 9.6572046 }, "geometry": { "type": "LineString", "coordinates": [ [ 638501.995060721528716, 5907411.36184851732105 ], [ 638837.501243702019565, 5909383.019932766444981 ] ] } },
{ "type": "Feature", "properties": { "transect_id": "cl32662s00tr00041142", "lon": 5.0855832, "lat": 53.305992, "bearing": 12.331288 }, "geometry": { "type": "LineString", "coordinates": [ [ 638750.397770466748625, 5907362.033782030455768 ], [ 639177.525587690528482, 5909315.891972318291664 ] ] } },
{ "type": "Feature", "properties": { "transect_id": "cl32662s00tr00041242", "lon": 5.0841274, "lat": 53.30621, "bearing": 12.331288 }, "geometry": { "type": "LineString", "coordinates": [ [ 638652.704862234182656, 5907383.390178754925728 ], [ 639079.832679457962513, 5909337.248369043692946 ] ] } },
{ "type": "Feature", "properties": { "transect_id": "cl32662s00tr00041342", "lon": 5.0826674, "lat": 53.306416, "bearing": 9.6572313 }, "geometry": { "type": "LineString", "coordinates": [ [ 638600.577507142210379, 5907394.586585615761578 ], [ 638936.08459523669444, 5909366.244515845552087 ] ] } },
{ "type": "Feature", "properties": { "transect_id": "cl32655s00tr00049037", "lon": 5.6700683, "lat": 53.468403, "bearing": 130.5849 }, "geometry": { "type": "LineString", "coordinates": [ [ 676465.884043830214068, 5928348.478136515244842 ], [ 677984.769737322116271, 5927047.330085713416338 ] ] } },
{ "type": "Feature", "properties": { "transect_id": "cl32655s00tr00049237", "lon": 5.6703148, "lat": 53.470074, "bearing": 61.567596 }, "geometry": { "type": "LineString", "coordinates": [ [ 676355.341944413841702, 5927407.850541234016418 ], [ 678114.100841448060237, 5928360.093757067807019 ] ] } },
{ "type": "Feature", "properties": { "transect_id": "cl32655s00tr00049337", "lon": 5.6695094, "lat": 53.470829, "bearing": 52.949085 }, "geometry": { "type": "LineString", "coordinates": [ [ 676380.035281254677102, 5927363.615500757470727 ], [ 677976.236106401309371, 5928568.664431631565094 ] ] } },
{ "type": "Feature", "properties": { "transect_id": "cl32655s00tr00048837", "lon": 5.6677675, "lat": 53.467251, "bearing": 135.93637 }, "geometry": { "type": "LineString", "coordinates": [ [ 676381.977230060496368, 5928282.551098342053592 ], [ 677772.890759960981086, 5926845.415213206782937 ] ] } },
{ "type": "Feature", "properties": { "transect_id": "cl32655s00tr00048937", "lon": 5.6689391, "lat": 53.467815, "bearing": 141.82181 }, "geometry": { "type": "LineString", "coordinates": [ [ 676534.738592896494083, 5928415.546333716250956 ], [ 677770.957277699955739, 5926843.362068642862141 ] ] } },
{ "type": "Feature", "properties": { "transect_id": "cl32655s00tr00048737", "lon": 5.6686058, "lat": 53.466663, "bearing": 18.490475 }, "geometry": { "type": "LineString", "coordinates": [ [ 676818.370665699942037, 5926552.149745940230787 ], [ 677452.664680775604211, 5928448.90252435952425 ] ] } },
{ "type": "Feature", "properties": { "transect_id": "cl32655s00tr00049637", "lon": 5.6653543, "lat": 53.471554, "bearing": 354.60486 }, "geometry": { "type": "LineString", "coordinates": [ [ 676993.419176511466503, 5927040.755720087327063 ], [ 676805.371176904533058, 5929031.895582034252584 ] ] } },
{ "type": "Feature", "properties": { "transect_id": "cl32655s00tr00049437", "lon": 5.6683021, "lat": 53.471352, "bearing": 21.264547 }, "geometry": { "type": "LineString", "coordinates": [ [ 676733.185095402528532, 5927089.186756082810462 ], [ 677458.534409605781548, 5928953.018393431790173 ] ] } },
{ "type": "Feature", "properties": { "transect_id": "cl32655s00tr00049537", "lon": 5.6668553, "lat": 53.471569, "bearing": 6.1518326 }, "geometry": { "type": "LineString", "coordinates": [ [ 676891.76422967761755, 5927047.79449042212218 ], [ 677106.091347350738943, 5929036.277300664223731 ] ] } },
{ "type": "Feature", "properties": { "transect_id": "cl32655s00tr00049737", "lon": 5.6638703, "lat": 53.471405, "bearing": 347.44537 }, "geometry": { "type": "LineString", "coordinates": [ [ 677018.908106204355136, 5927040.072207982651889 ], [ 676584.167603054898791, 5928992.250656516291201 ] ] } },
{ "type": "Feature", "properties": { "transect_id": "cl32655s00tr00048637", "lon": 5.6700244, "lat": 53.466362, "bearing": 14.145553 }, "geometry": { "type": "LineString", "coordinates": [ [ 676986.528225005837157, 5926501.0425936402753 ], [ 677475.300270766252652, 5928440.398643280379474 ] ] } },
{ "type": "Feature", "properties": { "transect_id": "cl32655s00tr00048537", "lon": 5.6714697, "lat": 53.46611, "bearing": 14.145553 }, "geometry": { "type": "LineString", "coordinates": [ [ 677083.496032581664622, 5926476.604011562652886 ], [ 677572.268078342080116, 5928415.960061203688383 ] ] } },
{ "type": "Feature", "properties": { "transect_id": "cl32655s00tr00048437", "lon": 5.6729217, "lat": 53.465874, "bearing": 12.710718 }, "geometry": { "type": "LineString", "coordinates": [ [ 677205.2115197541425, 5926447.985024493187666 ], [ 677645.268912968575023, 5928398.971823698841035 ] ] } },
{ "type": "Feature", "properties": { "transect_id": "cl32655s00tr00048037", "lon": 5.6787457, "lat": 53.464958, "bearing": 12.557928 }, "geometry": { "type": "LineString", "coordinates": [ [ 677598.148078313912265, 5926360.001801233738661 ], [ 678033.00123202544637, 5928312.15515963267535 ] ] } },
{ "type": "Feature", "properties": { "transect_id": "cl32655s00tr00048137", "lon": 5.677289, "lat": 53.465183, "bearing": 12.557928 }, "geometry": { "type": "LineString", "coordinates": [ [ 677500.54041473462712, 5926381.744478406384587 ], [ 677935.393568446394056, 5928333.897836804389954 ] ] } },
{ "type": "Feature", "properties": { "transect_id": "cl32655s00tr00048237", "lon": 5.6758327, "lat": 53.465412, "bearing": 12.557955 }, "geometry": { "type": "LineString", "coordinates": [ [ 677402.93230750807561, 5926403.487254404462874 ], [ 677837.786348514491692, 5928355.640415152534842 ] ] } },
{ "type": "Feature", "properties": { "transect_id": "cl32655s00tr00048337", "lon": 5.674377, "lat": 53.465641, "bearing": 12.710745 }, "geometry": { "type": "LineString", "coordinates": [ [ 677302.760410775081255, 5926425.982228967361152 ], [ 677742.818690224201418, 5928376.968828277662396 ] ] } },
{ "type": "Feature", "properties": { "transect_id": "cl32655s00tr00049137", "lon": 5.6706629, "lat": 53.469208, "bearing": 94.208687 }, "geometry": { "type": "LineString", "coordinates": [ [ 676264.139586268924177, 5927862.290875934995711 ], [ 678258.746306038228795, 5927715.512016930617392 ] ] } },
{ "type": "Feature", "properties": { "transect_id": "cl32658s00tr00048640", "lon": 5.4571571, "lat": 53.404911, "bearing": 174.51944 }, "geometry": { "type": "LineString", "coordinates": [ [ 663243.885049001313746, 5921123.323302438482642 ], [ 663434.90117281768471, 5919132.465989510528743 ] ] } },
{ "type": "Feature", "properties": { "transect_id": "cl32658s00tr00048540", "lon": 5.4556561, "lat": 53.404858, "bearing": 174.51944 }, "geometry": { "type": "LineString", "coordinates": [ [ 663144.342183248023503, 5921113.772497363388538 ], [ 663335.358307064278051, 5919122.915184433571994 ] ] } },
{ "type": "Feature", "properties": { "transect_id": "cl32658s00tr00048440", "lon": 5.454154, "lat": 53.404816, "bearing": 176.3419 }, "geometry": { "type": "LineString", "coordinates": [ [ 663076.384643391240388, 5921108.25903011392802 ], [ 663203.989805080462247, 5919112.333950681611896 ] ] } },
{ "type": "Feature", "properties": { "transect_id": "cl32658s00tr00048340", "lon": 5.452651, "lat": 53.404789, "bearing": 176.3419 }, "geometry": { "type": "LineString", "coordinates": [ [ 662976.588389225536957, 5921101.87877506390214 ], [ 663104.193550914875232, 5919105.953695630654693 ] ] } },
{ "type": "Feature", "properties": { "transect_id": "cl32658s00tr00048240", "lon": 5.451148, "lat": 53.404762, "bearing": 176.3419 }, "geometry": { "type": "LineString", "coordinates": [ [ 662876.792135060066357, 5921095.498520011082292 ], [ 663004.397296749288216, 5919099.573440578766167 ] ] } },
{ "type": "Feature", "properties": { "transect_id": "cl32658s00tr00048140", "lon": 5.449645, "lat": 53.404736, "bearing": 176.3419 }, "geometry": { "type": "LineString", "coordinates": [ [ 662776.995880894595757, 5921089.118264960125089 ], [ 662904.601042583701201, 5919093.193185527808964 ] ] } },
{ "type": "Feature", "properties": { "transect_id": "cl32658s00tr00048040", "lon": 5.4481416, "lat": 53.404724, "bearing": 177.37888 }, "geometry": { "type": "LineString", "coordinates": [ [ 662695.18829713400919, 5921085.23717425018549 ], [ 662786.650694743613712, 5919087.329611369408667 ] ] } },
{ "type": "Feature", "properties": { "transect_id": "cl32658s00tr00047940", "lon": 5.4466381, "lat": 53.404713, "bearing": 177.37888 }, "geometry": { "type": "LineString", "coordinates": [ [ 662595.29292103019543, 5921080.664068011566997 ], [ 662686.755313321365975, 5919082.756504887714982 ] ] } },
{ "type": "Feature", "properties": { "transect_id": "cl32658s00tr00047840", "lon": 5.4451342, "lat": 53.404701, "bearing": 177.37888 }, "geometry": { "type": "LineString", "coordinates": [ [ 662495.397542266873643, 5921076.090961652807891 ], [ 662586.859934558277018, 5919078.183398527093232 ] ] } },
{ "type": "Feature", "properties": { "transect_id": "cl32658s00tr00048740", "lon": 5.4586577, "lat": 53.404968, "bearing": 174.51944 }, "geometry": { "type": "LineString", "coordinates": [ [ 663343.427914754603989, 5921132.874107516370714 ], [ 663534.444038570858538, 5919142.016794588416815 ] ] } },
{ "type": "Feature", "properties": { "transect_id": "cl32658s00tr00047740", "lon": 5.4436307, "lat": 53.404694, "bearing": 177.37888 }, "geometry": { "type": "LineString", "coordinates": [ [ 662395.502163503901102, 5921071.517855292186141 ], [ 662486.964555795188062, 5919073.610292163677514 ] ] } },
{ "type": "Feature", "properties": { "transect_id": "cl32658s00tr00047640", "lon": 5.4421272, "lat": 53.404682, "bearing": 177.75504 }, "geometry": { "type": "LineString", "coordinates": [ [ 662302.161729094805196, 5921067.326066508889198 ], [ 662380.505512699135579, 5919068.861092693172395 ] ] } },
{ "type": "Feature", "properties": { "transect_id": "cl32658s00tr00049740", "lon": 5.4731264, "lat": 53.407227, "bearing": 154.94585 }, "geometry": { "type": "LineString", "coordinates": [ [ 663968.356962577789091, 5921327.954110263846815 ], [ 664815.306311112246476, 5919516.138225297443569 ] ] } },
{ "type": "Feature", "properties": { "transect_id": "cl32658s00tr00049640", "lon": 5.4717388, "lat": 53.406879, "bearing": 156.15407 }, "geometry": { "type": "LineString", "coordinates": [ [ 663896.699159860145301, 5921294.912772136740386 ], [ 664705.256691536051221, 5919465.641136220656335 ] ] } },
{ "type": "Feature", "properties": { "transect_id": "cl32658s00tr00049540", "lon": 5.4703412, "lat": 53.406548, "bearing": 158.20096 }, "geometry": { "type": "LineString", "coordinates": [ [ 663838.000041960505769, 5921268.725973504595459 ], [ 664580.704720488749444, 5919411.741923899389803 ] ] } },
{ "type": "Feature", "properties": { "transect_id": "cl32658s00tr00049440", "lon": 5.4689264, "lat": 53.406242, "bearing": 158.20093 }, "geometry": { "type": "LineString", "coordinates": [ [ 663745.15044718538411, 5921231.590556140989065 ], [ 664487.855928604258224, 5919374.606827652081847 ] ] } },
{ "type": "Feature", "properties": { "transect_id": "cl32658s00tr00049340", "lon": 5.4675055, "lat": 53.405952, "bearing": 161.68842 }, "geometry": { "type": "LineString", "coordinates": [ [ 663709.013989906990901, 5921216.57326911110431 ], [ 664337.38289119489491, 5919317.849349237047136 ] ] } },
{ "type": "Feature", "properties": { "transect_id": "cl32658s00tr00049240", "lon": 5.4660625, "lat": 53.405697, "bearing": 161.68842 }, "geometry": { "type": "LineString", "coordinates": [ [ 663614.077776557067409, 5921185.154818284325302 ], [ 664242.446712568635121, 5919286.430909903720021 ] ] } },
{ "type": "Feature", "properties": { "transect_id": "cl32658s00tr00047540", "lon": 5.4406233, "lat": 53.404678, "bearing": 177.75504 }, "geometry": { "type": "LineString", "coordinates": [ [ 662202.238477728213184, 5921063.408887377008796 ], [ 662280.582265889155678, 5919064.943913738243282 ] ] } },
{ "type": "Feature", "properties": { "transect_id": "cl32658s00tr00047440", "lon": 5.4391198, "lat": 53.404675, "bearing": 177.75504 }, "geometry": { "type": "LineString", "coordinates": [ [ 662102.315228640218265, 5921059.491708332672715 ], [ 662180.659016801044345, 5919061.026734693907201 ] ] } },
{ "type": "Feature", "properties": { "transect_id": "cl32658s00tr00047340", "lon": 5.4376159, "lat": 53.404671, "bearing": 177.75504 }, "geometry": { "type": "LineString", "coordinates": [ [ 662002.391981830238365, 5921055.574529377743602 ], [ 662080.735765434452333, 5919057.109555560164154 ] ] } },
{ "type": "Feature", "properties": { "transect_id": "cl32658s00tr00047240", "lon": 5.4361124, "lat": 53.404663, "bearing": 177.75507 }, "geometry": { "type": "LineString", "coordinates": [ [ 661902.469195410376415, 5921051.657368472777307 ], [ 661980.812053677858785, 5919053.1923583811149 ] ] } },
{ "type": "Feature", "properties": { "transect_id": "cl32658s00tr00049040", "lon": 5.4631305, "lat": 53.405304, "bearing": 166.77313 }, "geometry": { "type": "LineString", "coordinates": [ [ 663506.11576212325599, 5921158.704196422360837 ], [ 663963.730395041755401, 5919211.760733519680798 ] ] } },
{ "type": "Feature", "properties": { "transect_id": "cl32658s00tr00048940", "lon": 5.4616461, "lat": 53.405167, "bearing": 171.16106 }, "geometry": { "type": "LineString", "coordinates": [ [ 663483.121852821554057, 5921154.561157484538853 ], [ 663790.436898219049908, 5919178.312827221117914 ] ] } },
{ "type": "Feature", "properties": { "transect_id": "cl32658s00tr00048840", "lon": 5.4601531, "lat": 53.40506, "bearing": 171.16103 }, "geometry": { "type": "LineString", "coordinates": [ [ 663384.308984829578549, 5921139.195314012467861 ], [ 663691.624939560424536, 5919162.947125152684748 ] ] } },
{ "type": "Feature", "properties": { "transect_id": "cl32658s00tr00049140", "lon": 5.4646053, "lat": 53.405479, "bearing": 166.77316 }, "geometry": { "type": "LineString", "coordinates": [ [ 663603.463383211987093, 5921181.585003449581563 ], [ 664061.077133564976975, 5919234.641333106905222 ] ] } },
{ "type": "Feature", "properties": { "transect_id": "cl32658s00tr00047040", "lon": 5.433105, "lat": 53.404655, "bearing": 177.57216 }, "geometry": { "type": "LineString", "coordinates": [ [ 661699.43568086612504, 5921043.62518420163542 ], [ 661784.158094821148552, 5919045.420461813919246 ] ] } },
{ "type": "Feature", "properties": { "transect_id": "cl32658s00tr00047140", "lon": 5.4346085, "lat": 53.404659, "bearing": 177.75504 }, "geometry": { "type": "LineString", "coordinates": [ [ 661802.545481375535019, 5921047.740171202458441 ], [ 661880.889269536477514, 5919049.275197563692927 ] ] } },
{ "type": "Feature", "properties": { "transect_id": "cl32658s00tr00039640", "lon": 5.3336349, "lat": 53.381157, "bearing": 158.63338 }, "geometry": { "type": "LineString", "coordinates": [ [ 654851.71070232312195, 5918141.35258243791759 ], [ 655580.379316949052736, 5916278.816126403398812 ] ] } },
{ "type": "Feature", "properties": { "transect_id": "cl32658s00tr00055040", "lon": 5.5195432, "lat": 53.429325, "bearing": 171.1391 }, "geometry": { "type": "LineString", "coordinates": [ [ 667235.776807200862095, 5923975.982593750581145 ], [ 667543.849005915690213, 5921999.852152615785599 ] ] } },
{ "type": "Feature", "properties": { "transect_id": "cl32658s00tr00053540", "lon": 5.4997315, "lat": 53.423958, "bearing": 148.47266 }, "geometry": { "type": "LineString", "coordinates": [ [ 665571.859383962233551, 5923196.831669595092535 ], [ 666617.670430721598677, 5921492.050377323292196 ] ] } },
{ "type": "Feature", "properties": { "transect_id": "cl32658s00tr00052440", "lon": 5.4852304, "lat": 53.419197, "bearing": 147.03185 }, "geometry": { "type": "LineString", "coordinates": [ [ 664605.700348891783506, 5922620.490262938663363 ], [ 665694.045779008418322, 5920942.543832105584443 ] ] } },
{ "type": "Feature", "properties": { "transect_id": "cl32658s00tr00052540", "lon": 5.4865236, "lat": 53.419659, "bearing": 147.92064 }, "geometry": { "type": "LineString", "coordinates": [ [ 664702.930582306114957, 5922682.850108324550092 ], [ 665765.117191890487447, 5920988.223421876318753 ] ] } },
{ "type": "Feature", "properties": { "transect_id": "cl32658s00tr00052640", "lon": 5.4878278, "lat": 53.420105, "bearing": 148.68723 }, "geometry": { "type": "LineString", "coordinates": [ [ 664799.210247866460122, 5922742.722459925338626 ], [ 665838.629469400155358, 5921034.036508116871119 ] ] } },
{ "type": "Feature", "properties": { "transect_id": "cl32658s00tr00052740", "lon": 5.4891396, "lat": 53.420544, "bearing": 148.68723 }, "geometry": { "type": "LineString", "coordinates": [ [ 664884.644554695114493, 5922794.693405815400183 ], [ 665924.063776228809729, 5921086.007454006932676 ] ] } },
{ "type": "Feature", "properties": { "transect_id": "cl32658s00tr00052840", "lon": 5.4904561, "lat": 53.420979, "bearing": 149.07492 }, "geometry": { "type": "LineString", "coordinates": [ [ 664976.214698453433812, 5922849.593217686749995 ], [ 666004.048275946173817, 5921133.913137665018439 ] ] } },
{ "type": "Feature", "properties": { "transect_id": "cl32658s00tr00052940", "lon": 5.4917769, "lat": 53.42141, "bearing": 149.6463 }, "geometry": { "type": "LineString", "coordinates": [ [ 665070.878268703818321, 5922905.561842032708228 ], [ 666081.551383066223934, 5921179.717163068242371 ] ] } },
{ "type": "Feature", "properties": { "transect_id": "cl32658s00tr00053040", "lon": 5.4931006, "lat": 53.421837, "bearing": 149.81276 }, "geometry": { "type": "LineString", "coordinates": [ [ 665159.693580247228965, 5922957.535795582458377 ], [ 666165.348685772391036, 5921228.762297194451094 ] ] } },
{ "type": "Feature", "properties": { "transect_id": "cl32658s00tr00053140", "lon": 5.4944267, "lat": 53.42226, "bearing": 149.81276 }, "geometry": { "type": "LineString", "coordinates": [ [ 665246.13226013048552, 5923007.818542326800525 ], [ 666251.787365655647591, 5921279.045043938793242 ] ] } },
{ "type": "Feature", "properties": { "transect_id": "cl32658s00tr00053240", "lon": 5.4957561, "lat": 53.42268, "bearing": 150.31328 }, "geometry": { "type": "LineString", "coordinates": [ [ 665340.378544099628925, 5923062.048548376187682 ], [ 666330.893302654381841, 5921324.555954699404538 ] ] } },
{ "type": "Feature", "properties": { "transect_id": "cl32658s00tr00053440", "lon": 5.4984131, "lat": 53.423523, "bearing": 149.72011 }, "geometry": { "type": "LineString", "coordinates": [ [ 665504.653414567001164, 5923156.805233485996723 ], [ 666513.10268214601092, 5921429.660168727859855 ] ] } },
{ "type": "Feature", "properties": { "transect_id": "cl32658s00tr00053340", "lon": 5.497088, "lat": 53.4231, "bearing": 150.31328 }, "geometry": { "type": "LineString", "coordinates": [ [ 665427.25316439580638, 5923111.574302771128714 ], [ 666417.767922950559296, 5921374.081709092482924 ] ] } },
{ "type": "Feature", "properties": { "transect_id": "cl32658s00tr00053640", "lon": 5.5010405, "lat": 53.4244, "bearing": 148.47266 }, "geometry": { "type": "LineString", "coordinates": [ [ 665657.098445393028669, 5923249.122227120213211 ], [ 666702.90949215204455, 5921544.340934850275517 ] ] } },
{ "type": "Feature", "properties": { "transect_id": "cl32658s00tr00054940", "lon": 5.5180492, "lat": 53.429218, "bearing": 171.1391 }, "geometry": { "type": "LineString", "coordinates": [ [ 667136.970293545164168, 5923960.578988134860992 ], [ 667445.042474541813135, 5921984.448544238694012 ] ] } },
{ "type": "Feature", "properties": { "transect_id": "cl32658s00tr00053740", "lon": 5.5023289, "lat": 53.424862, "bearing": 146.72226 }, "geometry": { "type": "LineString", "coordinates": [ [ 665715.076196940965019, 5923287.357035775668919 ], [ 666812.472217374946922, 5921615.3157760174945 ] ] } },
{ "type": "Feature", "properties": { "transect_id": "cl32658s00tr00053840", "lon": 5.5036068, "lat": 53.425339, "bearing": 145.50078 }, "geometry": { "type": "LineString", "coordinates": [ [ 665780.445033041411079, 5923331.138542507775128 ], [ 666913.23496669717133, 5921682.870674045756459 ] ] } },
{ "type": "Feature", "properties": { "transect_id": "cl32658s00tr00053940", "lon": 5.5048723, "lat": 53.425823, "bearing": 143.31981 }, "geometry": { "type": "LineString", "coordinates": [ [ 665831.639118579332717, 5923365.99869745131582 ], [ 667026.334769209497608, 5921762.034139749594033 ] ] } },
{ "type": "Feature", "properties": { "transect_id": "cl32658s00tr00054040", "lon": 5.5061097, "lat": 53.426334, "bearing": 143.31984 }, "geometry": { "type": "LineString", "coordinates": [ [ 665911.837666004430503, 5923425.733676160685718 ], [ 667106.532717630499974, 5921821.76867229770869 ] ] } },
{ "type": "Feature", "properties": { "transect_id": "cl32658s00tr00054140", "lon": 5.5073152, "lat": 53.426872, "bearing": 141.11334 }, "geometry": { "type": "LineString", "coordinates": [ [ 665959.391227684332989, 5923464.726706118322909 ], [ 667214.954774533398449, 5921907.947922917082906 ] ] } },
{ "type": "Feature", "properties": { "transect_id": "cl32658s00tr00054240", "lon": 5.5084267, "lat": 53.427475, "bearing": 128.86777 }, "geometry": { "type": "LineString", "coordinates": [ [ 665880.046723081497476, 5923383.580772171728313 ], [ 667437.239377825055271, 5922128.530559624545276 ] ] } },
{ "type": "Feature", "properties": { "transect_id": "cl32658s00tr00054440", "lon": 5.510633, "lat": 53.428661, "bearing": 156.22871 }, "geometry": { "type": "LineString", "coordinates": [ [ 666397.489393273019232, 5923808.309598702937365 ], [ 667203.662714714417234, 5921977.985972730442882 ] ] } },
{ "type": "Feature", "properties": { "transect_id": "cl32658s00tr00054540", "lon": 5.5120597, "lat": 53.42894, "bearing": 163.97815 }, "geometry": { "type": "LineString", "coordinates": [ [ 666618.230158568941988, 5923888.694901573471725 ], [ 667170.238114353036508, 5921966.38191541377455 ] ] } },
{ "type": "Feature", "properties": { "transect_id": "cl32658s00tr00054640", "lon": 5.5135422, "lat": 53.429089, "bearing": 169.7482 }, "geometry": { "type": "LineString", "coordinates": [ [ 666814.15191478014458, 5923931.562153914943337 ], [ 667170.100603933795355, 5921963.491898386739194 ] ] } },
{ "type": "Feature", "properties": { "transect_id": "cl32658s00tr00054740", "lon": 5.5150428, "lat": 53.429153, "bearing": 176.67284 }, "geometry": { "type": "LineString", "coordinates": [ [ 667033.530580850318074, 5923956.276778601109982 ], [ 667149.605039495043457, 5921959.647939770482481 ] ] } },
{ "type": "Feature", "properties": { "transect_id": "cl32658s00tr00054840", "lon": 5.5165472, "lat": 53.429173, "bearing": 175.20869 }, "geometry": { "type": "LineString", "coordinates": [ [ 667107.867030281340703, 5923960.350900779478252 ], [ 667274.920222748070955, 5921967.33980424888432 ] ] } },
{ "type": "Feature", "properties": { "transect_id": "cl32658s00tr00054340", "lon": 5.5093951, "lat": 53.428162, "bearing": 136.36305 }, "geometry": { "type": "LineString", "coordinates": [ [ 666030.196924856747501, 5923558.273190681822598 ], [ 667410.369718308211304, 5922110.819198247045279 ] ] } },
{ "type": "Feature", "properties": { "transect_id": "cl32658s00tr00007040", "lon": 5.3787546, "lat": 53.424088, "bearing": 343.19693 }, "geometry": { "type": "LineString", "coordinates": [ [ 658346.425915501546115, 5921126.9052211381495 ], [ 657768.259924673708156, 5923041.513297756202519 ] ] } },
{ "type": "Feature", "properties": { "transect_id": "cl32658s00tr00007140", "lon": 5.3773007, "lat": 53.423859, "bearing": 343.19693 }, "geometry": { "type": "LineString", "coordinates": [ [ 658250.69553068629466, 5921097.996916832402349 ], [ 657672.529507641680539, 5923012.604983721859753 ] ] } },
{ "type": "Feature", "properties": { "transect_id": "cl32658s00tr00007240", "lon": 5.3758469, "lat": 53.423626, "bearing": 343.19693 }, "geometry": { "type": "LineString", "coordinates": [ [ 658154.965113654383458, 5921069.08860280085355 ], [ 657576.799122826545499, 5922983.696679418906569 ] ] } },
{ "type": "Feature", "properties": { "transect_id": "cl32658s00tr00007340", "lon": 5.374393, "lat": 53.423397, "bearing": 343.19693 }, "geometry": { "type": "LineString", "coordinates": [ [ 658059.234712730860338, 5921040.180293631739914 ], [ 657481.068721903138794, 5922954.788370247930288 ] ] } },
{ "type": "Feature", "properties": { "transect_id": "cl32658s00tr00007440", "lon": 5.3729391, "lat": 53.423164, "bearing": 343.19693 }, "geometry": { "type": "LineString", "coordinates": [ [ 657963.504327915725298, 5921011.271989326924086 ], [ 657385.338304871227592, 5922925.880056215450168 ] ] } },
{ "type": "Feature", "properties": { "transect_id": "cl32658s00tr00007540", "lon": 5.3714848, "lat": 53.422935, "bearing": 343.53455 }, "geometry": { "type": "LineString", "coordinates": [ [ 657862.064705710741691, 5920980.889626134186983 ], [ 657295.190046501113102, 5922898.871148657985032 ] ] } },
{ "type": "Feature", "properties": { "transect_id": "cl32658s00tr00007740", "lon": 5.3685727, "lat": 53.422485, "bearing": 343.53455 }, "geometry": { "type": "LineString", "coordinates": [ [ 657670.266584742348641, 5920924.202112572267652 ], [ 657103.39189388952218, 5922842.183625745587051 ] ] } },
{ "type": "Feature", "properties": { "transect_id": "cl32658s00tr00006840", "lon": 5.3816624, "lat": 53.424553, "bearing": 342.88934 }, "geometry": { "type": "LineString", "coordinates": [ [ 658543.004241461399943, 5921186.344381789676845 ], [ 657954.5685143917799, 5923097.821139457635581 ] ] } },
{ "type": "Feature", "properties": { "transect_id": "cl32658s00tr00007640", "lon": 5.3700285, "lat": 53.42271, "bearing": 343.53455 }, "geometry": { "type": "LineString", "coordinates": [ [ 657766.165637315716594, 5920952.545867014676332 ], [ 657199.29097810620442, 5922870.527389539405704 ] ] } },
{ "type": "Feature", "properties": { "transect_id": "cl32658s00tr00006640", "lon": 5.3845658, "lat": 53.425022, "bearing": 342.88934 }, "geometry": { "type": "LineString", "coordinates": [ [ 658734.152317385305651, 5921245.188109072856605 ], [ 658145.715772347757593, 5923156.66461493447423 ] ] } },
{ "type": "Feature", "properties": { "transect_id": "cl32658s00tr00006740", "lon": 5.3831139, "lat": 53.424786, "bearing": 342.88934 }, "geometry": { "type": "LineString", "coordinates": [ [ 658638.578058563638479, 5921215.766177439130843 ], [ 658050.142364229424857, 5923127.242945187725127 ] ] } },
{ "type": "Feature", "properties": { "transect_id": "cl32658s00tr00006940", "lon": 5.3802085, "lat": 53.42432, "bearing": 343.19693 }, "geometry": { "type": "LineString", "coordinates": [ [ 658442.156316425069235, 5921155.813530306331813 ], [ 657863.990325597231276, 5923070.421606925316155 ] ] } },
{ "type": "Feature", "properties": { "transect_id": "cl32658s00tr00005740", "lon": 5.3976245, "lat": 53.427162, "bearing": 342.60788 }, "geometry": { "type": "LineString", "coordinates": [ [ 659598.372689867042936, 5921513.486700042150915 ], [ 659000.55392326717265, 5923422.049699342809618 ] ] } },
{ "type": "Feature", "properties": { "transect_id": "cl32658s00tr00005840", "lon": 5.3961744, "lat": 53.426922, "bearing": 342.60788 }, "geometry": { "type": "LineString", "coordinates": [ [ 659502.944964533438906, 5921483.595892701297998 ], [ 658905.125349821988493, 5923392.15862634871155 ] ] } },
{ "type": "Feature", "properties": { "transect_id": "cl32658s00tr00006040", "lon": 5.3932748, "lat": 53.426441, "bearing": 342.60788 }, "geometry": { "type": "LineString", "coordinates": [ [ 659312.088225095300004, 5921423.813874337822199 ], [ 658714.269491702318192, 5923332.376884039491415 ] ] } },
{ "type": "Feature", "properties": { "transect_id": "cl32658s00tr00006140", "lon": 5.3918247, "lat": 53.426201, "bearing": 342.60788 }, "geometry": { "type": "LineString", "coordinates": [ [ 659216.660075705847703, 5921393.922934170812368 ], [ 658618.841342312749475, 5923302.485943872481585 ] ] } },
{ "type": "Feature", "properties": { "transect_id": "cl32658s00tr00006240", "lon": 5.3903732, "lat": 53.425964, "bearing": 342.88934 }, "geometry": { "type": "LineString", "coordinates": [ [ 659116.447651265189052, 5921362.875311832875013 ], [ 658528.011106227757409, 5923274.351817695423961 ] ] } },
{ "type": "Feature", "properties": { "transect_id": "cl32658s00tr00006340", "lon": 5.3889217, "lat": 53.425728, "bearing": 342.88934 }, "geometry": { "type": "LineString", "coordinates": [ [ 659020.873408811399713, 5921333.453385239467025 ], [ 658432.437681741663255, 5923244.930142907425761 ] ] } },
{ "type": "Feature", "properties": { "transect_id": "cl32658s00tr00006440", "lon": 5.3874698, "lat": 53.425495, "bearing": 342.88934 }, "geometry": { "type": "LineString", "coordinates": [ [ 658925.300000693066977, 5921304.031715490855277 ], [ 658336.863422920112498, 5923215.508211277425289 ] ] } },
{ "type": "Feature", "properties": { "transect_id": "cl32658s00tr00006540", "lon": 5.3860178, "lat": 53.425259, "bearing": 342.88934 }, "geometry": { "type": "LineString", "coordinates": [ [ 658829.725725503638387, 5921274.609778821468353 ], [ 658241.29003116954118, 5923186.086546568199992 ] ] } },
{ "type": "Feature", "properties": { "transect_id": "cl32658s00tr00005940", "lon": 5.3947244, "lat": 53.426682, "bearing": 342.60788 }, "geometry": { "type": "LineString", "coordinates": [ [ 659407.516391088138334, 5921453.704819706268609 ], [ 658809.697624488384463, 5923362.267819005995989 ] ] } },
{ "type": "Feature", "properties": { "transect_id": "cl32658s00tr00007840", "lon": 5.3671165, "lat": 53.42226, "bearing": 343.53455 }, "geometry": { "type": "LineString", "coordinates": [ [ 657574.367516347323544, 5920895.858353453688323 ], [ 657007.492825494497083, 5922813.8398666260764 ] ] } },
{ "type": "Feature", "properties": { "transect_id": "cl32658s00tr00007940", "lon": 5.3656607, "lat": 53.422031, "bearing": 343.53452 }, "geometry": { "type": "LineString", "coordinates": [ [ 657478.468876203871332, 5920867.514720910228789 ], [ 656911.593328848015517, 5922785.495980935171247 ] ] } },
{ "type": "Feature", "properties": { "transect_id": "cl32658s00tr00008140", "lon": 5.3627477, "lat": 53.421581, "bearing": 344.03989 }, "geometry": { "type": "LineString", "coordinates": [ [ 657278.124483761843294, 5920808.628708750940859 ], [ 656728.187828068388626, 5922731.535278170369565 ] ] } },
{ "type": "Feature", "properties": { "transect_id": "cl32658s00tr00008240", "lon": 5.3612885, "lat": 53.421364, "bearing": 344.03989 }, "geometry": { "type": "LineString", "coordinates": [ [ 657181.979172322782688, 5920781.131874618120492 ], [ 656632.042485852609389, 5922704.038435238413513 ] ] } },
{ "type": "Feature", "properties": { "transect_id": "cl32658s00tr00008040", "lon": 5.3642044, "lat": 53.421806, "bearing": 343.53452 }, "geometry": { "type": "LineString", "coordinates": [ [ 657382.56980780872982, 5920839.170961789786816 ], [ 656815.69426045299042, 5922757.152221815660596 ] ] } },
{ "type": "Feature", "properties": { "transect_id": "cl32663s00tr00006659", "lon": 5.1406407, "lat": 53.299618, "bearing": 7.3521276 }, "geometry": { "type": "LineString", "coordinates": [ [ 642525.295966953737661, 5906746.492653942666948 ], [ 642781.22992476564832, 5908730.04951202403754 ] ] } },
{ "type": "Feature", "properties": { "transect_id": "cl32663s00tr00006759", "lon": 5.1391616, "lat": 53.299767, "bearing": 8.0888948 }, "geometry": { "type": "LineString", "coordinates": [ [ 642413.485117653966881, 5906761.823425988666713 ], [ 642694.903788059251383, 5908741.925325373187661 ] ] } },
{ "type": "Feature", "properties": { "transect_id": "cl32663s00tr00006859", "lon": 5.137701, "lat": 53.299969, "bearing": 14.542693 }, "geometry": { "type": "LineString", "coordinates": [ [ 642205.117538420250639, 5906803.606710923835635 ], [ 642707.320198937086388, 5908739.528322913683951 ] ] } },
{ "type": "Feature", "properties": { "transect_id": "cl32663s00tr00006959", "lon": 5.1362209, "lat": 53.300072, "bearing": 351.39249 }, "geometry": { "type": "LineString", "coordinates": [ [ 642506.915417401469313, 5906791.247137782163918 ], [ 642207.585557831800543, 5908768.720686323009431 ] ] } },
{ "type": "Feature", "properties": { "transect_id": "cl32663s00tr00007059", "lon": 5.1347399, "lat": 53.299934, "bearing": 346.71039 }, "geometry": { "type": "LineString", "coordinates": [ [ 642488.879745193640701, 5906788.541629030369222 ], [ 642029.133306741830893, 5908734.982794935815036 ] ] } },
{ "type": "Feature", "properties": { "transect_id": "cl32663s00tr00007159", "lon": 5.1332822, "lat": 53.299721, "bearing": 343.85193 }, "geometry": { "type": "LineString", "coordinates": [ [ 642440.71945731213782, 5906774.749022454954684 ], [ 641884.477732189116068, 5908695.841197034344077 ] ] } },
{ "type": "Feature", "properties": { "transect_id": "cl32663s00tr00006559", "lon": 5.1421247, "lat": 53.299484, "bearing": 6.0138121 }, "geometry": { "type": "LineString", "coordinates": [ [ 642647.796907167765312, 5906732.038758945651352 ], [ 642857.33331872348208, 5908721.032095342874527 ] ] } },
{ "type": "Feature", "properties": { "transect_id": "cl32663s00tr00006159", "lon": 5.1480885, "lat": 53.299091, "bearing": 4.0452042 }, "geometry": { "type": "LineString", "coordinates": [ [ 643080.728574182605371, 5906697.452819210477173 ], [ 643221.815562761737965, 5908692.47022806853056 ] ] } },
{ "type": "Feature", "properties": { "transect_id": "cl32663s00tr00006259", "lon": 5.146595, "lat": 53.299175, "bearing": 3.5394616 }, "geometry": { "type": "LineString", "coordinates": [ [ 642989.727403907105327, 5906703.051097964867949 ], [ 643113.199355786666274, 5908699.236128741875291 ] ] } },
{ "type": "Feature", "properties": { "transect_id": "cl32663s00tr00006359", "lon": 5.1451025, "lat": 53.299267, "bearing": 4.2122569 }, "geometry": { "type": "LineString", "coordinates": [ [ 642878.26748007000424, 5906710.976351364515722 ], [ 643025.170575082185678, 5908705.573924979194999 ] ] } },
{ "type": "Feature", "properties": { "transect_id": "cl32663s00tr00006459", "lon": 5.1436124, "lat": 53.29937, "bearing": 5.1569228 }, "geometry": { "type": "LineString", "coordinates": [ [ 642762.194444137974642, 5906720.755385710857809 ], [ 642941.962058188510127, 5908712.659902734681964 ] ] } },
{ "type": "Feature", "properties": { "transect_id": "cl32663s00tr00007259", "lon": 5.131855, "lat": 53.299446, "bearing": 338.24918 }, "geometry": { "type": "LineString", "coordinates": [ [ 642438.979353807866573, 5906772.955087869428098 ], [ 641697.837458463502117, 5908630.563413369469345 ] ] } },
{ "type": "Feature", "properties": { "transect_id": "cl32663s00tr00006059", "lon": 5.149581, "lat": 53.299004, "bearing": 4.0452042 }, "geometry": { "type": "LineString", "coordinates": [ [ 643180.479444627417251, 5906690.398469805717468 ], [ 643321.566433206666261, 5908685.415878664702177 ] ] } },
{ "type": "Feature", "properties": { "transect_id": "cl32663s00tr00005959", "lon": 5.1510692, "lat": 53.298893, "bearing": 6.3858328 }, "geometry": { "type": "LineString", "coordinates": [ [ 643239.334059415385127, 5906684.68505381513387 ], [ 643461.780467408942059, 5908672.275956283323467 ] ] } },
{ "type": "Feature", "properties": { "transect_id": "cl32663s00tr00005859", "lon": 5.1525502, "lat": 53.298752, "bearing": 9.3767204 }, "geometry": { "type": "LineString", "coordinates": [ [ 643286.787770990049466, 5906679.102023065090179 ], [ 643612.637969344621524, 5908652.378903847187757 ] ] } },
{ "type": "Feature", "properties": { "transect_id": "cl32663s00tr00005759", "lon": 5.1540179, "lat": 53.298565, "bearing": 13.035142 }, "geometry": { "type": "LineString", "coordinates": [ [ 643322.584789888234809, 5906673.987982952035964 ], [ 643773.682048843591474, 5908622.451804263517261 ] ] } },
{ "type": "Feature", "properties": { "transect_id": "cl32655s00tr00009837", "lon": 5.6794996, "lat": 53.425087, "bearing": 160.14645 }, "geometry": { "type": "LineString", "coordinates": [ [ 677692.7106118935626, 5923844.375595206394792 ], [ 678371.944662009482272, 5921963.247979875653982 ] ] } },
{ "type": "Feature", "properties": { "transect_id": "cl32655s00tr00009737", "lon": 5.6780667, "lat": 53.424812, "bearing": 160.14645 }, "geometry": { "type": "LineString", "coordinates": [ [ 677598.654247963335365, 5923810.413904279470444 ], [ 678277.88826089235954, 5921929.286275520920753 ] ] } },
{ "type": "Feature", "properties": { "transect_id": "cl32655s00tr00009537", "lon": 5.6751909, "lat": 53.424286, "bearing": 161.94186 }, "geometry": { "type": "LineString", "coordinates": [ [ 677439.452088403748348, 5923754.778673300519586 ], [ 678059.41580438031815, 5921853.293729664757848 ] ] } },
{ "type": "Feature", "properties": { "transect_id": "cl32655s00tr00009437", "lon": 5.6737413, "lat": 53.424046, "bearing": 164.30455 }, "geometry": { "type": "LineString", "coordinates": [ [ 677383.60760136845056, 5923736.502872026525438 ], [ 677924.655727997538634, 5921811.076445316895843 ] ] } },
{ "type": "Feature", "properties": { "transect_id": "cl32655s00tr00009337", "lon": 5.6722789, "lat": 53.423836, "bearing": 164.30455 }, "geometry": { "type": "LineString", "coordinates": [ [ 677287.336281321709976, 5923709.450461108237505 ], [ 677828.38440795079805, 5921784.02403439860791 ] ] } },
{ "type": "Feature", "properties": { "transect_id": "cl32655s00tr00009237", "lon": 5.6707969, "lat": 53.423683, "bearing": 168.41405 }, "geometry": { "type": "LineString", "coordinates": [ [ 677259.197097652126104, 5923705.713218369521201 ], [ 677660.872792636509985, 5921746.464220396243036 ] ] } },
{ "type": "Feature", "properties": { "transect_id": "cl32655s00tr00009637", "lon": 5.6766338, "lat": 53.424541, "bearing": 160.14645 }, "geometry": { "type": "LineString", "coordinates": [ [ 677504.597865439602174, 5923776.452206640504301 ], [ 678183.831878368626349, 5921895.324577883817255 ] ] } },
{ "type": "Feature", "properties": { "transect_id": "cl32655s00tr00005837", "lon": 5.6242657, "lat": 53.433525, "bearing": 227.23288 }, "geometry": { "type": "LineString", "coordinates": [ [ 675062.771517632878385, 5924384.768304655328393 ], [ 673594.532075293478556, 5923026.728194806724787 ] ] } },
{ "type": "Feature", "properties": { "transect_id": "cl32655s00tr00006737", "lon": 5.6345592, "lat": 53.428333, "bearing": 210.66449 }, "geometry": { "type": "LineString", "coordinates": [ [ 675543.637723114690743, 5924013.68633864633739 ], [ 674523.617723310366273, 5922293.349394905380905 ] ] } },
{ "type": "Feature", "properties": { "transect_id": "cl32655s00tr00006537", "lon": 5.6320291, "lat": 53.429306, "bearing": 210.66452 }, "geometry": { "type": "LineString", "coordinates": [ [ 675371.604392052860931, 5924115.688166007399559 ], [ 674351.583703172625974, 5922395.351630833931267 ] ] } },
{ "type": "Feature", "properties": { "transect_id": "cl32655s00tr00006437", "lon": 5.6308236, "lat": 53.42984, "bearing": 215.74065 }, "geometry": { "type": "LineString", "coordinates": [ [ 675363.420602113357745, 5924123.883877607993782 ], [ 674195.186182523029856, 5922500.545237369835377 ] ] } },
{ "type": "Feature", "properties": { "transect_id": "cl32655s00tr00006337", "lon": 5.6296353, "lat": 53.430393, "bearing": 215.74068 }, "geometry": { "type": "LineString", "coordinates": [ [ 675282.253989624790847, 5924182.295395518653095 ], [ 674114.018956472747959, 5922558.957196831703186 ] ] } },
{ "type": "Feature", "properties": { "transect_id": "cl32655s00tr00006237", "lon": 5.6284575, "lat": 53.43095, "bearing": 221.51065 }, "geometry": { "type": "LineString", "coordinates": [ [ 675280.350484036374837, 5924178.648549877107143 ], [ 673954.831910943845287, 5922680.983529792167246 ] ] } },
{ "type": "Feature", "properties": { "transect_id": "cl32655s00tr00006137", "lon": 5.627368, "lat": 53.431572, "bearing": 221.51065 }, "geometry": { "type": "LineString", "coordinates": [ [ 675205.467249570298009, 5924244.924439013004303 ], [ 673879.948618701193482, 5922747.259470062330365 ] ] } },
{ "type": "Feature", "properties": { "transect_id": "cl32655s00tr00006037", "lon": 5.6262789, "lat": 53.43219, "bearing": 221.51065 }, "geometry": { "type": "LineString", "coordinates": [ [ 675130.583986215991899, 5924311.200353710912168 ], [ 673805.065355347003788, 5922813.535384761169553 ] ] } },
{ "type": "Feature", "properties": { "transect_id": "cl32655s00tr00006637", "lon": 5.6332941, "lat": 53.428818, "bearing": 210.66449 }, "geometry": { "type": "LineString", "coordinates": [ [ 675457.620885315001942, 5924064.6873544678092 ], [ 674437.600885510444641, 5922344.350410727784038 ] ] } },
{ "type": "Feature", "properties": { "transect_id": "cl32655s00tr00006837", "lon": 5.635859, "lat": 53.427883, "bearing": 205.84396 }, "geometry": { "type": "LineString", "coordinates": [ [ 675557.745070255477913, 5924006.555302067659795 ], [ 674685.901341675780714, 5922206.586270962841809 ] ] } },
{ "type": "Feature", "properties": { "transect_id": "cl32655s00tr00006937", "lon": 5.6371875, "lat": 53.42746, "bearing": 205.84396 }, "geometry": { "type": "LineString", "coordinates": [ [ 675647.743514677509665, 5923962.963100912980735 ], [ 674775.899786097812466, 5922162.994069807231426 ] ] } },
{ "type": "Feature", "properties": { "transect_id": "cl32655s00tr00005737", "lon": 5.6232853, "lat": 53.434204, "bearing": 227.23288 }, "geometry": { "type": "LineString", "coordinates": [ [ 674994.869516274775378, 5924458.18028059694916 ], [ 673526.630073935375549, 5923100.140170746482909 ] ] } },
{ "type": "Feature", "properties": { "transect_id": "cl32655s00tr00005937", "lon": 5.625246, "lat": 53.432842, "bearing": 227.23291 }, "geometry": { "type": "LineString", "coordinates": [ [ 675130.673733692499809, 5924311.356096590869129 ], [ 673662.433861950063147, 5922953.316450988873839 ] ] } },
{ "type": "Feature", "properties": { "transect_id": "cl32655s00tr00007337", "lon": 5.6426954, "lat": 53.426025, "bearing": 194.75327 }, "geometry": { "type": "LineString", "coordinates": [ [ 675838.23325326142367, 5923884.086914466693997 ], [ 675328.919038541731425, 5921950.02408439014107 ] ] } },
{ "type": "Feature", "properties": { "transect_id": "cl32655s00tr00007237", "lon": 5.6412859, "lat": 53.426338, "bearing": 200.65045 }, "geometry": { "type": "LineString", "coordinates": [ [ 675841.340290798689239, 5923883.914826011285186 ], [ 675136.008748983964324, 5922012.416117455810308 ] ] } },
{ "type": "Feature", "properties": { "transect_id": "cl32655s00tr00007437", "lon": 5.644135, "lat": 53.425766, "bearing": 194.75327 }, "geometry": { "type": "LineString", "coordinates": [ [ 675934.936397914192639, 5923858.621215688064694 ], [ 675425.622183194500394, 5921924.558385610580444 ] ] } },
{ "type": "Feature", "properties": { "transect_id": "cl32655s00tr00007537", "lon": 5.6455812, "lat": 53.425522, "bearing": 186.72838 }, "geometry": { "type": "LineString", "coordinates": [ [ 675894.527087692869827, 5923861.250360120087862 ], [ 675660.201673577073961, 5921875.024894496425986 ] ] } },
{ "type": "Feature", "properties": { "transect_id": "cl32655s00tr00007637", "lon": 5.6470675, "lat": 53.425385, "bearing": 186.72836 }, "geometry": { "type": "LineString", "coordinates": [ [ 675993.837903461419046, 5923849.534158485010266 ], [ 675759.513407883816399, 5921863.308584493584931 ] ] } },
{ "type": "Feature", "properties": { "transect_id": "cl32655s00tr00008937", "lon": 5.6663079, "lat": 53.423775, "bearing": 187.04735 }, "geometry": { "type": "LineString", "coordinates": [ [ 677284.170012521906756, 5923717.363704921677709 ], [ 677038.790731674409471, 5921732.473529487848282 ] ] } },
{ "type": "Feature", "properties": { "transect_id": "cl32655s00tr00009037", "lon": 5.6677966, "lat": 53.423649, "bearing": 181.21509 }, "geometry": { "type": "LineString", "coordinates": [ [ 677282.076236206572503, 5923714.440666983835399 ], [ 677239.664735025027767, 5921714.890401406213641 ] ] } },
{ "type": "Feature", "properties": { "transect_id": "cl32655s00tr00008837", "lon": 5.6648369, "lat": 53.423958, "bearing": 191.03946 }, "geometry": { "type": "LineString", "coordinates": [ [ 677254.467911149258725, 5923723.376505722291768 ], [ 676871.497827564715408, 5921760.385442297905684 ] ] } },
{ "type": "Feature", "properties": { "transect_id": "cl32655s00tr00007737", "lon": 5.6485562, "lat": 53.42527, "bearing": 175.05615 }, "geometry": { "type": "LineString", "coordinates": [ [ 675889.849887160700746, 5923843.708707214333117 ], [ 676062.208821692503989, 5921851.149448952637613 ] ] } },
{ "type": "Feature", "properties": { "transect_id": "cl32655s00tr00008737", "lon": 5.6633773, "lat": 53.424175, "bearing": 193.02429 }, "geometry": { "type": "LineString", "coordinates": [ [ 677190.468921883730218, 5923736.577368166297674 ], [ 676739.740489119431004, 5921788.028195088729262 ] ] } },
{ "type": "Feature", "properties": { "transect_id": "cl32655s00tr00008637", "lon": 5.6619253, "lat": 53.424412, "bearing": 193.02429 }, "geometry": { "type": "LineString", "coordinates": [ [ 677093.041457296931185, 5923759.113764154724777 ], [ 676642.313024532631971, 5921810.564591077156365 ] ] } },
{ "type": "Feature", "properties": { "transect_id": "cl32655s00tr00008537", "lon": 5.660471, "lat": 53.424641, "bearing": 192.63716 }, "geometry": { "type": "LineString", "coordinates": [ [ 676988.905153571628034, 5923782.62079219520092 ], [ 676551.353031744714826, 5921831.07060306891799 ] ] } },
{ "type": "Feature", "properties": { "transect_id": "cl32655s00tr00007837", "lon": 5.6500587, "lat": 53.425316, "bearing": 175.05617 }, "geometry": { "type": "LineString", "coordinates": [ [ 675989.478314322186634, 5923852.326670275069773 ], [ 676161.836324448348023, 5921859.767332048155367 ] ] } },
{ "type": "Feature", "properties": { "transect_id": "cl32655s00tr00007937", "lon": 5.6515589, "lat": 53.425377, "bearing": 172.23538 }, "geometry": { "type": "LineString", "coordinates": [ [ 676039.944034103071317, 5923857.629527695477009 ], [ 676310.151445426978171, 5921875.966601043008268 ] ] } },
{ "type": "Feature", "properties": { "transect_id": "cl32655s00tr00008037", "lon": 5.6530619, "lat": 53.425377, "bearing": 181.97369 }, "geometry": { "type": "LineString", "coordinates": [ [ 676309.327979817870073, 5923869.629947529174387 ], [ 676240.446434626472183, 5921870.816466302610934 ] ] } },
{ "type": "Feature", "properties": { "transect_id": "cl32655s00tr00008137", "lon": 5.6545601, "lat": 53.425297, "bearing": 184.43385 }, "geometry": { "type": "LineString", "coordinates": [ [ 676452.049869443522766, 5923862.246905976906419 ], [ 676297.433548684930429, 5921868.232414215803146 ] ] } },
{ "type": "Feature", "properties": { "transect_id": "cl32655s00tr00008237", "lon": 5.6560507, "lat": 53.425179, "bearing": 187.0287 }, "geometry": { "type": "LineString", "coordinates": [ [ 676596.618328975513577, 5923848.094958115369081 ], [ 676351.885379757964984, 5921863.12498767208308 ] ] } },
{ "type": "Feature", "properties": { "transect_id": "cl32655s00tr00008337", "lon": 5.6575332, "lat": 53.425026, "bearing": 188.51915 }, "geometry": { "type": "LineString", "coordinates": [ [ 676721.495528655475937, 5923831.279705901630223 ], [ 676425.215746560599655, 5921853.34687318932265 ] ] } },
{ "type": "Feature", "properties": { "transect_id": "cl32655s00tr00008437", "lon": 5.6590075, "lat": 53.424847, "bearing": 190.63857 }, "geometry": { "type": "LineString", "coordinates": [ [ 676856.650926586939022, 5923809.04160956852138 ], [ 676487.425317598506808, 5921843.418947491794825 ] ] } },
{ "type": "Feature", "properties": { "transect_id": "cl32655s00tr00009137", "lon": 5.6692982, "lat": 53.423615, "bearing": 174.47717 }, "geometry": { "type": "LineString", "coordinates": [ [ 677264.525331005221233, 5923710.036843972280622 ], [ 677457.010148747591302, 5921719.320994097739458 ] ] } },
{ "type": "Feature", "properties": { "transect_id": "cl32655s00tr00007137", "lon": 5.6398988, "lat": 53.426685, "bearing": 200.65045 }, "geometry": { "type": "LineString", "coordinates": [ [ 675747.765351289417595, 5923919.181392272934318 ], [ 675042.43380947469268, 5922047.682683718390763 ] ] } },
{ "type": "Feature", "properties": { "transect_id": "cl32655s00tr00007037", "lon": 5.6385164, "lat": 53.42704, "bearing": 205.84396 }, "geometry": { "type": "LineString", "coordinates": [ [ 675737.741959099890664, 5923919.370899757370353 ], [ 674865.898230519960634, 5922119.401868651621044 ] ] } },
{ "type": "Feature", "properties": { "transect_id": "cl32658s00tr00009240", "lon": 5.3467002, "lat": 53.41917, "bearing": 343.95239 }, "geometry": { "type": "LineString", "coordinates": [ [ 656222.241700768470764, 5920505.719558839686215 ], [ 655669.369560147053562, 5922427.784176931716502 ] ] } },
{ "type": "Feature", "properties": { "transect_id": "cl32658s00tr00009340", "lon": 5.3452415, "lat": 53.418953, "bearing": 343.95242 }, "geometry": { "type": "LineString", "coordinates": [ [ 656126.138029007008299, 5920478.075865575112402 ], [ 655573.266748539404944, 5922400.140731086023152 ] ] } },
{ "type": "Feature", "properties": { "transect_id": "cl32658s00tr00009440", "lon": 5.3437829, "lat": 53.418732, "bearing": 343.95242 }, "geometry": { "type": "LineString", "coordinates": [ [ 656030.034787322510965, 5920450.432296020910144 ], [ 655477.16350685490761, 5922372.497161529958248 ] ] } },
{ "type": "Feature", "properties": { "transect_id": "cl32658s00tr00009540", "lon": 5.3423247, "lat": 53.418514, "bearing": 343.95242 }, "geometry": { "type": "LineString", "coordinates": [ [ 655933.931530174217187, 5920422.788722017779946 ], [ 655381.060280633973889, 5922344.853596425615251 ] ] } },
{ "type": "Feature", "properties": { "transect_id": "cl32658s00tr00009640", "lon": 5.3408661, "lat": 53.418293, "bearing": 343.95242 }, "geometry": { "type": "LineString", "coordinates": [ [ 655837.828303953399882, 5920395.145156911574304 ], [ 655284.957023485680111, 5922317.210022422485054 ] ] } },
{ "type": "Feature", "properties": { "transect_id": "cl32658s00tr00009740", "lon": 5.3394074, "lat": 53.418072, "bearing": 343.95239 }, "geometry": { "type": "LineString", "coordinates": [ [ 655741.72547688218765, 5920367.501706616953015 ], [ 655188.853367187897675, 5922289.56633360683918 ] ] } },
{ "type": "Feature", "properties": { "transect_id": "cl32658s00tr00009140", "lon": 5.3481588, "lat": 53.419392, "bearing": 343.95242 }, "geometry": { "type": "LineString", "coordinates": [ [ 656318.344512376119383, 5920533.363004684448242 ], [ 655765.473231908516027, 5922455.427870195358992 ] ] } },
{ "type": "Feature", "properties": { "transect_id": "cl32658s00tr00009840", "lon": 5.3379493, "lat": 53.417854, "bearing": 343.95242 }, "geometry": { "type": "LineString", "coordinates": [ [ 655645.621820584172383, 5920339.858017802238464 ], [ 655092.750540116569027, 5922261.922883314080536 ] ] } },
{ "type": "Feature", "properties": { "transect_id": "cl32658s00tr00009040", "lon": 5.349617, "lat": 53.419613, "bearing": 343.95242 }, "geometry": { "type": "LineString", "coordinates": [ [ 656414.447738597053103, 5920561.006569791585207 ], [ 655861.576489056809805, 5922483.071444198489189 ] ] } },
{ "type": "Feature", "properties": { "transect_id": "cl32658s00tr00008340", "lon": 5.3598289, "lat": 53.421146, "bearing": 344.03989 }, "geometry": { "type": "LineString", "coordinates": [ [ 657085.833830106887035, 5920753.635031684301794 ], [ 656535.897174413315952, 5922676.541601106524467 ] ] } },
{ "type": "Feature", "properties": { "transect_id": "cl32658s00tr00008840", "lon": 5.3525343, "lat": 53.420052, "bearing": 343.95242 }, "geometry": { "type": "LineString", "coordinates": [ [ 656606.654237429844216, 5920616.293713348917663 ], [ 656053.78295696224086, 5922538.358578859828413 ] ] } },
{ "type": "Feature", "properties": { "transect_id": "cl32658s00tr00008940", "lon": 5.3510756, "lat": 53.41983, "bearing": 343.95242 }, "geometry": { "type": "LineString", "coordinates": [ [ 656510.550995745346881, 5920588.650143793784082 ], [ 655957.679715277743526, 5922510.715009302832186 ] ] } },
{ "type": "Feature", "properties": { "transect_id": "cl32658s00tr00008440", "lon": 5.3583698, "lat": 53.420929, "bearing": 344.03989 }, "geometry": { "type": "LineString", "coordinates": [ [ 656989.688518667826429, 5920726.138197555206716 ], [ 656439.75183219765313, 5922649.044758175499737 ] ] } },
{ "type": "Feature", "properties": { "transect_id": "cl32658s00tr00008540", "lon": 5.3569107, "lat": 53.420708, "bearing": 344.03986 }, "geometry": { "type": "LineString", "coordinates": [ [ 656893.543622293975204, 5920698.641482130624354 ], [ 656343.60607491643168, 5922621.547796536237001 ] ] } },
{ "type": "Feature", "properties": { "transect_id": "cl32658s00tr00008640", "lon": 5.3554516, "lat": 53.42049, "bearing": 344.03989 }, "geometry": { "type": "LineString", "coordinates": [ [ 656797.39784962462727, 5920671.14451608993113 ], [ 656247.461193931056187, 5922594.051085511222482 ] ] } },
{ "type": "Feature", "properties": { "transect_id": "cl32658s00tr00008740", "lon": 5.3539929, "lat": 53.420273, "bearing": 343.95242 }, "geometry": { "type": "LineString", "coordinates": [ [ 656702.75747911434155, 5920643.937282904051244 ], [ 656149.886198646854609, 5922566.002148413099349 ] ] } },
{ "type": "Feature", "properties": { "transect_id": "cl32658s00tr00010540", "lon": 5.3277502, "lat": 53.41629, "bearing": 343.22903 }, "geometry": { "type": "LineString", "coordinates": [ [ 654985.723264898755588, 5920147.497733784839511 ], [ 654408.630151411402039, 5922062.429465821944177 ] ] } },
{ "type": "Feature", "properties": { "transect_id": "cl32658s00tr00010640", "lon": 5.3262963, "lat": 53.416058, "bearing": 343.22903 }, "geometry": { "type": "LineString", "coordinates": [ [ 654889.976683630957268, 5920118.64306041225791 ], [ 654312.88357014360372, 5922033.574792450293899 ] ] } },
{ "type": "Feature", "properties": { "transect_id": "cl32658s00tr00010740", "lon": 5.3248429, "lat": 53.415829, "bearing": 343.229 }, "geometry": { "type": "LineString", "coordinates": [ [ 654794.230545334983617, 5920089.788520535454154 ], [ 654217.136545903864317, 5922004.719985578209162 ] ] } },
{ "type": "Feature", "properties": { "transect_id": "cl32658s00tr00010840", "lon": 5.3233895, "lat": 53.415596, "bearing": 343.22903 }, "geometry": { "type": "LineString", "coordinates": [ [ 654698.48353717662394, 5920060.933718509972095 ], [ 654121.39039152674377, 5921975.865440854802728 ] ] } },
{ "type": "Feature", "properties": { "transect_id": "cl32658s00tr00010440", "lon": 5.3292036, "lat": 53.416523, "bearing": 343.229 }, "geometry": { "type": "LineString", "coordinates": [ [ 655081.47027305723168, 5920176.352535810321569 ], [ 654504.376305788522586, 5922091.284010548144579 ] ] } },
{ "type": "Feature", "properties": { "transect_id": "cl32658s00tr00010340", "lon": 5.330657, "lat": 53.416752, "bearing": 343.95242 }, "geometry": { "type": "LineString", "coordinates": [ [ 655165.105612161336467, 5920201.640170029364526 ], [ 654612.234331693733111, 5922123.705035541206598 ] ] } },
{ "type": "Feature", "properties": { "transect_id": "cl32658s00tr00010240", "lon": 5.3321157, "lat": 53.416973, "bearing": 343.95239 }, "geometry": { "type": "LineString", "coordinates": [ [ 655261.209268459235318, 5920229.2838588450104 ], [ 654708.337158764945343, 5922151.348485834896564 ] ] } },
{ "type": "Feature", "properties": { "transect_id": "cl32658s00tr00009940", "lon": 5.3364906, "lat": 53.417633, "bearing": 343.95242 }, "geometry": { "type": "LineString", "coordinates": [ [ 655549.518578899675049, 5920312.214448248036206 ], [ 654996.647298432071693, 5922234.279313758946955 ] ] } },
{ "type": "Feature", "properties": { "transect_id": "cl32658s00tr00010040", "lon": 5.3350325, "lat": 53.417412, "bearing": 343.95242 }, "geometry": { "type": "LineString", "coordinates": [ [ 655453.4153372150613, 5920284.570878692902625 ], [ 654900.544056747574359, 5922206.635744203813374 ] ] } },
{ "type": "Feature", "properties": { "transect_id": "cl32658s00tr00010140", "lon": 5.3335738, "lat": 53.417194, "bearing": 343.95242 }, "geometry": { "type": "LineString", "coordinates": [ [ 655357.312095530563965, 5920256.927309138700366 ], [ 654804.440815062844194, 5922178.992174649611115 ] ] } }
]
}
